frame,axis_0_2,axis_1_3,correct_force_0_2,correct_force_1_3,cycle,strain_x,strain_y,stress_x_mpa,stress_y_mpa,lambda_clamps_X,lambda_clamps_Y,mean_stress_x_mpa,mean_stress_y_mpa,file,lambda_DIC_F_xx,labmda_DIC_F_yy,mean_lambda_DIC_F_xx,mean_labmda_DIC_F_yy
1,0.0,0.0,-0.0079263820470717,-0.0034594270249288,1,0.0,0.0,-0.0012581558804875,-0.0005491154007823,1.0,1.0,-0.0012581558804875,-0.0005491154007823,data0.csv,1.0,1.0,1.0,1.0
2,0.04,0.04,0.006468096080165,-0.0024745955285326,1,0.5714285714285714,0.5714285714285714,0.0010266819174865,-0.0003927929410369,1.0057142857142858,1.0057142857142858,-0.0053647807978678,-0.0004594002828578,data1.csv,1.0011863928842608,1.0035622107396218,1.0105097256024087,0.9955891111202787
3,0.08,0.08,0.0120879440665154,0.0012975668132823,1,1.1428571428571428,1.1428571428571428,0.0019187212803992,0.0002059629862352,1.0114285714285711,1.0114285714285711,-0.0049185053209996,-0.0001341230706228,data2.csv,1.000670184346369,1.001364713242252,1.0102770373996952,0.9944309113964864
4,0.12,0.12,0.0188201970443349,-0.0009627365654892,1,1.7142857142857142,1.7142857142857142,0.0029873328641801,-0.0001528153278554,1.0171428571428571,1.0171428571428571,-0.0044641742180056,-0.0001907750016349,data3.csv,1.0010677250416715,1.003509418993493,1.0107418560932833,0.995612823759817
5,0.16,0.16,0.0259661375661375,0.000835961619034,1,2.2857142857142856,2.2857142857142856,0.0041216091374821,0.0001326923204815,1.022857142857143,1.022857142857143,-0.0040388794665223,0.0001760205589953,data4.csv,1.0019709988893102,1.0060403929150574,1.0111235278939805,0.9973035677960523
6,0.2,0.2,0.0328394656287376,-0.0033423845006578,1,2.857142857142857,2.857142857142857,0.0052126135918631,-0.0005305372223266,1.0285714285714285,1.0285714285714285,-0.0034329744239736,-0.0005653375620835,data5.csv,1.0018720973258344,1.0058551297667582,1.0119127573971367,0.997239978506727
7,0.24,0.24,0.0396433862433862,-0.0007776387153804,1,3.4285714285714284,3.4285714285714284,0.0062926009910136,-0.000123434716727,1.0342857142857145,1.0342857142857145,-0.0029058174994135,-5.008522516225397e-05,data6.csv,1.0027335303593614,1.0075004865092485,1.012504777498421,0.9985574078463133
8,0.28,0.28,0.0454319727891156,-0.0001413396016582,1,4.000000000000001,4.000000000000001,0.0072114242522405,-2.243485740606349e-05,1.04,1.04,-0.0023967025233738,-0.0003308161190505,data7.csv,1.0031666882395314,1.008183367515642,1.0127215110305117,0.9997747180709831
9,0.32,0.32,0.0536612433862433,0.0010613779296323,1,4.571428571428571,4.571428571428571,0.008517657680356,0.0001684726872432,1.0457142857142858,1.0457142857142858,-0.0017873530638309,-0.0001226647594676,data8.csv,1.003432788738014,1.0098786067567629,1.0125832507724835,1.0013167623402666
10,0.36,0.36,0.0622394433294816,-0.0005463123190598,1,5.142857142857143,5.142857142857143,0.0098792767189653,-8.671624112060318e-05,1.0514285714285714,1.0514285714285714,-0.0011592841339976,-0.0001879289189186,data9.csv,1.0038416964492185,1.0091699752769403,1.0137787054256218,1.001580343434034
11,0.4,0.4,0.0720853741496598,-0.0012695218343214,1,5.714285714285714,5.714285714285714,0.0114421228808983,-0.0002015114022732,1.0571428571428572,1.0571428571428572,-0.0004250587786048,-0.0002687241418609,data10.csv,1.004218215491214,1.011730709080822,1.0139627652126486,1.0036983978030172
12,0.44,0.44,0.0828292282430213,0.0023356986748466,1,6.285714285714286,6.285714285714286,0.0131474965465113,0.0003707458214042,1.062857142857143,1.062857142857143,0.0003240632140467,1.465386404415e-05,data11.csv,1.0045947970194964,1.0128708511630344,1.0137093146063387,1.0045235764849765
13,0.48,0.48,0.0992540047436599,0.0044615112488134,1,6.857142857142857,6.857142857142857,0.015754603927565,0.0007081763887005,1.0685714285714285,1.0685714285714285,0.0016467841344677,0.000335065720882,data12.csv,1.0049125429659642,1.0139878585425826,1.0147417968792856,1.0058958027486617
14,0.52,0.52,0.1198912698412698,0.0029630165573024,1,7.428571428571429,7.428571428571429,0.019030360292265,0.0004703200884606,1.0742857142857145,1.0742857142857145,0.0031370877275072,-0.000118045015911,data13.csv,1.005989423769614,1.015081759448885,1.0155066768373309,1.0070552863662017
15,0.56,0.56,0.1505331882573818,0.0025279594701372,1,8.000000000000002,8.000000000000002,0.023894156866251,0.0004012634079582,1.08,1.08,0.005441661451518,8.277691280275001e-05,data14.csv,1.0062416205442577,1.013057783061473,1.016035488757451,1.006795554392355
16,0.6,0.6,0.1957954429083461,0.0012503471810655,1,8.571428571428571,8.571428571428571,0.0310786417314835,0.0001984678065183,1.0857142857142856,1.0857142857142856,0.0088950149952454,-2.377965361470001e-05,data15.csv,1.0077810121401136,1.0174883453750811,1.0169732483602545,1.0091771673968593
17,0.64,0.64,0.2697139971139971,0.0009420274724612,1,9.142857142857142,9.142857142857142,0.0428117455736503,0.0001495281702319,1.0914285714285714,1.0914285714285714,0.0145262521555038,5.153553140310873e-05,data16.csv,1.0083422230985173,1.017429023007574,1.017347069205341,1.0094866878411803
18,0.68,0.68,0.3852887155628535,7.924762446856732e-05,1,9.714285714285714,9.714285714285714,0.0611569389782307,1.2578988010883702e-05,1.0971428571428572,1.0971428571428572,0.0234285802836706,-6.350564787120815e-05,data17.csv,1.010627907451697,1.0179746214268468,1.0189610153342832,1.0094872299796371
19,0.72,0.72,0.5185024630541872,0.0002534580602798,1,10.285714285714286,10.285714285714286,0.0823019782625694,4.02314381396508e-05,1.1028571428571428,1.1028571428571428,0.0336517124091016,-0.0001052423810856,data18.csv,1.0140815183815066,1.018776519381044,1.021025815869101,1.0094316867804332
20,0.76,0.76,0.6690216931216931,-0.000370976277577,1,10.857142857142858,10.857142857142858,0.1061939195431259,-5.888512342492064e-05,1.1085714285714283,1.1085714285714283,0.045156630553456,-2.071335999872222e-05,data19.csv,1.016000894245939,1.0166139296866883,1.0233587809888363,1.0100738686443518
21,0.8,0.8,0.8342132275132276,-0.0017656659873193,1,11.428571428571429,11.428571428571429,0.1324147980179726,-0.0002802644424316,1.1142857142857143,1.1142857142857143,0.0576536158098829,-0.0003940100878067,data20.csv,1.017969322086112,1.014571328173656,1.024028423859066,1.0064332350219598
22,0.84,0.84,1.006234126984127,-0.0009721054616459,1,12.0,12.0,0.1597197026958932,-0.0001543024542295,1.12,1.12,0.0705136467102806,0.0001172122230592,data21.csv,1.020893811880148,1.0135138955844212,1.0255625870580807,1.0057963814840285
23,0.88,0.88,1.1832074074074077,-0.0025976696199772,1,12.571428571428571,12.571428571428571,0.1878106995884774,-0.0004123285111074,1.1257142857142857,1.1257142857142857,0.0846106072058453,-0.0003142330409347,data22.csv,1.0230439068160362,1.0116348525830168,1.028697639061082,1.0061933421630296
24,0.92,0.92,1.360366721401204,-0.0010383515534727,1,13.142857142857142,13.142857142857142,0.2159312256192387,-0.0001648177069004,1.1314285714285717,1.1314285714285717,0.1009103302027494,-5.367835903949999e-06,data23.csv,1.0260335389690003,1.008499578028473,1.0305602458558902,1.004461548916447
25,0.96,0.96,1.5506425925925926,-0.0024985638451025,1,13.714285714285714,13.714285714285714,0.2461337448559671,-0.0003965974357305,1.137142857142857,1.137142857142857,0.1201676744771983,-0.0004629858681345,data24.csv,1.0282013247843378,1.0057050998851913,1.0325390913693195,1.00228072398025
26,1.0,1.0,1.7576374485596709,-0.0028128151067974,1,14.285714285714286,14.285714285714286,0.2789900711999477,-0.0004464785883805,1.1428571428571428,1.1428571428571428,0.1416354492366928,-0.000484460127072,data25.csv,1.0312729171764266,1.002086836410299,1.035127109220026,0.9990514270816456
27,1.04,1.04,1.9555179894179893,-0.0039126945227294,1,14.857142857142858,14.857142857142858,0.3103996808599982,-0.0006210626226554,1.1485714285714286,1.1485714285714286,0.1634825443161512,-0.0003343305392445,data26.csv,1.0346550751556438,0.9982217075744658,1.0385071338506475,0.995593223676833
28,1.08,1.08,2.154590311986864,0.0024968373916485,1,15.428571428571429,15.428571428571429,0.3419984622201372,0.0003963233954997,1.1542857142857144,1.1542857142857144,0.18579245619065,7.59805693127e-05,data27.csv,1.0370092378198106,0.9954751859874676,1.0410345661225373,0.9925774434074699
29,1.12,1.12,2.362402645502645,-7.163863508128302e-05,1,16.000000000000004,16.000000000000004,0.3749845469051818,-1.1371211917663973e-05,1.16,1.16,0.2098149892992531,-4.549359363546886e-06,data28.csv,1.0405035557146174,0.9915851177189609,1.0440301147185753,0.9889265892702499
30,1.16,1.16,2.5679296661193214,-0.0034779739365603,1,16.57142857142857,16.57142857142857,0.4076078835110034,-0.0005520593550095,1.1657142857142857,1.1657142857142857,0.2343076088247133,-0.0004153375915369,data29.csv,1.0439460595357872,0.9871022352523668,1.0473647685945298,0.9848752548079789
31,1.2,1.2,2.782484656084656,-0.0005930826777918,1,17.142857142857142,17.142857142857142,0.4416642311245486,-9.4140107586e-05,1.1714285714285717,1.1714285714285717,0.2604954112764731,-0.0004158711937248,data30.csv,1.0474517894737354,0.9826048890526052,1.0510371310951223,0.9802262463726328
32,1.24,1.24,3.008268627987593,0.0005403982976532,1,17.714285714285715,17.714285714285715,0.4775029568234275,8.5777507564e-05,1.177142857142857,1.177142857142857,0.2883702530820757,4.661631637775036e-05,data31.csv,1.0501409149800447,0.9793027573255468,1.0540126446921643,0.9764301996454952
33,1.28,1.28,3.2391622879036674,-0.0004815703145317,1,18.285714285714285,18.285714285714285,0.5141527441116932,-7.643973246534922e-05,1.1828571428571428,1.1828571428571428,0.3177141061618346,-0.0001466268289198,data32.csv,1.0539960358818363,0.9748899978232848,1.0573595967956506,0.972637638409408
34,1.32,1.32,3.4839538619816395,-0.0024884438892175,1,18.857142857142858,18.857142857142858,0.5530085495208951,-0.0003949910935265,1.1885714285714286,1.1885714285714286,0.3487708002690365,-0.0003710514616388,data33.csv,1.0579334910979603,0.9700954708722288,1.0613020294688966,0.9682745935559671
35,1.36,1.36,3.728246031746032,0.0009726342864084,1,19.428571428571427,19.428571428571427,0.5917850844041321,0.000154386394668,1.1942857142857144,1.1942857142857144,0.3818628639195142,-0.0001299727951154,data34.csv,1.0622160719999594,0.9654489633049242,1.0651480015070693,0.9636514155684417
36,1.4,1.4,3.9575355774493706,-0.0030579085263302,1,20.0,20.0,0.628180250388789,-0.0004853823057666,1.2,1.2,0.4138747056932607,-0.0002570002801477,data35.csv,1.0648533731406895,0.9622285821612916,1.0683194722686271,0.9596965192195008
37,1.44,1.44,4.197398677248677,-0.0008891235288514,1,20.571428571428573,20.571428571428573,0.6662537582934409,-0.0001411307188653,1.2057142857142855,1.2057142857142855,0.4485158940119257,-1.2623342546749996e-05,data36.csv,1.0689899660433115,0.9579997554406696,1.0716252037909557,0.9561513982664624
38,1.48,1.48,4.450357642563199,-0.0035828500803695,1,21.142857142857142,21.142857142857142,0.7064059750100318,-0.0005687063619634,1.2114285714285713,1.2114285714285713,0.4852596726585518,-0.0005245628537628,data37.csv,1.073025518144798,0.953830183941396,1.075500590220246,0.9519286214085434
39,1.52,1.52,4.707792282430213,-0.0014650682699431,1,21.714285714285715,21.714285714285715,0.747268616258764,-0.0002325505190385,1.217142857142857,1.217142857142857,0.5240270392959226,-0.0001110910888763,data38.csv,1.077315804346332,0.9495936127308288,1.0795915540018735,0.9479429552811081
40,1.56,1.56,4.978953968253968,-0.0019079239152829,1,22.285714285714285,22.285714285714285,0.7903101536911061,-0.0003028450659179,1.2228571428571429,1.2228571428571429,0.56537878978752,-0.0003207123432003,data39.csv,1.0804211287876735,0.9466617878437786,1.0828230955942886,0.9445615318419006
41,1.6,1.6,5.259855555555556,-0.0041872649047695,1,22.857142857142858,22.857142857142858,0.8348977072310407,-0.0006646452229792,1.2285714285714286,1.2285714285714286,0.6097114316991166,-0.0004214065102274,data40.csv,1.08483368160144,0.94278494882602,1.0862909155182257,0.9413297059058323
42,1.64,1.64,5.550059507389163,0.0021043020921583,1,23.428571428571427,23.428571428571427,0.8809618265697085,0.0003340162051044,1.2342857142857142,1.2342857142857142,0.6558650943921394,0.0001688418398413,data41.csv,1.0889964680316515,0.9394770474960848,1.0903144541893361,0.9381254605981011
43,1.68,1.68,5.8644584656084655,-0.0017620477816762,1,24.0,24.0,0.9308664231124548,-0.0002796901240755,1.24,1.24,0.7091249895019736,-0.0001213509906103,data42.csv,1.0920522638573775,0.9371122863551284,1.0938653789606636,0.935568219269862
44,1.72,1.72,6.189252873563219,-0.002965265436388,1,24.571428571428573,24.571428571428573,0.9824210910417808,-0.0004706770533949,1.2457142857142858,1.2457142857142858,0.7645525885961026,-0.0004280558613512,data43.csv,1.0963623717211812,0.934533592148364,1.097185729461356,0.9333636140367472
45,1.76,1.76,6.540593650793651,-0.00450231511035,1,25.142857142857142,25.142857142857142,1.0381894683799446,-0.000714653192119,1.2514285714285711,1.2514285714285711,0.8249213487864282,-0.0006756495729086,data44.csv,1.1002439419744754,0.9325152122931564,1.1009786346020696,0.9311909773940099
46,1.8,1.8,6.938390711346266,-0.0029867185592438,1,25.714285714285715,25.714285714285715,1.101331858943852,-0.000474082310991,1.2571428571428571,1.2571428571428571,0.8937346194547611,-0.0003837368993788,data45.csv,1.1036923799428688,0.931082697057982,1.1044775681586199,0.9296016798369657
47,1.84,1.84,7.3891097427476735,-0.0025631143130012,1,26.285714285714285,26.285714285714285,1.1728745623409005,-0.0004068435417462,1.262857142857143,1.262857142857143,0.9765172761313976,-0.0002249887033992,data46.csv,1.1061239466990034,0.9303950159717376,1.1073514906833275,0.9286359140269929
48,1.88,1.88,7.878918518518519,-0.002416098142881,1,26.857142857142858,26.857142857142858,1.2506219870664317,-0.0003835076417271,1.268571428571429,1.268571428571429,1.0742881498278325,-2.4618433287700004e-05,data47.csv,1.109214449342974,0.929765996148912,1.1094652712795756,0.9283298643333028
49,1.92,1.92,8.434460846560846,-0.0018988141183337,1,27.428571428571427,27.428571428571427,1.338803308977912,-0.0003013990664021,1.2742857142857142,1.2742857142857142,1.191896571996189,-0.0003280559862623,data48.csv,1.1116652997263226,0.929792201865877,1.1118806048781784,0.9285849378821627
50,1.96,1.96,8.98598166392994,-0.0018790235305058,1,28.0,28.0,1.426346295861895,-0.0002982577032548,1.28,1.28,1.3247015485916234,-0.0002137207170927,data49.csv,1.1141096077133867,0.9298154362271316,1.1141667498137033,0.9291227045570606
51,2.0,2.0,9.081376984126983,-0.0032703620051809,1,28.571428571428573,28.571428571428573,1.4414884101788863,-0.0005191050801874,1.2857142857142858,1.2857142857142858,1.4414884101788863,-0.0005191050801874,data50.csv,1.115693658948165,0.9296633040384198,1.115693658948165,0.9296633040384198
52,1.96,1.96,7.705257848324515,-0.0008138575048639,1,28.0,28.0,1.2230568013213516,-0.0001291837309307,1.28,1.28,1.3247015485916234,-0.0002137207170927,data51.csv,1.11422389191402,0.9284299728869896,1.1141667498137033,0.9291227045570606
53,1.92,1.92,6.5834359605911335,-0.0022346913085725,1,27.428571428571427,27.428571428571427,1.0449898350144655,-0.0003547129061226,1.2742857142857142,1.2742857142857142,1.191896571996189,-0.0003280559862623,data52.csv,1.112095910030034,0.9273776738984484,1.1118806048781784,0.9285849378821627
54,1.88,1.88,5.657112169312169,0.0021059058834559,1,26.857142857142858,26.857142857142858,0.8979543125892333,0.0003342707751517,1.268571428571429,1.268571428571429,1.0742881498278325,-2.4618433287700004e-05,data53.csv,1.1097160932161771,0.9268937325176936,1.1094652712795756,0.9283298643333028
55,1.84,1.84,4.915007936507936,-0.0002717433498293,1,26.285714285714285,26.285714285714285,0.7801599899218946,-4.313386505226984e-05,1.262857142857143,1.262857142857143,0.9765172761313976,-0.0002249887033992,data54.csv,1.1085790346676516,0.926876812082248,1.1073514906833275,0.9286359140269929
56,1.8,1.8,4.32266549378372,-0.00184836637293,1,25.714285714285715,25.714285714285715,0.6861373799656699,-0.0002933914877666,1.2571428571428571,1.2571428571428571,0.8937346194547611,-0.0003837368993788,data55.csv,1.105262756374371,0.9281206626159496,1.1044775681586199,0.9296016798369657
57,1.76,1.76,3.853415343915344,-0.0040108695082988,1,25.142857142857142,25.142857142857142,0.6116532291929118,-0.0006366459536982,1.2514285714285711,1.2514285714285711,0.8249213487864282,-0.0006756495729086,data56.csv,1.101713327229664,0.9298667424948636,1.1009786346020696,0.9311909773940099
58,1.72,1.72,3.4441097427476737,-0.0024282384166379,1,24.571428571428573,24.571428571428573,0.5466840861504244,-0.0003854346693076,1.2457142857142858,1.2457142857142858,0.7645525885961026,-0.0004280558613512,data57.csv,1.098009087201531,0.9321936359251304,1.097185729461356,0.9333636140367472
59,1.68,1.68,3.070516402116402,0.0002330252999855,1,24.0,24.0,0.4873835558914924,3.698814285484127e-05,1.24,1.24,0.7091249895019736,-0.0001213509906103,data58.csv,1.0956784940639497,0.9340241521845956,1.0938653789606636,0.935568219269862
60,1.64,1.64,2.713840681951793,2.3105089842905745e-05,1,23.428571428571427,23.428571428571427,0.4307683622145703,3.6674745782390072e-06,1.2342857142857142,1.2342857142857142,0.6558650943921394,0.0001688418398413,data59.csv,1.091632440347021,0.9367738737001174,1.0903144541893361,0.9381254605981011
61,1.6,1.6,2.422508483853312,-0.0011224571240966,1,22.857142857142858,22.857142857142858,0.3845251561671923,-0.0001781677974756,1.2285714285714286,1.2285714285714286,0.6097114316991166,-0.0004214065102274,data60.csv,1.0877481494350116,0.9398744629856446,1.0862909155182257,0.9413297059058323
62,1.56,1.56,2.144818783068783,-0.0021330516090424,1,22.285714285714285,22.285714285714285,0.3404474258839338,-0.0003385796204829,1.2228571428571429,1.2228571428571429,0.56537878978752,-0.0003207123432003,data61.csv,1.0852250624009037,0.9424612758400226,1.0828230955942886,0.9445615318419006
63,1.52,1.52,1.8949484126984129,6.532055010039313e-05,1,21.714285714285715,21.714285714285715,0.3007854623330814,1.0368341285776686e-05,1.217142857142857,1.217142857142857,0.5240270392959226,-0.0001110910888763,data62.csv,1.081867303657415,0.9462922978313874,1.0795915540018735,0.9479429552811081
64,1.48,1.48,1.663914232934553,-0.0030266418770431,1,21.142857142857142,21.142857142857142,0.2641133703070719,-0.0004804193455623,1.2114285714285713,1.2114285714285713,0.4852596726585518,-0.0005245628537628,data63.csv,1.077975662295694,0.9500270588756908,1.075500590220246,0.9519286214085434
65,1.44,1.44,1.453901587301587,0.0007300694127627,1,20.571428571428573,20.571428571428573,0.2307780297304106,0.0001158840337718,1.2057142857142855,1.2057142857142855,0.4485158940119257,-1.2623342546749996e-05,data64.csv,1.0742604415385997,0.9543030410922554,1.0716252037909557,0.9561513982664624
66,1.4,1.4,1.2572857142857143,-0.0001802950035317,1,20.0,20.0,0.1995691609977324,-2.861825452884127e-05,1.2,1.2,0.4138747056932607,-0.0002570002801477,data65.csv,1.0717855713965645,0.95716445627771,1.0683194722686271,0.9596965192195008
67,1.36,1.36,1.0832260536398468,-0.0026102915048631,1,19.428571428571427,19.428571428571427,0.1719406434348963,-0.0004143319848989,1.1942857142857144,1.1942857142857144,0.3818628639195142,-0.0001299727951154,data66.csv,1.068079931014179,0.9618538678319593,1.0651480015070693,0.9636514155684417
68,1.32,1.32,0.9105582214082214,-0.002186804527432,1,18.857142857142858,18.857142857142858,0.144533051017178,-0.0003471118297511,1.1885714285714286,1.1885714285714286,0.3487708002690365,-0.0003710514616388,data67.csv,1.0646705678398327,0.9664537162397056,1.0613020294688966,0.9682745935559671
69,1.28,1.28,0.7640354497354498,-0.0013659277298583,1,18.285714285714285,18.285714285714285,0.1212754682119761,-0.0002168139253743,1.1828571428571428,1.1828571428571428,0.3177141061618346,-0.0001466268289198,data68.csv,1.0607231577094651,0.9703852789955312,1.0573595967956506,0.972637638409408
70,1.24,1.24,0.6251965608465608,4.696728870645448e-05,1,17.714285714285715,17.714285714285715,0.0992375493407239,7.455125191500711e-06,1.177142857142857,1.177142857142857,0.2883702530820757,4.661631637775036e-05,data69.csv,1.057884374404284,0.9735576419654434,1.0540126446921643,0.9764301996454952
71,1.2,1.2,0.4997575259989052,-0.0046468943631411,1,17.142857142857142,17.142857142857142,0.0793265914283976,-0.0007376022798636,1.1714285714285717,1.1714285714285717,0.2604954112764731,-0.0004158711937248,data70.csv,1.0546224727165094,0.9778476036926604,1.0510371310951223,0.9802262463726328
72,1.16,1.16,0.3843462050720671,-0.0017552797168057,1,16.57142857142857,16.57142857142857,0.0610073341384233,-0.0002786158280643,1.1657142857142857,1.1657142857142857,0.2343076088247133,-0.0004153375915369,data71.csv,1.050783477653272,0.9826482743635908,1.0473647685945298,0.9848752548079789
73,1.12,1.12,0.2812662196679438,1.4316707100592258e-05,1,16.000000000000004,16.000000000000004,0.0446454316933244,2.2724931905702e-06,1.16,1.16,0.2098149892992531,-4.549359363546886e-06,data72.csv,1.047556673722533,0.9862680608215388,1.0440301147185753,0.9889265892702499
74,1.08,1.08,0.1863946360153257,-0.0015394822183087,1,15.428571428571429,15.428571428571429,0.0295864501611628,-0.0002443622568743,1.1542857142857144,1.1542857142857144,0.18579245619065,7.59805693127e-05,data73.csv,1.045059894425264,0.989679700827472,1.0410345661225373,0.9925774434074699
75,1.04,1.04,0.1043620689655172,-0.0002998702717528,1,14.857142857142858,14.857142857142858,0.0165654077723043,-4.7598455833777775e-05,1.1485714285714286,1.1485714285714286,0.1634825443161512,-0.0003343305392445,data74.csv,1.0423591925456512,0.9929647397792002,1.0385071338506475,0.995593223676833
76,1.0,1.0,0.0269692118226601,-0.0032913824943106,1,14.285714285714286,14.285714285714286,0.0042808272734381,-0.0005224416657635,1.1428571428571428,1.1428571428571428,0.1416354492366928,-0.000484460127072,data75.csv,1.0389813012636255,0.9960160177529922,1.035127109220026,0.9990514270816456
77,0.96,0.96,-0.0365298941798941,-0.0033350580933937,1,13.714285714285714,13.714285714285714,-0.0057983959015704,-0.0005293743005386,1.137142857142857,1.137142857142857,0.1201676744771983,-0.0004629858681345,data76.csv,1.0368768579543015,0.9988563480753088,1.0325390913693195,1.00228072398025
78,0.92,0.92,-0.0888965608465608,0.0009707168210828,1,13.142857142857142,13.142857142857142,-0.0141105652137398,0.0001540820350925,1.1314285714285717,1.1314285714285717,0.1009103302027494,-5.367835903949999e-06,data77.csv,1.0350869527427802,1.0004235198044211,1.0305602458558902,1.004461548916447
79,0.88,0.88,-0.1171137566137566,-0.0013616666958014,1,12.571428571428571,12.571428571428571,-0.0185894851767867,-0.0002161375707621,1.1257142857142857,1.1257142857142857,0.0846106072058453,-0.0003142330409347,data78.csv,1.034351371306128,1.0007518317430422,1.028697639061082,1.0061933421630296
80,0.84,0.84,-0.1177621784345922,0.0024489794721919,1,12.0,12.0,-0.018692409275332,0.0003887269003479,1.12,1.12,0.0705136467102806,0.0001172122230592,data79.csv,1.030231362236013,0.9980788673836356,1.0255625870580807,1.0057963814840285
81,0.8,0.8,-0.1077776683087027,-0.0031988611190454,1,11.428571428571429,11.428571428571429,-0.0171075663982067,-0.0005077557331818,1.1142857142857143,1.1142857142857143,0.0576536158098829,-0.0003940100878067,data80.csv,1.0300875256320203,0.9982951418702636,1.024028423859066,1.0064332350219598
82,0.76,0.76,-0.1000481481481481,0.0001099879415931,1,10.857142857142858,10.857142857142858,-0.0158806584362139,1.745840342747619e-05,1.1085714285714283,1.1085714285714283,0.045156630553456,-2.071335999872222e-05,data81.csv,1.0307166677317334,1.003533807602015,1.0233587809888363,1.0100738686443518
83,0.72,0.72,-0.0944908866995073,-0.0015795120619594,1,10.285714285714286,10.285714285714286,-0.0149985534443662,-0.000250716200311,1.1028571428571428,1.1028571428571428,0.0336517124091016,-0.0001052423810856,data82.csv,1.0279701133566952,1.0000868541798225,1.021025815869101,1.0094316867804332
84,0.68,0.68,-0.090088603988604,-0.0008794187876458,1,9.714285714285714,9.714285714285714,-0.0142997784108895,-0.0001395902837533,1.0971428571428572,1.0971428571428572,0.0234285802836706,-6.350564787120815e-05,data83.csv,1.0272941232168693,1.0009998385324277,1.0189610153342832,1.0094872299796371
85,0.64,0.64,-0.0866832199546485,-0.0002926797767818,1,9.142857142857142,9.142857142857142,-0.0137592412626426,-4.645710742568255e-05,1.0914285714285714,1.0914285714285714,0.0145262521555038,5.153553140310873e-05,data84.csv,1.0263519153121647,1.0015443526747865,1.017347069205341,1.0094866878411803
86,0.6,0.6,-0.0837182539682539,-0.0015499708166106,1,8.571428571428571,8.571428571428571,-0.0132886117409926,-0.0002460271137477,1.0857142857142856,1.0857142857142856,0.0088950149952454,-2.377965361470001e-05,data85.csv,1.0261654845803954,1.0008659894186376,1.0169732483602545,1.0091771673968593
87,0.56,0.56,-0.0819682539682539,-0.0014849703688224,1,8.000000000000002,8.000000000000002,-0.0130108339632149,-0.0002357095823527,1.08,1.08,0.005441661451518,8.277691280275001e-05,data86.csv,1.0258293569706445,1.000533325723237,1.016035488757451,1.006795554392355
88,0.52,0.52,-0.0803639644746787,-0.0044503837577818,1,7.428571428571429,7.428571428571429,-0.0127561848372505,-0.0007064101202828,1.0742857142857145,1.0742857142857145,0.0031370877275072,-0.000118045015911,data87.csv,1.0250239299050474,0.9990288132835184,1.0155066768373309,1.0070552863662017
89,0.48,0.48,-0.0785045246493659,-0.0002396831656994,1,6.857142857142857,6.857142857142857,-0.0124610356586295,-3.80449469364127e-05,1.0685714285714285,1.0685714285714285,0.0016467841344677,0.000335065720882,data88.csv,1.024571050792607,0.9978037469547408,1.0147417968792856,1.0058958027486617
90,0.44,0.44,-0.0787460317460317,-0.0021510599878905,1,6.285714285714286,6.285714285714286,-0.0124993701184177,-0.0003414380933159,1.062857142857143,1.062857142857143,0.0003240632140467,1.465386404415e-05,data89.csv,1.0228238321931813,0.9961763018069184,1.0137093146063387,1.0045235764849765
91,0.4,0.4,-0.0774411147600802,-0.0021164023531262,1,5.714285714285714,5.714285714285714,-0.0122922404381079,-0.0003359368814486,1.0571428571428572,1.0571428571428572,-0.0004250587786048,-0.0002687241418609,data90.csv,1.0237073149340834,0.9956660865252124,1.0139627652126486,1.0036983978030172
92,0.36,0.36,-0.0768464234178519,-0.0018215920593158,1,5.142857142857143,5.142857142857143,-0.0121978449869606,-0.0002891415967167,1.0514285714285714,1.0514285714285714,-0.0011592841339976,-0.0001879289189186,data91.csv,1.023715714402025,0.9939907115911276,1.0137787054256218,1.001580343434034
93,0.32,0.32,-0.0761818919905126,-0.0026069538989244,1,4.571428571428571,4.571428571428571,-0.0120923638080178,-0.0004138022061784,1.0457142857142858,1.0457142857142858,-0.0017873530638309,-0.0001226647594676,data92.csv,1.0217337128069532,0.9927549179237704,1.0125832507724835,1.0013167623402666
94,0.28,0.28,-0.0756304245836265,-0.0040269434983794,1,4.000000000000001,4.000000000000001,-0.0120048292989883,-0.0006391973806951,1.04,1.04,-0.0023967025233738,-0.0003308161190505,data93.csv,1.022276333821492,0.991366068626324,1.0127215110305117,0.9997747180709831
95,0.24,0.24,-0.076256686735997,0.0001465648783357,1,3.4285714285714284,3.4285714285714284,-0.0121042359898407,2.3264266402492063e-05,1.0342857142857145,1.0342857142857145,-0.0029058174994135,-5.008522516225397e-05,data94.csv,1.022276024637481,0.989614329183378,1.012504777498421,0.9985574078463133
96,0.2,0.2,-0.0760949433708054,-0.0037808687815947,1,2.857142857142857,2.857142857142857,-0.0120785624398103,-0.0006001379018404,1.0285714285714285,1.0285714285714285,-0.0034329744239736,-0.0005653375620835,data95.csv,1.0219534174684393,0.9886248272466956,1.0119127573971367,0.997239978506727
97,0.16,0.16,-0.0768560188443193,0.0013818974243086,1,2.2857142857142856,2.2857142857142856,-0.0121993680705268,0.0002193487975093,1.022857142857143,1.022857142857143,-0.0040388794665223,0.0001760205589953,data96.csv,1.020276056898651,0.9885667426770472,1.0111235278939805,0.9973035677960523
98,0.12,0.12,-0.0750687921912059,-0.0014410284551108,1,1.7142857142857142,1.7142857142857142,-0.0119156813001914,-0.0002287346754144,1.0171428571428571,1.0171428571428571,-0.0044641742180056,-0.0001907750016349,data97.csv,1.020415987144895,0.987716228526141,1.0107418560932833,0.995612823759817
99,0.08,0.08,-0.0740611111111111,-0.0029875175031294,1,1.1428571428571428,1.1428571428571428,-0.0117557319223985,-0.0004742091274808,1.0114285714285711,1.0114285714285711,-0.0049185053209996,-0.0001341230706228,data98.csv,1.0198838904530214,0.9874971095507208,1.0102770373996952,0.9944309113964864
100,0.04,0.04,-0.0740643341332996,-0.0033138480354766,1,0.5714285714285714,0.5714285714285714,-0.0117562435132221,-0.0005260076246788,1.0057142857142858,1.0057142857142858,-0.0053647807978678,-0.0004594002828578,data99.csv,1.0198330583205564,0.9876160115009356,1.0105097256024087,0.9955891111202787
101,0.0,0.0,-0.0669764094143404,-0.0019586257309645,2,0.0,0.0,-0.0106311760975143,-0.0003108929731689,1.0,1.0,-0.0106311760975143,-0.0003108929731689,data100.csv,1.0189702301146284,0.987714325457996,1.0189702301146284,0.987714325457996
102,0.03,0.04,-0.0448295755968169,-0.002507030813638,2,0.4285714285714285,0.5714285714285714,-0.0071158056502883,-0.0003979413989901,1.0042857142857142,1.0057142857142858,-0.0095523485417631,7.270083250780001e-05,data101.csv,1.0168429831963897,0.9912650161778986,1.0170897651859208,0.9892230337197367
103,0.06,0.08,-0.0338568783068783,-0.0014268954132713,2,0.8571428571428571,1.1428571428571428,-0.0053741076677584,-0.0002264913354398,1.008571428571429,1.0114285714285711,-0.0087053623918702,0.0001825115225474,data102.csv,1.0166121288230057,0.9912666979996884,1.0171538921789816,0.9890135255475864
104,0.09,0.12,-0.026955195871452,-0.001420164081453,2,1.2857142857142858,1.7142857142857142,-0.004278602519278,-0.0002254228700719,1.012857142857143,1.0171428571428571,-0.0082164610294643,0.0003491104909481,data103.csv,1.017000102778215,0.9905742549645448,1.0175601986353615,0.9886085411949349
105,0.12,0.16,-0.0200828042328042,-0.0031740328554853,2,1.7142857142857142,2.2857142857142856,-0.0031877467036197,-0.0005038147389659,1.0171428571428571,1.022857142857143,-0.007650336805646,0.0001651382939426,data104.csv,1.0169708148959424,0.9907061684263848,1.0176276808818523,0.9892019201591654
106,0.15,0.2,-0.0137380365939479,-0.0011866979848408,2,2.142857142857143,2.857142857142857,-0.002180640729198,-0.0001883647594985,1.0214285714285714,1.0285714285714285,-0.0071976716825512,-5.2734523670186506e-05,data105.csv,1.014972388989036,0.9927139894160968,1.0168737124245235,0.9902082868848041
107,0.18,0.24,-0.0070039682539682,-0.002422925243014,2,2.571428571428572,3.4285714285714284,-0.0011117409926933,-0.0003845913084149,1.0257142857142858,1.0342857142857145,-0.0067626584477979,-0.0001267738011503,data106.csv,1.0153709634357893,0.993694793914978,1.017179521899855,0.9910541658618476
108,0.21,0.28,-0.0027526643990929,-0.0002199758831863,2,3.0,4.000000000000001,-0.0004369308569988,-3.491680685496826e-05,1.03,1.04,-0.0064874813362673,2.086131257014286e-05,data107.csv,1.0169828009876385,0.992790816253038,1.0180473650828312,0.9913205997040548
109,0.24,0.32,0.0027822751322751,-0.0025593754130436,2,3.4285714285714284,4.571428571428571,0.000441630973377,-0.0004062500655624,1.0342857142857145,1.0457142857142858,-0.0057801245262441,-0.0002016296289761,data108.csv,1.0160817784168583,0.994644850360264,1.0177531685732444,0.9921304068711319
110,0.27,0.36,0.0082341725962415,-0.0066207528681374,2,3.857142857142857,5.142857142857143,0.0013070115232129,-0.0010509131536726,1.0385714285714285,1.0514285714285714,-0.0052942850192439,-0.000641735220211,data109.csv,1.014939819818882,0.9959513736906334,1.0174978191885833,0.9932037742084643
111,0.3,0.4,0.0120421455938697,-0.0028013911275587,2,4.285714285714286,5.714285714285714,0.0019114516815666,-0.0004446652583426,1.042857142857143,1.0571428571428572,-0.0051005370645491,-0.0003896801063938,data110.csv,1.014953560389978,0.996580054687437,1.0174093216986297,0.994730752145706
112,0.33,0.44,0.0149657029478458,-0.0029499599979653,2,4.714285714285714,6.285714285714286,0.0023755084044199,-0.0004682476187246,1.0471428571428572,1.062857142857143,-0.0049519506367286,-0.0002276561683831,data111.csv,1.0169053695868602,0.9965176142158068,1.0190758163734717,0.9942905219838256
113,0.36,0.48,0.0197137362637362,-0.0061219672151168,2,5.142857142857143,6.857142857142857,0.0031291644863073,-0.0009717408277963,1.0514285714285714,1.0685714285714285,-0.0045696494316363,-0.0004621996220941,data112.csv,1.014681031010117,0.9981275648527642,1.0178871336030157,0.9955543095395802
114,0.39,0.52,0.0255203104230197,0.0008394237092052,2,5.571428571428571,7.428571428571429,0.0040508429242888,0.000133241858604,1.0557142857142856,1.0742857142857145,-0.0039894449843429,1.85574796723254e-05,data113.csv,1.0151437346832926,1.0000601141933132,1.0179392769547355,0.997120678729825
115,0.42,0.56,0.030877321656632,-0.0018521041067589,2,6.0,8.000000000000002,0.0049011621677193,-0.0002939847788506,1.06,1.08,-0.0036486064930138,-0.0001701786709748,data114.csv,1.0152489008423369,0.99974176528382,1.0181598623094423,0.9983191567800216
116,0.45,0.6,0.0354460408684546,-0.0011864316702123,2,6.428571428571429,8.571428571428571,0.0056263556934054,-0.0001883224873352,1.0642857142857145,1.0857142857142856,-0.0033150479434004,-0.0003204954640967,data115.csv,1.0146199919045622,1.0018201987510642,1.0188237985293533,0.999302394142709
117,0.48,0.64,0.0406493523079729,-0.0039979152038669,2,6.857142857142857,9.142857142857142,0.0064522781441226,-0.0006345897148995,1.0685714285714285,1.0914285714285714,-0.0028679908981709,-0.0001430971032874,data116.csv,1.014867138730926,1.002844730603995,1.0190141429301551,1.0004618693061067
118,0.51,0.68,0.0468612244897959,-0.0027658253701146,2,7.285714285714286,9.714285714285714,0.0074382896015549,-0.0004390199000181,1.072857142857143,1.0971428571428572,-0.0024582993569622,-0.0004074454284013,data117.csv,1.0139688603202253,1.0048830949914962,1.01810581176413,1.0022234496455342
119,0.54,0.72,0.0553227604451742,-0.0020944910874802,2,7.714285714285714,10.285714285714286,0.008781390546853,-0.0003324589027746,1.0771428571428572,1.1028571428571428,-0.0019826203363422,-0.000431413583009,data118.csv,1.0160004781321097,1.006609513606288,1.0198558721774154,1.0032667805056577
120,0.57,0.76,0.0638336799854041,0.0033390344462959,2,8.142857142857142,10.857142857142858,0.0101323301564133,0.000530005467666,1.0814285714285714,1.1085714285714283,-0.0012791150091369,0.0001160779026585,data119.csv,1.0143266799622663,1.0050528939807308,1.0194099522859634,1.0029851395386782
121,0.6,0.8,0.0743510582010582,-0.0049617078446073,2,8.571428571428571,11.428571428571429,0.0118017552700092,-0.0007875726737471,1.0857142857142856,1.1142857142857143,-0.000366402116402,-0.0006013084034645,data120.csv,1.0150079309864963,1.008603847418604,1.0199090099859665,1.005203948370183
122,0.63,0.84,0.0865897545054633,-0.000930828662062,2,9.0,12.0,0.0137444054770576,-0.0001477505812796,1.09,1.12,0.0004566278666047,-0.0001182647062176,data121.csv,1.017814954173014,1.0099065216602685,1.0207322654849107,1.0064468099277772
123,0.66,0.88,0.1018713637008656,-0.0008187981003867,2,9.428571428571429,12.571428571428571,0.0161700577302961,-0.0001299679524423,1.0942857142857143,1.1257142857142857,0.0014161105528252,-0.0001863816119771,data122.csv,1.0146348084137755,1.0085367833704737,1.0200085738942886,1.0059851080070037
124,0.69,0.92,0.1247894179894179,-0.0030868528595804,2,9.857142857142858,13.142857142857142,0.0198078441253044,-0.0004899766443778,1.0985714285714283,1.1314285714285717,0.0030513566667857,-0.0001271825188273,data123.csv,1.017663805718484,1.0109416524493275,1.0217124578947367,1.007397780023023
125,0.72,0.96,0.1564200419631454,0.0004731768121007,2,10.285714285714286,13.714285714285714,0.0248285780893881,7.510743049217461e-05,1.1028571428571428,1.137142857142857,0.0056198157849772,-5.23139885287627e-05,data124.csv,1.018719176679802,1.0121643430702918,1.0225061571977818,1.0076413403781634
126,0.75,1.0,0.2062181536216019,-0.0023675370478535,2,10.714285714285714,14.285714285714286,0.0327330402573971,-0.0003757995314053,1.1071428571428572,1.1428571428571428,0.0093478966299163,-0.0001689523617657,data125.csv,1.0195582306549804,1.013171905248046,1.0229204358881416,1.0088680731976818
127,0.78,1.04,0.28040291005291,-0.003486343168939,2,11.142857142857142,14.857142857142858,0.0445083984210968,-0.0005533878045934,1.1114285714285714,1.1485714285714286,0.014864785420341,-0.0001072202706162,data126.csv,1.0168340866690435,1.0112646634555154,1.022026143753687,1.0068567632764012
128,0.81,1.08,0.3708626984126983,-0.0007315662846404,2,11.571428571428571,15.428571428571429,0.0588670949861425,-0.0001161216324826,1.1157142857142857,1.1542857142857144,0.0219177764063114,-4.195028052198253e-05,data127.csv,1.020642177097187,1.0120866909770012,1.02407154087326,1.0071801303776264
129,0.84,1.12,0.4773946360153256,-0.0026786660001101,2,12.0,16.000000000000004,0.0757769263516389,-0.0004251850793825,1.12,1.16,0.0311491921587707,-0.0006310658199102,data128.csv,1.0191036765419998,1.010283651068313,1.0248043777146232,1.0066298194046115
130,0.87,1.16,0.6018533661740558,0.0002732939084757,2,12.428571428571429,16.57142857142857,0.0955322803450882,4.337998547233334e-05,1.1242857142857143,1.1657142857142857,0.0431059822822275,-0.0001641384369665,data129.csv,1.023758602627468,1.00902952681663,1.0271918780870024,1.0067807112473683
131,0.9,1.2,0.7365843915343915,0.0003352901173506,2,12.857142857142858,17.142857142857142,0.1169181573864113,5.322065354771429e-05,1.1285714285714286,1.1714285714285717,0.0568550852439741,-9.101196750454284e-05,data130.csv,1.026863115619565,1.0079434797425677,1.0292818876369423,1.00547031822668
132,0.93,1.24,0.871839417989418,-0.0001583010885182,2,13.285714285714286,17.714285714285715,0.1383872092046695,-2.51271569076508e-05,1.1328571428571428,1.177142857142857,0.0716619802028942,-0.0002287222852975,data131.csv,1.0285923520516134,1.00705176815265,1.0315353807978942,1.0039990591940255
133,0.96,1.28,1.00519978106185,-0.0006741433407661,2,13.714285714285714,18.285714285714285,0.1595555208034682,-0.0001070068794866,1.137142857142857,1.1828571428571428,0.0879960773581462,-5.635681076353166e-05,data132.csv,1.0315383478852105,1.0042584943301014,1.0338628315604383,1.002187766478086
134,0.99,1.32,1.1604161649334064,-0.0028378296594081,2,14.142857142857142,18.857142857142858,0.1841930420529216,-0.000450449152287,1.1414285714285717,1.1885714285714286,0.1063473311844959,-0.000368271309152,data133.csv,1.033549617806814,1.0025522978903187,1.0353372849374836,1.0005256551132211
135,1.02,1.36,1.322224603174603,-0.0027566227201723,2,14.571428571428571,19.428571428571427,0.2098769211388259,-0.0004375591619321,1.1457142857142857,1.1942857142857144,0.1256249055177626,-0.0004832732547958,data134.csv,1.0356136078735558,0.9995987198041524,1.0373607775182347,0.9977026402805322
136,1.05,1.4,1.4691232804232803,0.0001190997063844,2,15.0,20.0,0.2331941714957587,1.890471529911111e-05,1.15,1.2,0.145085306962291,-2.675375018493651e-05,data135.csv,1.0376209893359167,0.997014415223105,1.0394398158082503,0.9948357984033841
137,1.08,1.44,1.614365900383142,-0.0018136026204592,2,15.428571428571429,20.571428571428573,0.2562485556163718,-0.0002878734318189,1.1542857142857144,1.2057142857142855,0.1661058664419365,-0.0001790131366222,data136.csv,1.039414612062189,0.9947451541595494,1.041744404572964,0.9924211779539099
138,1.11,1.48,1.7852849206349206,-0.0027576879786865,2,15.85714285714286,21.142857142857142,0.2833785588309398,-0.0004377282505851,1.1585714285714286,1.2114285714285713,0.189762618627698,-0.0001848488816437,data137.csv,1.0417714466784571,0.992181058114496,1.0437217679285977,0.9898541665911402
139,1.14,1.52,1.9527952380952385,-0.0021017550485557,2,16.285714285714285,21.714285714285715,0.3099674981103553,-0.0003336119124691,1.1628571428571428,1.217142857142857,0.2127956490386704,-0.0003740119186686,data138.csv,1.0447504591771044,0.989374533580306,1.046011978300291,0.9871339297942558
140,1.17,1.56,2.1095928571428573,-0.0014578338264989,2,16.714285714285715,22.285714285714285,0.3348560090702948,-0.0002314021946823,1.1671428571428573,1.2228571428571429,0.2361907701352145,-0.000166094617763,data139.csv,1.046608550575918,0.9863007697832276,1.0484789763610527,0.9837670545086401
141,1.2,1.6,2.260311713191024,-0.0017222947478118,2,17.142857142857142,22.857142857142858,0.3587796370144483,-0.0002733801187002,1.1714285714285717,1.2285714285714286,0.2616604576270696,-0.0001890295569429,data140.csv,1.0494056300374994,0.9831656659332072,1.0510497769625713,0.9806749986260535
142,1.23,1.64,2.44064365079365,-0.0034692806661854,2,17.571428571428573,23.428571428571427,0.3874037540942301,-0.000550679470823,1.1757142857142855,1.2342857142857142,0.290449441504997,-0.00029216405639,data141.csv,1.051336378808636,0.9809314396347733,1.0530083237117873,0.9781793566912749
143,1.26,1.68,2.6257492063492065,-0.0037847624851294,2,18.0,24.0,0.4167855883093979,-0.0006007559500205,1.18,1.24,0.3193171345166419,-0.0003694929619447,data142.csv,1.0541116078965669,0.9774240678627112,1.0555386839234338,0.9750695391839626
144,1.29,1.72,2.7916674876847294,-0.0021918612256378,2,18.428571428571427,24.571428571428573,0.4431218234420205,-0.0003479144802599,1.1842857142857142,1.2457142857142858,0.348275596360298,-0.0002632798308241,data143.csv,1.0567560172658212,0.9743737019850942,1.0580255681359905,0.9720512884819394
145,1.32,1.76,2.978293772893773,-0.0018759202435411,2,18.857142857142858,25.142857142857142,0.4727450433164719,-0.0002977651180223,1.1885714285714286,1.2514285714285711,0.3823307395132791,-0.0004129990350764,data144.csv,1.0602775253443193,0.9705483683602376,1.0607181393612666,0.9688022295239815
146,1.35,1.8,3.1811783433679985,-0.0031848566428887,2,19.285714285714285,25.714285714285715,0.5049489433917458,-0.0005055328004585,1.1928571428571428,1.2571428571428571,0.4204407310391164,-0.0003110597133684,data145.csv,1.062234205220419,0.968064939421188,1.063006715762805,0.9662039221848213
147,1.38,1.84,3.374516967706623,-0.0031523944639415,2,19.714285714285715,26.285714285714285,0.5356376139216862,-0.0005003800736415,1.197142857142857,1.262857142857143,0.4574991529178721,-0.000377763208743,data146.csv,1.064941760371321,0.9646152226866176,1.0654730391275442,0.963142663172886
148,1.41,1.88,3.5451335978835976,-0.0033532055330823,2,20.142857142857142,26.857142857142858,0.5627196187116822,-0.000532254846521,1.2014285714285715,1.268571428571429,0.4950793860754178,-0.0004796171531755,data147.csv,1.0678577537699714,0.9615412205562888,1.068271067498392,0.9604030871249727
149,1.44,1.92,3.728052645502645,-0.0027115053487899,2,20.571428571428573,27.428571428571427,0.591754388175023,-0.000430397674411,1.2057142857142855,1.2742857142857142,0.539392290249433,-0.0004182109012745,data148.csv,1.0706454453573473,0.9585158296408932,1.0708017015254396,0.9579738186701333
150,1.47,1.96,3.931989815466416,-0.0055859748430042,2,21.0,28.0,0.6241253675343518,-0.0008866626734927,1.21,1.28,0.5895524101813687,-0.0006646261114265,data149.csv,1.0731688354284532,0.9561558678188328,1.0730661209498322,0.9558287625024333
151,1.5,2.0,3.950543915343916,-0.0034809985098418,2,21.428571428571427,28.571428571428573,0.6270704627530025,-0.0005525394460066,1.2142857142857142,1.2857142857142858,0.6270704627530025,-0.0005525394460066,data150.csv,1.0754408163479428,0.9543440036436074,1.0754408163479428,0.9543440036436074
152,1.47,1.96,3.4963705528188287,-0.0027883141609703,2,21.0,28.0,0.5549794528283856,-0.0004425895493603,1.21,1.28,0.5895524101813687,-0.0006646261114265,data151.csv,1.072963406471211,0.955501657186034,1.0730661209498322,0.9558287625024333
153,1.44,1.92,3.068290211640212,-0.0025579520072703,2,20.571428571428573,27.428571428571427,0.4870301923238431,-0.0004060241281381,1.2057142857142855,1.2742857142857142,0.539392290249433,-0.0004182109012745,data152.csv,1.070957957693532,0.9574318076993734,1.0708017015254396,0.9579738186701333
154,1.41,1.88,2.6928666666666663,-0.0026899705969291,2,20.142857142857142,26.857142857142858,0.4274391534391534,-0.00042697945983,1.2014285714285715,1.268571428571429,0.4950793860754178,-0.0004796171531755,data153.csv,1.0686843812268123,0.9592649536936566,1.068271067498392,0.9604030871249727
155,1.38,1.84,2.3899723590585658,-0.0016074219662214,2,19.714285714285715,26.285714285714285,0.3793606919140581,-0.0002551463438446,1.197142857142857,1.262857142857143,0.4574991529178721,-0.000377763208743,data154.csv,1.0660043178837677,0.9616701036591544,1.0654730391275442,0.963142663172886
156,1.35,1.8,2.116374867724868,-0.0007344957455545,2,19.285714285714285,25.714285714285715,0.335932518686487,-0.0001165866262784,1.1928571428571428,1.2571428571428571,0.4204407310391164,-0.0003110597133684,data155.csv,1.0637792263051908,0.9643429049484548,1.063006715762805,0.9662039221848213
157,1.32,1.76,1.839073544973545,-0.0033278675984227,2,18.857142857142858,25.142857142857142,0.2919164357100864,-0.0005282329521305,1.1885714285714286,1.2514285714285711,0.3823307395132791,-0.0004129990350764,data156.csv,1.061158753378214,0.9670560906877256,1.0607181393612666,0.9688022295239815
158,1.29,1.72,1.5966050264550264,-0.0011254646427467,2,18.428571428571427,24.571428571428573,0.2534293692785756,-0.0001786451813883,1.1842857142857142,1.2457142857142858,0.348275596360298,-0.0002632798308241,data157.csv,1.05929511900616,0.9697288749787846,1.0580255681359905,0.9720512884819394
159,1.26,1.68,1.3976466885604817,-0.0008708488353747,2,18.0,24.0,0.2218486807238859,-0.000138229973869,1.18,1.24,0.3193171345166419,-0.0003694929619447,data158.csv,1.0569657599503006,0.9727150105052138,1.0555386839234338,0.9750695391839626
160,1.23,1.64,1.2190193121693125,-0.0002119864443297,2,17.571428571428573,23.428571428571427,0.1934951289157639,-3.3648641957095243e-05,1.1757142857142855,1.2342857142857142,0.290449441504997,-0.00029216405639,data159.csv,1.0546802686149386,0.9754272737477766,1.0530083237117873,0.9781793566912749
161,1.2,1.6,1.0366100529100528,-0.0006594776696695,2,17.142857142857142,22.857142857142858,0.1645412782396909,-0.0001046789951856,1.1714285714285717,1.2285714285714286,0.2616604576270696,-0.0001890295569429,data160.csv,1.0526939238876432,0.9781843313188996,1.0510497769625713,0.9806749986260535
162,1.17,1.56,0.8664108465608465,-0.0006349583573163,2,16.714285714285715,22.285714285714285,0.1375255312001343,-0.0001007870408438,1.1671428571428573,1.2228571428571429,0.2361907701352145,-0.000166094617763,data161.csv,1.0503494021461874,0.9812333392340528,1.0484789763610527,0.9837670545086401
163,1.14,1.52,0.7284299397920088,-0.0026107951266703,2,16.285714285714285,21.714285714285715,0.1156237999669855,-0.0004144119248683,1.1628571428571428,1.217142857142857,0.2127956490386704,-0.0003740119186686,data162.csv,1.0472734974234776,0.9848933260082056,1.046011978300291,0.9871339297942558
164,1.11,1.48,0.6057240740740741,0.0004285920699754,2,15.85714285714286,21.142857142857142,0.0961466784244562,6.803048729768254e-05,1.1585714285714286,1.2114285714285713,0.189762618627698,-0.0001848488816437,data163.csv,1.045672089178738,0.9875272750677844,1.0437217679285977,0.9898541665911402
165,1.08,1.44,0.4785680167852582,-0.0004419629009815,2,15.428571428571429,20.571428571428573,0.0759631772675013,-7.015284142563491e-05,1.1542857142857144,1.2057142857142855,0.1661058664419365,-0.0001790131366222,data164.csv,1.044074197083739,0.9900972017482704,1.041744404572964,0.9924211779539099
166,1.05,1.4,0.3589515873015873,-0.0004561969587146,2,15.0,20.0,0.0569764424288233,-7.241221566898413e-05,1.15,1.2,0.145085306962291,-2.675375018493651e-05,data165.csv,1.0412586422805838,0.9926571815836632,1.0394398158082503,0.9948357984033841
167,1.02,1.36,0.2606492063492063,-0.0033326202902553,2,14.571428571428571,19.428571428571427,0.0413728898966994,-0.0005289873476595,1.1457142857142857,1.1942857142857144,0.1256249055177626,-0.0004832732547958,data166.csv,1.0391079471629134,0.995806560756912,1.0373607775182347,0.9977026402805322
168,0.99,1.32,0.1795602079912424,-0.0018023888359082,2,14.142857142857142,18.857142857142858,0.0285016203160702,-0.0002860934660171,1.1414285714285717,1.1885714285714286,0.1063473311844959,-0.000368271309152,data167.csv,1.0371249520681534,0.9984990123361234,1.0353372849374836,1.0005256551132211
169,0.96,1.28,0.1035507936507936,-3.595247485491898e-05,2,13.714285714285714,18.285714285714285,0.0164366339128243,-5.70674204046333e-06,1.137142857142857,1.1828571428571428,0.0879960773581462,-5.635681076353166e-05,data168.csv,1.0361873152356662,1.000117038626071,1.0338628315604383,1.002187766478086
170,0.93,1.24,0.0311015325670498,-0.0027235997062315,2,13.285714285714286,17.714285714285715,0.004936751201119,-0.0004323174136875,1.1328571428571428,1.177142857142857,0.0716619802028942,-0.0002287222852975,data169.csv,1.034478409544175,1.0009463502354012,1.0315353807978942,1.0039990591940255
171,0.9,1.2,-0.0202103174603174,-0.0014820409079083,2,12.857142857142858,17.142857142857142,-0.003207986898463,-0.0002352445885568,1.1285714285714286,1.1714285714285717,0.0568550852439741,-9.101196750454284e-05,data170.csv,1.0317006596543197,1.0029971567107925,1.0292818876369423,1.00547031822668
172,0.87,1.16,-0.0587179894179894,-0.0023414382142551,2,12.428571428571429,16.57142857142857,-0.0093203157806332,-0.0003716568594055,1.1242857142857143,1.1657142857142857,0.0431059822822275,-0.0001641384369665,data171.csv,1.0306251535465367,1.0045318956781066,1.0271918780870024,1.0067807112473683
173,0.84,1.12,-0.0849148148148148,-0.0052727633307595,2,12.0,16.000000000000004,-0.0134785420340975,-0.000836946560438,1.12,1.16,0.0311491921587707,-0.0006310658199102,data172.csv,1.0305050788872463,1.00297598774091,1.0248043777146232,1.0066298194046115
174,0.81,1.08,-0.0946987156931738,0.0002029927500634,2,11.571428571428571,15.428571428571429,-0.0150315421735196,3.2221071438634924e-05,1.1157142857142857,1.1542857142857144,0.0219177764063114,-4.195028052198253e-05,data173.csv,1.0275009046493329,1.0022735697782517,1.02407154087326,1.0071801303776264
175,0.78,1.04,-0.0931066137566137,0.002135367759174,2,11.142857142857142,14.857142857142858,-0.0147788275804148,0.0003389472633609,1.1114285714285714,1.1485714285714286,0.014864785420341,-0.0001072202706162,data174.csv,1.0272182008383308,1.0024488630972868,1.022026143753687,1.0068567632764012
176,0.75,1.0,-0.088434656084656,0.0002387372896049,2,10.714285714285714,14.285714285714286,-0.0140372469975644,3.789480787379365e-05,1.1071428571428572,1.1428571428571428,0.0093478966299163,-0.0001689523617657,data175.csv,1.0262826411213029,1.0045642411473177,1.0229204358881416,1.0088680731976818
177,0.72,0.96,-0.085610363072432,-0.0011323330675634,2,10.285714285714286,13.714285714285714,-0.0135889465194336,-0.0001797354075497,1.1028571428571428,1.137142857142857,0.0056198157849772,-5.23139885287627e-05,data176.csv,1.0262931377157616,1.0031183376860353,1.0225061571977818,1.0076413403781634
178,0.69,0.92,-0.0863423239879178,0.0014843531223557,2,9.857142857142858,13.142857142857142,-0.0137051307917329,0.0002356116067231,1.0985714285714283,1.1314285714285717,0.0030513566667857,-0.0001271825188273,data177.csv,1.0257611100709896,1.0038539075967183,1.0217124578947367,1.007397780023023
179,0.66,0.88,-0.0840283707352672,-0.001529610210526,2,9.428571428571429,12.571428571428571,-0.0133378366246455,-0.000242795271512,1.0942857142857143,1.1257142857142857,0.0014161105528252,-0.0001863816119771,data178.csv,1.0253823393748016,1.003433432643534,1.0200085738942886,1.0059851080070037
180,0.63,0.84,-0.0808362433862433,-0.0005593066362806,2,9.0,12.0,-0.0128311497438481,-8.87788311556508e-05,1.09,1.12,0.0004566278666047,-0.0001182647062176,data179.csv,1.0236495767968072,1.0029870981952858,1.0207322654849107,1.0064468099277772
181,0.6,0.8,-0.0789677248677248,-0.0026147780390461,2,8.571428571428571,11.428571428571429,-0.0125345595028134,-0.0004150441331819,1.0857142857142856,1.1142857142857143,-0.000366402116402,-0.0006013084034645,data180.csv,1.0248100889854364,1.0018040493217617,1.0199090099859665,1.005203948370183
182,0.57,0.76,-0.0799505291005291,-0.0018764528727982,2,8.142857142857142,10.857142857142858,-0.0126905601746871,-0.0002978496623489,1.0814285714285714,1.1085714285714283,-0.0012791150091369,0.0001160779026585,data181.csv,1.0244932246096607,1.0009173850966255,1.0194099522859634,1.0029851395386782
183,0.54,0.72,-0.080303776683087,-0.0033413200584337,2,7.714285714285714,10.285714285714286,-0.0127466312195376,-0.0005303682632434,1.0771428571428572,1.1028571428571428,-0.0019826203363422,-0.000431413583009,data182.csv,1.0237112662227208,0.9999240474050274,1.0198558721774154,1.0032667805056577
184,0.51,0.68,-0.0778357963875205,-0.0023679870277431,2,7.285714285714286,9.714285714285714,-0.0123548883154794,-0.0003758709567846,1.072857142857143,1.0971428571428572,-0.0024582993569622,-0.0004074454284013,data183.csv,1.0222427632080346,0.9995638042995724,1.01810581176413,1.0022234496455342
185,0.48,0.64,-0.0767860376249265,0.0021948917024455,2,6.857142857142857,9.142857142857142,-0.0121882599404645,0.0003483955083246,1.0685714285714285,1.0914285714285714,-0.0028679908981709,-0.0001430971032874,data184.csv,1.023161147129384,0.9980790080082184,1.0190141429301551,1.0004618693061067
186,0.45,0.6,-0.0772156449553001,-0.0028518111774072,2,6.428571428571429,8.571428571428571,-0.0122564515802063,-0.0004526684408582,1.0642857142857145,1.0857142857142856,-0.0033150479434004,-0.0003204954640967,data185.csv,1.0230276051541445,0.996784589534354,1.0188237985293533,0.999302394142709
187,0.42,0.56,-0.0768497634686058,-0.0002921471475247,2,6.0,8.000000000000002,-0.0121983751537469,-4.6372563099158735e-05,1.06,1.08,-0.0036486064930138,-0.0001701786709748,data186.csv,1.0210708237765476,0.9968965482762232,1.0181598623094423,0.9983191567800216
188,0.39,0.52,-0.0757873172257408,-0.0006055994653339,2,5.571428571428571,7.428571428571429,-0.0120297328929747,-9.61268992593492e-05,1.0557142857142856,1.0742857142857145,-0.0039894449843429,1.85574796723254e-05,data187.csv,1.0207348192261785,0.9941812432663368,1.0179392769547355,0.997120678729825
189,0.36,0.48,-0.0772913191023535,0.0002982519767303,2,5.142857142857143,6.857142857142857,-0.0122684633495799,4.734158360798414e-05,1.0514285714285714,1.0685714285714285,-0.0045696494316363,-0.0004621996220941,data188.csv,1.0210932361959144,0.9929810542263962,1.0178871336030157,0.9955543095395802
190,0.33,0.44,-0.0773602809706258,8.149227633781626e-05,2,4.714285714285714,6.285714285714286,-0.0122794096778771,1.2935281958383534e-05,1.0471428571428572,1.062857142857143,-0.0049519506367286,-0.0002276561683831,data189.csv,1.0212462631600832,0.9920634297518444,1.0190758163734717,0.9942905219838256
191,0.3,0.4,-0.0763089126071884,-0.0021085782130045,2,4.285714285714286,5.714285714285714,-0.0121125258106648,-0.0003346949544451,1.042857142857143,1.0571428571428572,-0.0051005370645491,-0.0003896801063938,data190.csv,1.0198650830072815,0.9928814496039752,1.0174093216986297,0.994730752145706
192,0.27,0.36,-0.0749421638387155,-0.0014651109065216,2,3.857142857142857,5.142857142857143,-0.0118955815617008,-0.0002325572867494,1.0385714285714285,1.0514285714285714,-0.0052942850192439,-0.000641735220211,data191.csv,1.0200558185582849,0.9904561747262952,1.0174978191885833,0.9932037742084643
193,0.24,0.32,-0.0756118441629525,1.884208794394349e-05,2,3.4285714285714284,4.571428571428571,-0.0120018800258654,2.99080761014976e-06,1.0342857142857145,1.0457142857142858,-0.0057801245262441,-0.0002016296289761,data192.csv,1.0194245587296304,0.9896159633819996,1.0177531685732444,0.9921304068711319
194,0.21,0.28,-0.0789896004378763,0.0004828284215701,2,3.0,4.000000000000001,-0.0125380318155359,7.663943199525398e-05,1.03,1.04,-0.0064874813362673,2.086131257014286e-05,data193.csv,1.0191119291780242,0.9898503831550716,1.0180473650828312,0.9913205997040548
195,0.18,0.24,-0.0782055281882868,0.0008255753485203,2,2.571428571428572,3.4285714285714284,-0.0124135759029026,0.0001310437061143,1.0257142857142858,1.0342857142857145,-0.0067626584477979,-0.0001267738011503,data194.csv,1.0189880803639209,0.9884135378087172,1.017179521899855,0.9910541658618476
196,0.15,0.2,-0.076952626606198,0.0005222429865962,2,2.142857142857143,2.857142857142857,-0.0122147026359044,8.2895712158127e-05,1.0214285714285714,1.0285714285714285,-0.0071976716825512,-5.2734523670186506e-05,data195.csv,1.018775035860011,0.9877025843535115,1.0168737124245235,0.9902082868848041
197,0.12,0.16,-0.076311439518336,0.0052547753591626,2,1.7142857142857142,2.2857142857142856,-0.0121129269076723,0.0008340913268512,1.0171428571428571,1.022857142857143,-0.007650336805646,0.0001651382939426,data196.csv,1.0182845468677622,0.987697671891946,1.0176276808818523,0.9892019201591654
198,0.09,0.12,-0.0765722130997993,0.0058189562673996,2,1.2857142857142858,1.7142857142857142,-0.0121543195396506,0.0009236438519681,1.012857142857143,1.0171428571428571,-0.0082164610294643,0.0003491104909481,data197.csv,1.0181202944925083,0.986642827425325,1.0175601986353615,0.9886085411949349
199,0.06,0.08,-0.0758306878306878,0.0037265405973694,2,0.8571428571428571,1.1428571428571428,-0.0120366171159821,0.0005915143805348,1.008571428571429,1.0114285714285711,-0.0087053623918702,0.0001825115225474,data198.csv,1.0176956555349574,0.9867603530954844,1.0171538921789816,0.9890135255475864
200,0.03,0.04,-0.0755300160294002,0.0034230613032365,2,0.4285714285714285,0.5714285714285714,-0.0119888914332381,0.0005433430640057,1.0042857142857142,1.0057142857142858,-0.0095523485417631,7.270083250780001e-05,data199.csv,1.0173365471754516,0.9871810512615748,1.0170897651859208,0.9892230337197367
201,0.0,0.0,-0.0726259448223733,0.0057197914572625,3,0.0,0.0,-0.011527927749583,0.0009079034059146,1.0,1.0,-0.011527927749583,0.0009079034059146,data200.csv,1.0169696548646696,0.9862533979802972,1.0169696548646696,0.9862533979802972
202,0.02,0.04,-0.0534853294853294,0.0021917693930072,3,0.2857142857142857,0.5714285714285714,-0.0084897348389411,0.0003478999036519,1.002857142857143,1.0057142857142858,-0.0103523912049988,-0.0002386963293364,data201.csv,1.017737476847656,0.9882351695390283,1.0155931528216695,0.9893047399426671
203,0.04,0.08,-0.0441404151404151,-0.0001042851352368,3,0.5714285714285714,1.1428571428571428,-0.0070064151016531,-1.655319606933333e-05,1.0057142857142858,1.0114285714285711,-0.009573038974243,-0.0002345172158165,data202.csv,1.0178875589331982,0.9883597789794916,1.01577108709342,0.9897173353714588
204,0.06,0.12,-0.0364739229024943,-0.0037028385954281,3,0.8571428571428571,1.7142857142857142,-0.0057895115718244,-0.0005877521580044,1.008571428571429,1.0171428571428571,-0.0089766157755444,-0.0002703712985673,data203.csv,1.017381263644315,0.9881824279332426,1.0155848274554877,0.9899368665855005
205,0.08,0.16,-0.0323399995800789,0.001694250811639,3,1.1428571428571428,2.2857142857142856,-0.0051333332666791,0.0002689287002601,1.0114285714285711,1.022857142857143,-0.008562126986793,0.0001416141763646,data204.csv,1.017694337445327,0.988519726759062,1.0157314980910446,0.9897881320575777
206,0.1,0.2,-0.0267331691297208,-0.003261821570541,3,1.4285714285714286,2.857142857142857,-0.0042433601793207,-0.0005177494556414,1.0142857142857142,1.0285714285714285,-0.0081294457331676,-0.0007029860750585,data205.csv,1.0177693487931738,0.9892558444882744,1.016039305017559,0.9902783820896435
207,0.12,0.24,-0.0235216931216931,-0.004036282876905,3,1.7142857142857142,3.4285714285714284,-0.0037336020828084,-0.0006406798217309,1.0171428571428571,1.0342857142857145,-0.0079449440056993,-0.0008601977078932,data206.csv,1.017905116795243,0.9894859835869654,1.0160827724260808,0.9903802716972875
208,0.14,0.28,-0.0185555555555555,-0.0004436801711725,3,2.0000000000000004,4.000000000000001,-0.0029453262786596,-7.042542399563492e-05,1.02,1.04,-0.0076030486268581,-0.0001940459924749,data207.csv,1.0178013700603243,0.990147704063884,1.0162071278962637,0.991500071108276
209,0.16,0.32,-0.0144588771310993,-0.0051821153411572,3,2.2857142857142856,4.571428571428571,-0.0022950598620792,-0.0008225579906598,1.022857142857143,1.0457142857142858,-0.007164179800864,-0.0008096537881121,data208.csv,1.0177812264009511,0.9906818438539344,1.0161595961891077,0.9916249776984559
210,0.18,0.36,-0.0097304421768707,-0.0041256399621008,3,2.571428571428572,5.142857142857143,-0.0015445146312493,-0.0006548634860477,1.0257142857142858,1.0514285714285714,-0.0068285788133899,-0.0006854478126428,data209.csv,1.0164222252525863,0.9914516178030574,1.0158096783319817,0.9922242546173898
211,0.2,0.4,-0.007824764521193,-0.0004665924124913,3,2.857142857142857,5.714285714285714,-0.001242026114475,-7.406228769703175e-05,1.0285714285714285,1.0571428571428572,-0.0066530344432236,-0.0001506955363891,data210.csv,1.0179263626552806,0.9918626766819774,1.0161466407768436,0.9931549415832979
212,0.22,0.44,-0.0032322751322751,-0.0020392353936866,3,3.142857142857143,6.285714285714286,-0.0005130595448055,-0.000323688157728,1.0314285714285714,1.062857142857143,-0.0063311946319608,-0.0005452250082199,data211.csv,1.0174111935646786,0.9917239245160304,1.0163920957608858,0.993142380337283
213,0.24,0.48,-0.0012589034847655,-0.0033543153960171,3,3.4285714285714284,6.857142857142857,-0.0001998259499627,-0.0005324310152408,1.0342857142857145,1.0685714285714285,-0.0059926021494165,-0.0004346912143038,data212.csv,1.018443341964822,0.992182146138628,1.0167400018100023,0.9934839822636556
214,0.26,0.52,0.0039090403211092,0.0029945008645004,3,3.7142857142857135,7.428571428571429,0.0006204825906522,0.0004753175975397,1.0371428571428571,1.0742857142857145,-0.0056057875257382,0.0001422927984492,data213.csv,1.01603113152471,0.9937492099233908,1.0159072597479892,0.9947367623867445
215,0.28,0.56,0.0046926362499022,-0.0048192295183304,3,4.000000000000001,8.000000000000002,0.0007448628968098,-0.0007649570664016,1.04,1.08,-0.0054315334751549,-0.0005655592722915,data214.csv,1.018300250480385,0.9936497204454968,1.016601169158783,0.9954604633804092
216,0.3,0.6,0.0081583001016498,0.0015028939790885,3,4.285714285714286,8.571428571428571,0.0012949682701031,0.0002385545998553,1.042857142857143,1.0857142857142856,-0.0052950661654919,-9.109878553275e-05,data215.csv,1.0172204992700336,0.9942269547591296,1.016629302606979,0.995276252328997
217,0.32,0.64,0.0102986042692939,-0.0009707168210828,3,4.571428571428571,9.142857142857142,0.0016346990903641,-0.0001540820350925,1.0457142857142858,1.0914285714285714,-0.0050053252919485,-0.0002648351028407,data216.csv,1.0183143930708047,0.9950062554561748,1.017134295995209,0.996278114251921
218,0.34,0.68,0.0129990323715693,-0.0029110852047342,3,4.857142857142857,9.714285714285714,0.0020633384716776,-0.0004620770166244,1.0485714285714285,1.0971428571428572,-0.004844034131928,-0.0002900803302733,data217.csv,1.0158201046274138,0.9959132205078348,1.016042618658505,0.9970171572274993
219,0.36,0.72,0.0141361795292829,-0.0054116612048081,3,5.142857142857143,10.285714285714286,0.002243838020521,-0.000858993842033,1.0514285714285714,1.1028571428571428,-0.0047163759075363,-0.000877349354703,data218.csv,1.0197921827724337,0.9952482455190296,1.0180394470443879,0.9976702659655843
220,0.38,0.76,0.0202896095602992,-0.00272386602086,3,5.428571428571429,10.857142857142858,0.0032205729460792,-0.0004323596858507,1.0542857142857145,1.1085714285714283,-0.0042927139352974,-0.0007868686235796,data219.csv,1.0160005985884517,0.9974279451902448,1.016343644623936,0.9984446839938155
221,0.4,0.8,0.0219660645867542,-0.002389698229444,3,5.714285714285714,11.428571428571429,0.0034866769185324,-0.0003793171792768,1.0571428571428572,1.1142857142857143,-0.0039415165810896,-0.0004073058284576,data220.csv,1.018871109355967,0.997398838592507,1.0178501090702412,0.9988545883061473
222,0.42,0.84,0.027376868648694,-0.0021468448701489,3,6.0,12.0,0.0043455347061419,-0.0003407690270077,1.06,1.12,-0.0035786751688383,-0.0004245830654712,data221.csv,1.0153819907097,0.9994913387747828,1.0162716823962767,0.9999650336117318
223,0.44,0.88,0.0271970899470899,2.0680708396750187e-05,3,6.285714285714286,12.571428571428571,0.0043169984042999,3.282652126468284e-06,1.062857142857143,1.1257142857142857,-0.0034889094183627,-0.0001543006842128,data222.csv,1.019636906117591,0.9981767925884164,1.0179246788451615,1.0004116702648598
224,0.46,0.92,0.0333832004065994,-0.0019560238793157,3,6.571428571428571,13.142857142857142,0.0052989206994602,-0.0003104799808437,1.0657142857142856,1.1314285714285717,-0.0032161289194872,-0.0004735275148778,data223.csv,1.0157434885925496,1.0005369949657772,1.016850070870206,1.0009602246071916
225,0.48,0.96,0.0345827494982667,-0.001419815117457,3,6.857142857142857,13.714285714285714,0.0054893253171851,-0.0002253674789614,1.0685714285714285,1.137142857142857,-0.0029200993661467,-0.0004846953831136,data224.csv,1.0186230514013856,1.0003809281848728,1.018145258486987,1.0015161656987865
226,0.5,1.0,0.0405795996559543,-0.0009282238222085,3,7.142857142857143,14.285714285714286,0.0064412062945959,-0.0001473371146362,1.0714285714285714,1.1428571428571428,-0.0026095567309208,-0.0001303642742181,data225.csv,1.0150237859009468,1.0023100852911215,1.0163768973772498,1.0031698265543447
227,0.52,1.04,0.0421480934136106,-0.0053909427429965,3,7.428571428571429,14.857142857142858,0.0066901735577159,-0.000855705197301,1.0742857142857145,1.1485714285714286,-0.0023807105643449,-0.0007650901620456,data226.csv,1.0203090847477234,1.001559142882708,1.01902218074486,1.0031192973046386
228,0.54,1.08,0.0503925013683634,0.000756333545096,3,7.714285714285714,15.428571428571429,0.00799880974101,0.000120052943666,1.0771428571428572,1.1542857142857144,-0.0017892546546076,-0.0001615408854171,data227.csv,1.0151766710677566,1.0040274832350833,1.0168011752226365,1.0043853879471174
229,0.56,1.12,0.0538878306878306,-0.0016284378637196,3,8.000000000000002,16.000000000000004,0.0085536239187032,-0.0002584822005904,1.08,1.16,-0.0013553726726961,-0.0006344779956108,data228.csv,1.0182906022083171,1.0037539557825086,1.018186976518475,1.004433386460654
230,0.58,1.16,0.0634296661193213,-0.0029742201382278,3,8.285714285714285,16.57142857142857,0.0100682009713208,-0.0004720984346393,1.0828571428571427,1.1657142857142857,-0.0006270232230823,-0.0004375908139952,data229.csv,1.015749798780418,1.0062360309873304,1.0168903864471348,1.0061408140449348
231,0.6,1.2,0.0662457580733442,0.0025209532963746,3,8.571428571428571,17.142857142857142,0.0105151996941816,0.0004001513168848,1.0857142857142856,1.1714285714285717,-0.0001965230536658,-0.0001400155562923,data230.csv,1.0205264843869235,1.004840513902182,1.0200204063355067,1.0053037066689765
232,0.62,1.24,0.0774193121693121,-0.0013835044953429,3,8.857142857142858,17.714285714285715,0.0122887797094146,-0.0002196038881496,1.0885714285714283,1.177142857142857,0.0004847463676829,-0.0001361554101915,data231.csv,1.016262378994766,1.0077322979933054,1.018287342088859,1.0075585179325675
233,0.64,1.28,0.0835577905491698,-0.0003539321413495,3,9.142857142857142,18.285714285714285,0.013263141357011,-5.617970497611111e-05,1.0914285714285714,1.1828571428571428,0.0012500362000909,-0.0001024752723493,data232.csv,1.0176698822929084,1.0064737472117802,1.018857058245095,1.0071869404933373
234,0.66,1.32,0.0978953325774754,-0.002178719976208,3,9.428571428571429,18.857142857142858,0.0155389416789643,-0.000345828567652,1.0942857142857143,1.1885714285714286,0.0023150532699852,-0.0003123628621256,data233.csv,1.0167920839914693,1.0072179176310034,1.0181874550890426,1.007535513860812
235,0.68,1.36,0.1066124794745484,-0.0039646809748759,3,9.714285714285714,19.428571428571427,0.0169226157896108,-0.0006293144404564,1.0971428571428572,1.1942857142857144,0.0033947627156439,-0.0007203008988969,data234.csv,1.0176577320076594,1.0079508961845778,1.0191282494139091,1.0078485805795183
236,0.7,1.4,0.1295407407407407,-0.0017038809934946,3,10.0,20.0,0.0205620223398001,-0.0002704573005546,1.1,1.2,0.0051919372261463,-0.0003305260445509,data235.csv,1.0182609430890184,1.0102165932587377,1.0197845093719584,1.009626655283343
237,0.72,1.44,0.1452101806239737,-0.0007032378859621,3,10.285714285714286,20.571428571428573,0.0230492350196783,-0.0001116250612638,1.1028571428571428,1.2057142857142855,0.0072769690677462,-4.730707985128888e-05,data236.csv,1.018098795350089,1.0086848853123034,1.0200386600987714,1.0088807500841637
238,0.74,1.48,0.1806600529100529,-0.0011408918687294,3,10.571428571428571,21.142857142857142,0.0286761988746115,-0.0001810939474173,1.1057142857142856,1.2114285714285713,0.0105405013857394,-0.0003334850959793,data237.csv,1.0164544929680657,1.0095231600019623,1.018664137600229,1.0088668314179925
239,0.76,1.52,0.207417816091954,-0.0040652313476694,3,10.857142857142858,21.714285714285715,0.0329234628717387,-0.0006452748170903,1.1085714285714283,1.217142857142857,0.0142740057283024,-0.0003863762821447,data238.csv,1.0183548277102157,1.0099138581429314,1.0203970659580412,1.009189707580293
240,0.78,1.56,0.2644124338624338,-0.0040536667938655,3,11.142857142857142,22.285714285714285,0.0419702275972117,-0.0006434391736294,1.1114285714285714,1.2228571428571429,0.0203689846308894,-0.0006229087500613,data239.csv,1.0190787722476562,1.0114573377008675,1.0209689505569717,1.0102517119201004
241,0.8,1.6,0.3072835249042145,-0.0013355547432558,3,11.428571428571429,22.857142857142858,0.0487751626832086,-0.0002119928163898,1.1142857142857143,1.2285714285714286,0.0272007374682524,-0.0004488571784537,data240.csv,1.0211534954657433,1.0092782614616027,1.0216485786386786,1.0095290326130684
242,0.82,1.64,0.3854402116402116,-0.0025392548836931,3,11.714285714285714,23.428571428571427,0.0611809859746367,-0.0004030563307449,1.1171428571428572,1.2342857142857142,0.0369079880568659,-0.0003679841210521,data241.csv,1.022712418876116,1.0094075695946887,1.023486635190367,1.0088799056710402
243,0.84,1.68,0.4466232804232804,-0.0033089592597953,3,12.0,24.0,0.0708925841941715,-0.0005252316285389,1.12,1.24,0.0470732342319643,-0.0007379189161823,data242.csv,1.0233388305295577,1.0088719514642357,1.024123899054172,1.0083533572579513
244,0.86,1.72,0.5458039682539683,-0.0020567478763299,3,12.285714285714286,24.571428571428573,0.0866355505165029,-0.0003264679168777,1.1228571428571428,1.2457142857142858,0.0603575837742504,-0.0003229644291397,data243.csv,1.0245991711982836,1.008541946843073,1.025088264207557,1.0079005735874418
245,0.88,1.76,0.6135842911877395,-0.001870079688239,3,12.571428571428571,25.142857142857142,0.0973943319345618,-0.0002968380457522,1.1257142857142857,1.2514285714285711,0.0731854711659035,-0.0003975930180584,data244.csv,1.0268439273605137,1.0074836250516837,1.026818798900188,1.007343943322526
246,0.9,1.8,0.7198218390804597,-0.0027689873279266,3,12.857142857142858,25.714285714285715,0.1142574347746761,-0.0004395217980835,1.1285714285714286,1.2571428571428571,0.0887309891602447,-0.0002506225976637,data245.csv,1.028209378953391,1.0072038022489318,1.0278842205879992,1.0065821953993461
247,0.92,1.84,0.792902380952381,-9.773746867966875e-05,3,13.142857142857142,26.285714285714285,0.1258575207860922,-1.551388391740774e-05,1.1314285714285717,1.262857142857143,0.1037684468423384,-0.0003248879687461,data246.csv,1.0295766386412688,1.0059310686566632,1.0292518836354172,1.0052755380911997
248,0.94,1.88,0.9077862433862434,-0.0042072385019111,3,13.428571428571429,26.857142857142858,0.1440930545057529,-0.0006678156352239,1.1342857142857143,1.268571428571429,0.1218970563534055,-0.0007115235423174,data247.csv,1.0311670450464523,1.0051042639896428,1.030485254622403,1.004577835547607
249,0.96,1.92,0.9838095238095238,-0.0024472412116853,3,13.714285714285714,27.428571428571427,0.1561602418745276,-0.0003884509859817,1.137142857142857,1.2742857142857142,0.1402001973628957,-0.0005094730658439,data248.csv,1.0316138300033917,1.0038430469653248,1.0314486556817826,1.003307766171901
250,0.98,1.96,1.099339930799906,-0.0024709307506268,3,14.0,28.0,0.1744984017142708,-0.0003922112302582,1.14,1.28,0.161443792273949,-0.0002764956083683,data249.csv,1.0332310238355338,1.0022516215131123,1.0324622861657868,1.001590415441786
251,1.0,2.0,1.1321877394636015,-0.002441618430907,3,14.285714285714286,28.571428571428573,0.179712339597397,-0.0003875584810963,1.1428571428571428,1.2857142857142858,0.179712339597397,-0.0003875584810963,data250.csv,1.0331423634798145,1.0012039850653196,1.0331423634798145,1.0012039850653196
252,0.98,1.96,0.934851851851852,-0.0010129139148141,3,14.0,28.0,0.1483891828336273,-0.0001607799864784,1.14,1.28,0.161443792273949,-0.0002764956083683,data251.csv,1.03169354849604,1.00092920937046,1.0324622861657868,1.001590415441786
253,0.96,1.92,0.782712962962963,-0.0039721194179493,3,13.714285714285714,27.428571428571427,0.1242401528512639,-0.0006304951457062,1.137142857142857,1.2742857142857142,0.1402001973628957,-0.0005094730658439,data252.csv,1.0312834813601734,1.002772485378477,1.0314486556817826,1.003307766171901
254,0.94,1.88,0.6281166666666667,-0.0047579581312893,3,13.428571428571429,26.857142857142858,0.0997010582010582,-0.000755231449411,1.1342857142857143,1.268571428571429,0.1218970563534055,-0.0007115235423174,data253.csv,1.0298034641983538,1.0040514071055713,1.030485254622403,1.004577835547607
255,0.92,1.84,0.5145800492610837,-0.003995850937522,3,13.142857142857142,26.285714285714285,0.0816793728985847,-0.0006342620535749,1.1314285714285717,1.262857142857143,0.1037684468423384,-0.0003248879687461,data254.csv,1.0289271286295656,1.0046200075257363,1.0292518836354172,1.0052755380911997
256,0.9,1.8,0.3981886243386243,-0.0003888574026371,3,12.857142857142858,25.714285714285715,0.0632045435458133,-6.172339724398412e-05,1.1285714285714286,1.2571428571428571,0.0887309891602447,-0.0002506225976637,data255.csv,1.0275590622226072,1.0059605885497604,1.0278842205879992,1.0065821953993461
257,0.88,1.76,0.3085526455026455,-0.0031395923392974,3,12.571428571428571,25.142857142857142,0.0489766103972453,-0.0004983479903646,1.1257142857142857,1.2514285714285711,0.0731854711659035,-0.0003975930180584,data256.csv,1.0267936704398624,1.007204261593368,1.026818798900188,1.007343943322526
258,0.86,1.72,0.2147015873015873,-0.0020126039308311,3,12.285714285714286,24.571428571428573,0.0340796170319979,-0.0003194609414017,1.1228571428571428,1.2457142857142858,0.0603575837742504,-0.0003229644291397,data257.csv,1.0255773572168303,1.0072592003318108,1.025088264207557,1.0079005735874418
259,0.84,1.68,0.1464994708994709,-0.0059888190841024,3,12.0,24.0,0.0232538842697572,-0.0009506062038257,1.12,1.24,0.0470732342319643,-0.0007379189161823,data258.csv,1.024908967578786,1.007834763051667,1.024123899054172,1.0083533572579513
260,0.82,1.64,0.0796004378762999,-0.0020973450415648,3,11.714285714285714,23.428571428571427,0.0126349901390952,-0.0003329119113594,1.1171428571428572,1.2342857142857142,0.0369079880568659,-0.0003679841210521,data259.csv,1.024260851504618,1.008352241747392,1.023486635190367,1.0088799056710402
261,0.8,1.6,0.0354457671957672,-0.0043200457052618,3,11.428571428571429,22.857142857142858,0.0056263122532963,-0.0006857215405177,1.1142857142857143,1.2285714285714286,0.0272007374682524,-0.0004488571784537,data260.csv,1.0221436618116142,1.0097798037645338,1.0216485786386786,1.0095290326130684
262,0.78,1.56,-0.0077632275132275,-0.0037949834569081,3,11.142857142857142,22.285714285714285,-0.0012322583354329,-0.0006023783264933,1.1114285714285714,1.2228571428571429,0.0203689846308894,-0.0006229087500613,data261.csv,1.0228591288662874,1.009046086139333,1.0209689505569717,1.0102517119201004
263,0.76,1.52,-0.0275653439153439,-0.0008031098073544,3,10.857142857142858,21.714285714285715,-0.0043754514151339,-0.0001274777471991,1.1085714285714283,1.217142857142857,0.0142740057283024,-0.0003863762821447,data262.csv,1.022439304205867,1.0084655570176544,1.0203970659580412,1.009189707580293
264,0.74,1.48,-0.0478497354497354,-0.0030610203406106,3,10.571428571428571,21.142857142857142,-0.0075951961031326,-0.0004858762445413,1.1057142857142856,1.2114285714285713,0.0105405013857394,-0.0003334850959793,data263.csv,1.0208737822323923,1.0082105028340227,1.018664137600229,1.0088668314179925
265,0.72,1.44,-0.0535203703703703,0.0001071686798357,3,10.285714285714286,20.571428571428573,-0.0084952968841857,1.7010901561222224e-05,1.1028571428571428,1.2057142857142855,0.0072769690677462,-4.730707985128888e-05,data264.csv,1.0219785248474538,1.009076614856024,1.0200386600987714,1.0088807500841637
266,0.7,1.4,-0.0641223316912972,-0.0024607471678477,3,10.0,20.0,-0.0101781478875074,-0.0003905947885472,1.1,1.2,0.0051919372261463,-0.0003305260445509,data265.csv,1.0213080756548985,1.0090367173079486,1.0197845093719584,1.009626655283343
267,0.68,1.36,-0.0638384692574347,-0.0051111103512267,3,9.714285714285714,19.428571428571427,-0.0101330903583229,-0.0008112873573375,1.0971428571428572,1.1942857142857144,0.0033947627156439,-0.0007203008988969,data266.csv,1.0205987668201588,1.007746264974459,1.0191282494139091,1.0078485805795183
268,0.66,1.32,-0.0687256613756613,-0.001757052086575,3,9.428571428571429,18.857142857142858,-0.0109088351389938,-0.0002788971565992,1.0942857142857143,1.1885714285714286,0.0023150532699852,-0.0003123628621256,data267.csv,1.019582826186616,1.0078531100906205,1.0181874550890426,1.007535513860812
269,0.64,1.28,-0.067807334428024,-0.0009372562902522,3,9.142857142857142,18.285714285714285,-0.0107630689568292,-0.0001487708397225,1.0914285714285714,1.1828571428571428,0.0012500362000909,-0.0001024752723493,data268.csv,1.020044234197282,1.0079001337748947,1.018857058245095,1.0071869404933373
270,0.62,1.24,-0.0713115079365079,-0.0003320536730716,3,8.857142857142858,17.714285714285715,-0.0113192869740488,-5.27069322335873e-05,1.0885714285714283,1.177142857142857,0.0004847463676829,-0.0001361554101915,data269.csv,1.020312305182952,1.0073847378718297,1.018287342088859,1.0075585179325675
271,0.6,1.2,-0.0687219485495347,-0.004285149305658,3,8.571428571428571,17.142857142857142,-0.0109082458015134,-0.0006801824294695,1.0857142857142856,1.1714285714285717,-0.0001965230536658,-0.0001400155562923,data270.csv,1.01951432828409,1.005766899435771,1.0200204063355067,1.0053037066689765
272,0.58,1.16,-0.0713301587301587,-0.0025394241181123,3,8.285714285714285,16.57142857142857,-0.0113222474174855,-0.0004030831933511,1.0828571428571427,1.1657142857142857,-0.0006270232230823,-0.0004375908139952,data271.csv,1.0180309741138518,1.0060455971025395,1.0168903864471348,1.0061408140449348
273,0.56,1.12,-0.0709655263638022,-0.0063659848809776,3,8.000000000000002,16.000000000000004,-0.0112643692640955,-0.0010104737906313,1.08,1.16,-0.0013553726726961,-0.0006344779956108,data272.csv,1.018083350828633,1.0051128171387995,1.018186976518475,1.004433386460654
274,0.54,1.08,-0.0729371100164203,-0.0027917487013524,3,7.714285714285714,15.428571428571429,-0.0115773190502254,-0.0004431347145003,1.0771428571428572,1.1542857142857144,-0.0017892546546076,-0.0001615408854171,data273.csv,1.0184256793775162,1.0047432926591515,1.0168011752226365,1.0043853879471174
275,0.52,1.04,-0.0721450465243568,-0.0042491932987789,3,7.428571428571429,14.857142857142858,-0.0114515946864058,-0.0006744751267903,1.0742857142857145,1.1485714285714286,-0.0023807105643449,-0.0007650901620456,data274.csv,1.0177352767419965,1.0046794517265691,1.01902218074486,1.0031192973046386
276,0.5,1.0,-0.0734600144655563,-0.000714366032941,3,7.142857142857143,14.285714285714286,-0.0116603197564375,-0.0001133914338001,1.0714285714285714,1.1428571428571428,-0.0026095567309208,-0.0001303642742181,data275.csv,1.0177300088535528,1.0040295678175677,1.0163768973772498,1.0031698265543447
277,0.48,0.96,-0.0713760015117158,-0.0046873467097753,3,6.857142857142857,13.714285714285714,-0.0113295240494787,-0.0007440232872659,1.0685714285714285,1.137142857142857,-0.0029200993661467,-0.0004846953831136,data276.csv,1.0176674655725886,1.0026514032127003,1.018145258486987,1.0015161656987865
278,0.46,0.92,-0.073906424792139,-0.004010422808146,3,6.571428571428571,13.142857142857142,-0.0117311785384347,-0.000636575048912,1.0657142857142856,1.1314285714285717,-0.0032161289194872,-0.0004735275148778,data277.csv,1.0179566531478623,1.0013834542486058,1.016850070870206,1.0009602246071916
279,0.44,0.88,-0.0711573486184597,-0.0019648693294784,3,6.285714285714286,12.571428571428571,-0.0112948172410253,-0.0003118840205521,1.062857142857143,1.1257142857142857,-0.0034889094183627,-0.0001543006842128,data278.csv,1.016212451572732,1.0026465479413031,1.0179246788451615,1.0004116702648598
280,0.42,0.84,-0.0724681757760575,-0.003202901754789,3,6.0,12.0,-0.0115028850438186,-0.0005083971039347,1.06,1.12,-0.0035786751688383,-0.0004245830654712,data279.csv,1.0171613740828536,1.0004387284486809,1.0162716823962767,0.9999650336117318
281,0.4,0.8,-0.0716291735084838,-0.0027423552091238,3,5.714285714285714,11.428571428571429,-0.0113697100807117,-0.0004352944776386,1.0571428571428572,1.1142857142857143,-0.0039415165810896,-0.0004073058284576,data280.csv,1.0168291087845154,1.0003103380197875,1.0178501090702412,0.9988545883061473
282,0.38,0.76,-0.0743778051450465,-0.0071906786362448,3,5.428571428571429,10.857142857142858,-0.011806000816674,-0.0011413775613086,1.0542857142857145,1.1085714285714283,-0.0042927139352974,-0.0007868686235796,data281.csv,1.01668669065942,0.999461422797386,1.016343644623936,0.9984446839938155
283,0.36,0.72,-0.0735625159642401,-0.0056429406644509,3,5.142857142857143,10.285714285714286,-0.0116765898355936,-0.0008957048673731,1.0514285714285714,1.1028571428571428,-0.0047163759075363,-0.000877349354703,data282.csv,1.016286711316342,1.0000922864121389,1.0180394470443879,0.9976702659655843
284,0.34,0.68,-0.0740338624338624,-0.0007439269567106,3,4.857142857142857,9.714285714285714,-0.0117514067355337,-0.0001180836439223,1.0485714285714285,1.0971428571428572,-0.004844034131928,-0.0002900803302733,data283.csv,1.0162651326895964,0.9981210939471636,1.016042618658505,0.9970171572274993
285,0.32,0.64,-0.0733657029478457,-0.0023662054747107,3,4.571428571428571,9.142857142857142,-0.0116453496742612,-0.000375588170589,1.0457142857142858,1.0914285714285714,-0.0050053252919485,-0.0002648351028407,data284.csv,1.0159541989196132,0.9975499730476672,1.017134295995209,0.996278114251921
286,0.3,0.6,-0.074876133786848,-0.0026507386768015,3,4.285714285714286,8.571428571428571,-0.0118851006010869,-0.0004207521709208,1.042857142857143,1.0857142857142856,-0.0052950661654919,-9.109878553275e-05,data285.csv,1.0160381059439247,0.9963255498988643,1.016629302606979,0.995276252328997
287,0.28,0.56,-0.0731299580368546,-0.002306817312543,3,4.000000000000001,8.000000000000002,-0.0116079298471197,-0.0003661614781814,1.04,1.08,-0.0054315334751549,-0.0005655592722915,data286.csv,1.0149020878371808,0.9972712063153216,1.016601169158783,0.9954604633804092
288,0.26,0.52,-0.0745419631454114,-0.0012016116040399,3,3.7142857142857135,7.428571428571429,-0.0118320576421287,-0.0001907320006412,1.0371428571428571,1.0742857142857145,-0.0056057875257382,0.0001422927984492,data287.csv,1.0157833879712688,0.995724314850098,1.0159072597479892,0.9947367623867445
289,0.24,0.48,-0.0742478835978836,-0.0021227939042115,3,3.4285714285714284,6.857142857142857,-0.0117853783488704,-0.0003369514133669,1.0342857142857145,1.0685714285714285,-0.0059926021494165,-0.0004346912143038,data288.csv,1.0150366616551825,0.9947858183886832,1.0167400018100023,0.9934839822636556
290,0.22,0.44,-0.0765407772304324,-0.0048305997098855,3,3.142857142857143,6.285714285714286,-0.0121493297191162,-0.0007667618587119,1.0314285714285714,1.062857142857143,-0.0063311946319608,-0.0005452250082199,data289.csv,1.0153729979570931,0.9945608361585354,1.0163920957608858,0.993142380337283
291,0.2,0.4,-0.0760034694634249,-0.0014321713460127,3,2.857142857142857,5.714285714285714,-0.0120640427719722,-0.0002273287850813,1.0285714285714285,1.0571428571428572,-0.0066530344432236,-0.0001506955363891,data290.csv,1.0143669188984068,0.9944472064846184,1.0161466407768436,0.9931549415832979
292,0.18,0.36,-0.076309650871843,-0.0045110024771988,3,2.571428571428572,5.142857142857143,-0.0121126429955306,-0.0007160321392379,1.0257142857142858,1.0514285714285714,-0.0068285788133899,-0.0006854478126428,data291.csv,1.0151971314113768,0.9929968914317222,1.0158096783319817,0.9922242546173898
293,0.16,0.32,-0.0758097883597883,-0.0050195223890561,3,2.2857142857142856,4.571428571428571,-0.0120332997396489,-0.0007967495855644,1.022857142857143,1.0457142857142858,-0.007164179800864,-0.0008096537881121,data292.csv,1.0145379659772642,0.9925681115429774,1.0161595961891077,0.9916249776984559
294,0.14,0.28,-0.0772428571428571,-0.0020012993340121,3,2.0000000000000004,4.000000000000001,-0.0122607709750566,-0.0003176665609543,1.02,1.04,-0.0076030486268581,-0.0001940459924749,data293.csv,1.014612885732203,0.992852438152668,1.0162071278962637,0.991500071108276
295,0.12,0.24,-0.0765846013501186,-0.0068022082425506,3,1.7142857142857142,3.4285714285714284,-0.0121562859285902,-0.0010797155940556,1.0171428571428571,1.0342857142857145,-0.0079449440056993,-0.0008601977078932,data294.csv,1.0142604280569187,0.9912745598076096,1.0160827724260808,0.9903802716972875
296,0.1,0.2,-0.0756978471081919,-0.0055958029751967,3,1.4285714285714286,2.857142857142857,-0.0120155312870145,-0.0008882226944756,1.0142857142857142,1.0285714285714285,-0.0081294457331676,-0.0007029860750585,data295.csv,1.0143092612419438,0.9913009196910124,1.016039305017559,0.9902783820896435
297,0.08,0.16,-0.0755428004535147,9.00878105560037e-05,3,1.1428571428571428,2.2857142857142856,-0.011990920706907,1.4299652469206937e-05,1.0114285714285711,1.022857142857143,-0.008562126986793,0.0001416141763646,data296.csv,1.013768658736762,0.9910565373560934,1.0157314980910446,0.9897881320575777
298,0.06,0.12,-0.0766314358693669,0.0002961602334792,3,0.8571428571428571,1.7142857142857142,-0.0121637199792645,4.700956086971429e-05,1.008571428571429,1.0171428571428571,-0.0089766157755444,-0.0002703712985673,data297.csv,1.0137883912666603,0.9916913052377584,1.0155848274554877,0.9899368665855005
299,0.04,0.08,-0.0764798759350483,-0.0028506317840522,3,0.5714285714285714,1.1428571428571428,-0.012139662846833,-0.0004524812355638,1.0057142857142858,1.0114285714285711,-0.009573038974243,-0.0002345172158165,data298.csv,1.0136546152536416,0.991074891763426,1.01577108709342,0.9897173353714588
300,0.02,0.04,-0.0769547996976568,-0.0051993431426458,3,0.2857142857142857,0.5714285714285714,-0.0122150475710566,-0.0008252925623247,1.002857142857143,1.0057142857142858,-0.0103523912049988,-0.0002386963293364,data299.csv,1.0134488287956829,0.990374310346306,1.0155931528216695,0.9893047399426671
301,0.0,0.0,-0.073859781843772,-0.0016218560878996,4,0.0,0.0,-0.0117237748958368,-0.0002574374742697,1.0,1.0,-0.0117237748958368,-0.0002574374742697,data300.csv,1.0126761369609711,0.9910357101116818,1.0126761369609711,0.9910357101116818
302,0.01,0.04,-0.0621219576719576,-0.0068552783197375,4,0.1428571428571428,0.5714285714285714,-0.009860628201898,-0.0010881394158313,1.0014285714285711,1.0057142857142858,-0.009860628201898,-0.0010881394158313,data301.csv,1.0132498604089266,0.9918282338563468,1.0132498604089266,0.9918282338563468
303,0.02,0.08,-0.0509857006020799,-0.0036214197851947,4,0.2857142857142857,1.1428571428571428,-0.0080929683495364,-0.0005748285373324,1.002857142857143,1.0114285714285711,-0.0105083677027338,-0.0006702149449042,data302.csv,1.013870859142847,0.992544294128754,1.0123593557421804,0.9926307472094948
304,0.03,0.12,-0.046437037037037,-0.0072978197662914,4,0.4285714285714285,1.7142857142857142,-0.0073709582598471,-0.0011583840898875,1.0042857142857142,1.0171428571428571,-0.0095401053567446,-0.0007824154698291,data303.csv,1.0140636932866536,0.991536257285615,1.0129453046021881,0.9924097234477349
305,0.04,0.16,-0.0407796296296296,-0.0035743188289927,4,0.5714285714285714,2.2857142857142856,-0.0064729570840681,-0.0005673521950782,1.0057142857142858,1.022857142857143,-0.0090907764340303,-0.0005536151996786,data304.csv,1.014310614008691,0.9915465062135064,1.0131974988433932,0.9923184540105043
306,0.05,0.2,-0.0361256157635468,-0.004553181204404,4,0.7142857142857143,2.857142857142857,-0.0057342247243725,-0.0007227271753022,1.0071428571428571,1.0285714285714285,-0.00856640813596,-0.0005206662349065,data305.csv,1.014466276845662,0.9917864775108794,1.0134498816163298,0.9928328989224312
307,0.06,0.24,-0.0358576719576719,-0.0002730000440579,4,0.8571428571428571,3.4285714285714284,-0.0056916939615352,-4.333334032665079e-05,1.008571428571429,1.0342857142857145,-0.0085988312530577,-0.0002490820584331,data306.csv,1.014425224407067,0.9915378452507552,1.0128834695475355,0.9926764795306062
308,0.07,0.28,-0.0322009637188208,-0.0034120413875721,4,1.0000000000000002,4.000000000000001,-0.0051112640823525,-0.0005415938710431,1.01,1.04,-0.008345577031518,-0.0004826227456308,data307.csv,1.0144667445587816,0.9921977020772108,1.013456489230736,0.9928421065910754
309,0.08,0.32,-0.0272442984856778,-0.0055755630634265,4,1.1428571428571428,4.571428571428571,-0.0043244918231234,-0.0008850100100676,1.0114285714285711,1.0457142857142858,-0.0078406913638166,-0.0006815540882843,data308.csv,1.0146603830451826,0.9919282029001056,1.0131288732800252,0.9930048293019003
310,0.09,0.36,-0.0255510582010582,-0.0048029843259886,4,1.2857142857142858,5.142857142857143,-0.0040557235239774,-0.0007623784644426,1.012857142857143,1.0514285714285714,-0.0076797472075249,-0.0008270005243103,data309.csv,1.0147821816910445,0.9923285986938686,1.013643930220952,0.9936789294678317
311,0.1,0.4,-0.0227507936507936,-0.0014053422948845,4,1.4285714285714286,5.714285714285714,-0.0036112370874275,-0.0002230702055372,1.0142857142857142,1.0571428571428572,-0.0075265831747768,-0.0001034013554925,data310.csv,1.0148255533016954,0.9927352608739802,1.0132971540608477,0.9935798088026611
312,0.11,0.44,-0.0192323116219667,-0.0026082854720672,4,1.5714285714285714,6.285714285714286,-0.0030527478765026,-0.0004140135669947,1.0157142857142858,1.062857142857143,-0.0072321352551237,-0.0004373266650341,data311.csv,1.0138972575527725,0.9939551175515794,1.0134891155832708,0.9942098182876773
313,0.12,0.48,-0.0172792927515833,-0.0043664841546292,4,1.7142857142857142,6.857142857142857,-0.0027427448812036,-0.000693092722957,1.0171428571428571,1.0685714285714285,-0.006905577182524,-0.0005343994820354,data312.csv,1.0150550634387103,0.9926855921727112,1.013557612840533,0.9941137763712176
314,0.13,0.52,-0.0139239098704615,-0.0037462478798825,4,1.8571428571428568,7.428571428571429,-0.0022101444238827,-0.0005946425206162,1.0185714285714285,1.0742857142857145,-0.0066692137050647,-0.000508995473694,data313.csv,1.0152314635742008,0.9934054258183184,1.0141239623338416,0.9945534122792156
315,0.14,0.56,-0.010932881773399,-0.0024905744062459,4,2.0000000000000004,8.000000000000002,-0.0017353780592696,-0.0003953292708326,1.02,1.08,-0.0063917447140626,-0.0004005076108323,data314.csv,1.0135897028498946,0.995061774329604,1.0129601476586312,0.9953334707030694
316,0.15,0.6,-0.0099828042328042,-0.0032325269614,4,2.142857142857143,8.571428571428571,-0.0015845721004451,-0.0005130995176825,1.0214285714285714,1.0857142857142856,-0.0062821006317478,-0.000402343430494,data315.csv,1.0151487714727483,0.9939830220541376,1.0140617170631576,0.9955045923142165
317,0.16,0.64,-0.0064622331691297,-0.0034815311390989,4,2.2857142857142856,9.142857142857142,-0.0010257512966872,-0.0005526239903331,1.022857142857143,1.0914285714285714,-0.0059540883038126,-0.0007209728805267,data316.csv,1.0154975794376928,0.9937394979951492,1.0140747959354997,0.9949471429638614
318,0.17,0.68,-0.0033820470717022,-0.0019504883395364,4,2.4285714285714284,9.714285714285714,-0.0005368328685241,-0.0003096013237359,1.0242857142857142,1.0971428571428572,-0.005523140546129,-0.0003943781471592,data317.csv,1.0141352944479962,0.9956883566857676,1.0136975944111963,0.9968174863270218
319,0.18,0.72,-0.0032450449315528,-0.0034676919616771,4,2.571428571428572,10.285714285714286,-0.0005150864970718,-0.0005504272955043,1.0257142857142858,1.1028571428571428,-0.0054108894194557,-0.00050222828342,data318.csv,1.0155293245174026,0.9948841092120424,1.013912614030959,0.9964114139371165
320,0.19,0.76,-0.0014495438788542,-0.0043630325596158,4,2.7142857142857144,10.857142857142858,-0.0002300863299768,-0.0006925448507326,1.0271428571428571,1.1085714285714283,-0.0053577430546505,-0.0006956482105804,data319.csv,1.0151763223656391,0.9950417483535148,1.0143732380411048,0.9960724400214411
321,0.2,0.8,0.0029270030234315,-0.0040865979751757,4,2.857142857142857,11.428571428571429,0.0004646036545129,-0.0006486663452659,1.0285714285714285,1.1142857142857143,-0.0048440441645246,-0.0006213844012774,data320.csv,1.0142282293132936,0.9965663160958236,1.0138018165247624,0.9977479717011134
322,0.21,0.84,0.0035060207991242,-0.0056026812392238,4,3.0,12.0,0.0005565112379562,-0.0008893144824164,1.03,1.12,-0.0046645196392733,-0.0006909326778853,data321.csv,1.0152772491178832,0.996117780510044,1.0143988908329988,0.9976721364462461
323,0.22,0.88,0.0046920452472176,-0.0033641047544323,4,3.142857142857143,12.571428571428571,0.0007447690868599,-0.0005339848816559,1.0314285714285714,1.1257142857142857,-0.0046392791258691,-0.0002215710014021,data322.csv,1.0153238050749125,0.996237771688412,1.014456028297574,0.9974728728673574
324,0.23,0.92,0.0072066717491594,-0.0044167034845853,4,3.2857142857142856,13.142857142857142,0.0011439161506602,-0.0007010640451722,1.032857142857143,1.1314285714285717,-0.0045044096365055,-0.0004688306714767,data323.csv,1.015531375969498,0.9964951279548894,1.0147341542888926,0.9975949288399864
325,0.24,0.96,0.0078293839758125,-0.0037807953154902,4,3.4285714285714284,13.714285714285714,0.00124275936124,-0.000600126240554,1.0342857142857145,1.137142857142857,-0.0042253817144446,-0.0009136115014973,data324.csv,1.015357373547741,0.9972739424919888,1.0145584471407485,0.9989603314941127
326,0.25,1.0,0.0102154761904761,-0.0046214220321555,4,3.571428571428572,14.285714285714286,0.0016215041572184,-0.000733559052723,1.0357142857142858,1.1428571428571428,-0.0040057033760411,-0.0006191224761276,data325.csv,1.0156771064752397,0.9973134526826292,1.0148003939269417,0.9984583279864585
327,0.26,1.04,0.012530560116767,-0.0050944243622582,4,3.7142857142857135,14.857142857142858,0.0019889777963122,-0.00080863878766,1.0371428571428571,1.1485714285714286,-0.0038271054696889,-0.0003939393912578,data326.csv,1.0147277294395345,0.9988287185487128,1.0145670126740045,0.9992721567882693
328,0.27,1.08,0.0135913063309615,-0.002195497797807,4,3.857142857142857,15.428571428571429,0.0021573502112637,-0.0003484917139376,1.0385714285714285,1.1542857142857144,-0.0036412447908069,-0.0004191707709128,data327.csv,1.0160436399049666,0.9980978375710152,1.0151721260708726,0.9996020129580641
329,0.28,1.12,0.0149230979748221,-0.001340946630563,4,4.000000000000001,16.000000000000004,0.0023687457102892,-0.0002128486715179,1.04,1.16,-0.0034691292864527,-0.0003947416252921,data328.csv,1.0164212797728869,0.9990965373835048,1.0152016825085446,1.000428789607792
330,0.29,1.16,0.0203267195767195,-0.0032423806026565,4,4.142857142857142,16.57142857142857,0.0032264634248761,-0.0005146635877232,1.0414285714285714,1.1657142857142857,-0.0029789109647386,-0.0005355249002933,data329.csv,1.0143151161220088,1.0001555774298068,1.0144520587995551,1.0004029567268438
331,0.3,1.2,0.0208776487606536,-0.0052304193048193,4,4.285714285714286,17.142857142857142,0.003313912501691,-0.0008302252864792,1.042857142857143,1.1714285714285717,-0.0027712415927874,-0.0008227102352325,data330.csv,1.016074703293635,1.000296378010129,1.015144138645027,1.0013968115947756
332,0.31,1.24,0.0221116605616605,-0.0050519793204244,4,4.428571428571429,17.714285714285715,0.0035097873907397,-0.0008019014794324,1.0442857142857145,1.177142857142857,-0.0025779707261189,-0.0007699262320761,data331.csv,1.0162252277988342,0.9996215721684516,1.0154556266002053,1.0005529063761252
333,0.32,1.28,0.0272242291552636,-0.0050461295818592,4,4.571428571428571,18.285714285714285,0.0043213062151212,-0.0008009729495014,1.0457142857142858,1.1828571428571428,-0.0021753467244709,-0.0007426716192277,data332.csv,1.0143511090374695,1.0013825439420936,1.0145092094885935,1.0020772734730132
334,0.33,1.32,0.0287517690984439,-0.0060182514421893,4,4.714285714285714,18.857142857142858,0.0045637728727688,-0.0009552780066967,1.0471428571428572,1.1885714285714286,-0.0016683572626277,-0.0005993616974632,data333.csv,1.016162593015186,1.0017434677125072,1.015478909131113,1.0025757692707171
335,0.34,1.36,0.0291406677613574,-0.001429576926083,4,4.857142857142857,19.428571428571427,0.004625502819263,-0.0002269169723941,1.0485714285714285,1.1942857142857144,-0.001640298417001,-0.0002243474287557,data334.csv,1.016829561139882,1.0010026795426157,1.015951290624,1.0018758657067066
336,0.35,1.4,0.0331351943076081,-0.0008474131480618,4,5.0,20.0,0.0052595546520012,-0.0001345100235018,1.05,1.2,-0.0013292070056347,-9.9128222851e-06,data335.csv,1.0147908180720655,1.0024044635175644,1.0149907131030371,1.002533555545764
337,0.36,1.44,0.0353195767195767,-0.0058554597380378,4,5.142857142857143,20.571428571428573,0.0056062820189804,-0.0009294380536567,1.0514285714285714,1.2057142857142855,-0.0008378099917215,-0.000732196139873,data336.csv,1.0147347983491275,1.0034706503019923,1.0149171477583812,1.0038917740373887
338,0.37,1.48,0.0364548440065681,-0.0062144518573298,4,5.285714285714286,21.142857142857142,0.0057864831756457,-0.0009864209297348,1.052857142857143,1.2114285714285713,-0.0005931312499457,-0.0007719716945968,data337.csv,1.016052923044141,1.003298763580356,1.015594440768767,1.0036120945191511
339,0.38,1.52,0.0406233938019652,-0.0047829188962164,4,5.428571428571429,21.714285714285715,0.0064481577463436,-0.0007591934755899,1.0542857142857145,1.217142857142857,-0.0002858117673877,-0.0009158220441037,data338.csv,1.0168280675063308,1.003619721050777,1.016377348728652,1.0031411080274406
340,0.39,1.56,0.0438936507936508,-0.0028663167973478,4,5.571428571428571,22.285714285714285,0.0069672461577223,-0.0004549709202139,1.0557142857142856,1.2228571428571429,0.000299088771311,-0.0003399716865489,data339.csv,1.0139094116104324,1.0050814311446494,1.0146333591277865,1.0053383176006376
341,0.4,1.6,0.0454589490968801,-0.0020796050180703,4,5.714285714285714,22.857142857142858,0.0072157062058539,-0.0003300960346143,1.0571428571428572,1.2285714285714286,0.0008004375866991,-0.0006704962734391,data340.csv,1.0164357930979075,1.0049655606566488,1.0161668910066066,1.0045152986211072
342,0.41,1.64,0.0520375661375661,-0.0040208182619227,4,5.857142857142857,23.428571428571427,0.008259931132947,-0.0006382251209401,1.0585714285714285,1.2342857142857142,0.001409093090499,-0.0004452151203896,data341.csv,1.0163998548101272,1.0047912654358688,1.0163196504076022,1.0037097938068653
343,0.42,1.68,0.0557104249745875,-0.0053981975208089,4,6.0,24.0,0.0088429245991408,-0.0008568567493347,1.06,1.24,0.0022754782445727,-0.0005501284750398,data342.csv,1.0137593779315393,1.0063459995558504,1.0148214621749148,1.0053167169898232
344,0.43,1.72,0.0570752284114353,-0.0040845317409887,4,6.142857142857143,24.571428571428573,0.0090595600653071,-0.0006483383715855,1.0614285714285714,1.2457142857142858,0.0027878808430345,-0.0005598999042271,data343.csv,1.0169992579421028,1.0061553759251958,1.016469414972243,1.0055577989735094
345,0.44,1.76,0.0641555555555555,-0.0022658048597455,4,6.285714285714286,25.142857142857142,0.0101834215167548,-0.0003596515650389,1.062857142857143,1.2514285714285711,0.0035707776937935,-0.0001588225099834,data344.csv,1.0146940833986913,1.007061834842127,1.0158162721755706,1.0049484622983715
346,0.45,1.8,0.0709447089947089,-0.005735618155188,4,6.428571428571429,25.714285714285715,0.011261064919795,-0.0009104155801885,1.0642857142857145,1.2571428571428571,0.0051728185101201,-0.0008556097205184,data345.csv,1.0167204338924922,1.007214818322965,1.0167089071953637,1.0056507491998254
347,0.46,1.84,0.0730902116402116,-0.0041861996462553,4,6.571428571428571,26.285714285714285,0.0116016208952716,-0.0006644761343262,1.0657142857142856,1.262857142857143,0.0060212330081944,-0.0008134432376639,data346.csv,1.0157979017090235,1.0076500949552132,1.0162547119029064,1.0060459871041805
348,0.47,1.88,0.0803050277582297,-0.003045944046466,4,6.714285714285714,26.857142857142858,0.0127468298028936,-0.0004834831819787,1.0671428571428572,1.268571428571429,0.0073226044538109,-0.0005183706273803,data347.csv,1.0159106998897645,1.008218270769465,1.0164240773033542,1.0064945220848955
349,0.48,1.92,0.0893953658091589,-0.0043055085998479,4,6.857142857142857,27.428571428571427,0.0141897406046283,-0.0006834140634679,1.0685714285714285,1.2742857142857142,0.0098829216658991,-0.0005915792464405,data348.csv,1.013914023414401,1.0088325617018543,1.0156262642133673,1.0065845210623818
350,0.49,1.96,0.0928714285714285,-0.0059350878119757,4,7.0,28.0,0.0147414965986394,-0.0009420774304723,1.07,1.28,0.0124532417905433,-0.0006876412797941,data349.csv,1.0176393193172464,1.0084946684217373,1.017521937526134,1.0069563363890404
351,0.5,2.0,0.0903608465608465,-0.0031358914842868,4,7.142857142857143,28.571428571428573,0.0143429915175946,-0.0004977605530613,1.0714285714285714,1.2857142857142858,0.0143429915175946,-0.0004977605530613,data350.csv,1.0177297373474914,1.0083169941292125,1.0177297373474914,1.0083169941292125
352,0.49,1.96,0.0640394179894179,-0.0027291923134311,4,7.0,28.0,0.0101649869824472,-0.000433205129116,1.07,1.28,0.0124532417905433,-0.0006876412797941,data351.csv,1.0174045557350215,1.0054180043563437,1.017521937526134,1.0069563363890404
353,0.48,1.92,0.0351294471811713,-0.0031483899053027,4,6.857142857142857,27.428571428571427,0.00557610272717,-0.0004997444294131,1.0685714285714285,1.2742857142857142,0.0098829216658991,-0.0005915792464405,data352.csv,1.0173385050123338,1.0043364804229091,1.0156262642133673,1.0065845210623818
354,0.47,1.88,0.0119597883597883,-0.0034855258585272,4,6.714285714285714,26.857142857142858,0.0018983791047283,-0.000553258072782,1.0671428571428572,1.268571428571429,0.0073226044538109,-0.0005183706273803,data353.csv,1.016937454716944,1.0047707734003262,1.0164240773033542,1.0064945220848955
355,0.46,1.84,0.0027773242630385,-0.0060631851483106,4,6.571428571428571,26.285714285714285,0.0004408451211172,-0.0009624103410016,1.0657142857142856,1.262857142857143,0.0060212330081944,-0.0008134432376639,data354.csv,1.0167115220967895,1.004441879253148,1.0162547119029064,1.0060459871041805
356,0.45,1.8,-0.0057671957671957,-0.005045064323345,4,6.428571428571429,25.714285714285715,-0.0009154278995548,-0.0008008038608484,1.0642857142857145,1.2571428571428571,0.0051728185101201,-0.0008556097205184,data355.csv,1.016697380498235,1.0040866800766857,1.0167089071953637,1.0056507491998254
357,0.44,1.76,-0.0191637566137566,0.000264641233954,4,6.285714285714286,25.142857142857142,-0.0030418661291677,4.200654507206349e-05,1.062857142857143,1.2514285714285711,0.0035707776937935,-0.0001588225099834,data356.csv,1.01693846095245,1.002835089754616,1.0158162721755706,1.0049484622983715
358,0.43,1.72,-0.0219479297891996,-0.0029702070522734,4,6.142857142857143,24.571428571428573,-0.003483798379238,-0.0004714614368687,1.0614285714285714,1.2457142857142858,0.0027878808430345,-0.0005598999042271,data357.csv,1.0159395720023834,1.004960222021823,1.016469414972243,1.0055577989735094
359,0.42,1.68,-0.0270393990929705,-0.0015334212646933,4,6.0,24.0,-0.0042919681099953,-0.0002434002007449,1.06,1.24,0.0022754782445727,-0.0005501284750398,data358.csv,1.01588354641829,1.0042874344237962,1.0148214621749148,1.0053167169898232
360,0.41,1.64,-0.0342829931972789,-0.0015888922549874,4,5.857142857142857,23.428571428571427,-0.005441744951949,-0.0002522051198392,1.0585714285714285,1.2342857142857142,0.001409093090499,-0.0004452151203896,data359.csv,1.0162394460050774,1.002628322177862,1.0163196504076022,1.0037097938068653
361,0.4,1.6,-0.0353734355044699,-0.0063686480272632,4,5.714285714285714,22.857142857142858,-0.0056148310324555,-0.001010896512264,1.0571428571428572,1.2285714285714286,0.0008004375866991,-0.0006704962734391,data360.csv,1.0158979889153057,1.0040650365855657,1.0161668910066066,1.0045152986211072
362,0.39,1.56,-0.0401251322751322,-0.0014173264531694,4,5.571428571428571,22.285714285714285,-0.0063690686151003,-0.000224972452884,1.0557142857142856,1.2228571428571429,0.000299088771311,-0.0003399716865489,data361.csv,1.0153573066451405,1.0055952040566258,1.0146333591277865,1.0053383176006376
363,0.38,1.52,-0.0442246220710506,-0.0067564388594914,4,5.428571428571429,21.714285714285715,-0.0070197812811191,-0.0010724506126176,1.0542857142857145,1.217142857142857,-0.0002858117673877,-0.0009158220441037,data362.csv,1.015926629950973,1.0026624950041043,1.016377348728652,1.0031411080274406
364,0.37,1.48,-0.0439282977558839,-0.0035123914945906,4,5.285714285714286,21.142857142857142,-0.0069727456755371,-0.0005575224594588,1.052857142857143,1.2114285714285713,-0.0005931312499457,-0.0007719716945968,data363.csv,1.0151359584933928,1.0039254254579464,1.015594440768767,1.0036120945191511
365,0.36,1.44,-0.0458759826152683,-0.0033702116243629,4,5.142857142857143,20.571428571428573,-0.0072819020024235,-0.0005349542260893,1.0514285714285714,1.2057142857142855,-0.0008378099917215,-0.000732196139873,data364.csv,1.015099497167635,1.004312897772785,1.0149171477583812,1.0038917740373887
366,0.35,1.4,-0.0498832025786048,0.0007225115872695,4,5.0,20.0,-0.0079179686632706,0.0001146843789316,1.05,1.2,-0.0013292070056347,-9.9128222851e-06,data365.csv,1.015190608134009,1.0026626475739635,1.0149907131030371,1.002533555545764
367,0.34,1.36,-0.0498084278155706,-0.0013972006762401,4,4.857142857142857,19.428571428571427,-0.0079060996532651,-0.0002217778851174,1.0485714285714285,1.1942857142857144,-0.001640298417001,-0.0002243474287557,data366.csv,1.015073020108118,1.0027490518707975,1.015951290624,1.0018758657067066
368,0.33,1.32,-0.0497730706075533,-0.0015337059458479,4,4.714285714285714,18.857142857142858,-0.0079004873980243,-0.0002434453882298,1.0471428571428572,1.1885714285714286,-0.0016683572626277,-0.0005993616974632,data367.csv,1.0147952252470396,1.0034080708289268,1.015478909131113,1.0025757692707171
369,0.32,1.28,-0.0546335978835978,-0.0043115328204111,4,4.571428571428571,18.285714285714285,-0.0086719996640631,-0.0006843702889541,1.0457142857142858,1.1828571428571428,-0.0021753467244709,-0.0007426716192277,data368.csv,1.0146673099397174,1.0027720030039329,1.0145092094885935,1.0020772734730132
370,0.31,1.24,-0.0545940917107583,-0.004649091203736,4,4.428571428571429,17.714285714285715,-0.0086657288429775,-0.0007379509847199,1.0442857142857145,1.177142857142857,-0.0025779707261189,-0.0007699262320761,data369.csv,1.0146860254015762,1.001484240583799,1.0154556266002053,1.0005529063761252
371,0.3,1.2,-0.0557952928297755,-0.0051357296591108,4,4.285714285714286,17.142857142857142,-0.0088563956872659,-0.0008151951839858,1.042857142857143,1.1714285714285717,-0.0027712415927874,-0.0008227102352325,data370.csv,1.014213573996419,1.002497245179422,1.015144138645027,1.0013968115947756
372,0.29,1.16,-0.0578609977324263,-0.0035052331410403,4,4.142857142857142,16.57142857142857,-0.0091842853543533,-0.0005563862128635,1.0414285714285714,1.1657142857142857,-0.0029789109647386,-0.0005355249002933,data371.csv,1.0145890014771015,1.0006503360238808,1.0144520587995551,1.0004029567268438
373,0.28,1.12,-0.0586341269841269,-0.0036327978481181,4,4.000000000000001,16.000000000000004,-0.0093070042831947,-0.0005766345790663,1.04,1.16,-0.0034691292864527,-0.0003947416252921,data372.csv,1.0139820852442023,1.001761041832079,1.0152016825085446,1.000428789607792
374,0.27,1.08,-0.0594709906951286,-0.0030860539156948,4,3.857142857142857,15.428571428571429,-0.0094398397928775,-0.000489849827888,1.0385714285714285,1.1542857142857144,-0.0036412447908069,-0.0004191707709128,data373.csv,1.0143006122367784,1.001106188345113,1.0151721260708726,0.9996020129580641
375,0.26,1.04,-0.0607520890348476,0.0001307880324096,4,3.7142857142857135,14.857142857142858,-0.00964318873569,2.076000514438095e-05,1.0371428571428571,1.1485714285714286,-0.0038271054696889,-0.0003939393912578,data374.csv,1.0144062959084748,0.9997155950278258,1.0145670126740045,0.9992721567882693
376,0.25,1.0,-0.0606873387285948,-0.0031795211670545,4,3.571428571428572,14.285714285714286,-0.0096329109093007,-0.0005046858995324,1.0357142857142858,1.1428571428571428,-0.0040057033760411,-0.0006191224761276,data375.csv,1.0139236813786436,0.999603203290288,1.0148003939269417,0.9984583279864585
377,0.24,0.96,-0.0610691935778142,-0.0077307096033759,4,3.4285714285714284,13.714285714285714,-0.0096935227901292,-0.0012270967624406,1.0342857142857145,1.137142857142857,-0.0042253817144446,-0.0009136115014973,data376.csv,1.013759520733756,1.0006467204962366,1.0145584471407485,0.9989603314941127
378,0.23,0.92,-0.0639622331691297,-0.001490562976022,4,3.2857142857142856,13.142857142857142,-0.0101527354236713,-0.0002365972977812,1.032857142857143,1.1314285714285717,-0.0045044096365055,-0.0004688306714767,data377.csv,1.0139369326082872,0.9986947297250834,1.0147341542888926,0.9975949288399864
379,0.22,0.88,-0.0631469622331691,0.0005723101367645,4,3.142857142857143,12.571428571428571,-0.0100233273385982,9.084287885150796e-05,1.0314285714285714,1.1257142857142857,-0.0046392791258691,-0.0002215710014021,data378.csv,1.0135882515202357,0.998707974046303,1.014456028297574,0.9974728728673574
380,0.21,0.84,-0.0622789682539682,-0.0031030705021331,4,3.0,12.0,-0.0098855505165028,-0.0004925508733544,1.03,1.12,-0.0046645196392733,-0.0006909326778853,data379.csv,1.0135205325481145,0.9992264923824482,1.0143988908329988,0.9976721364462461
381,0.2,0.8,-0.0639619594964422,-0.0037428454809211,4,2.857142857142857,11.428571428571429,-0.0101526919835622,-0.000594102457289,1.0285714285714285,1.1142857142857143,-0.0048440441645246,-0.0006213844012774,data380.csv,1.0133754037362313,0.9989296273064032,1.0138018165247624,0.9977479717011134
382,0.19,0.76,-0.0660580186097427,-0.0044021348936981,4,2.7142857142857144,10.857142857142858,-0.0104853997793242,-0.0006987515704282,1.0271428571428571,1.1085714285714283,-0.0053577430546505,-0.0006956482105804,data381.csv,1.0135701537165704,0.9971031316893676,1.0143732380411048,0.9960724400214411
383,0.18,0.72,-0.0649321617535903,-0.0028603844094151,4,2.571428571428572,10.285714285714286,-0.0103066923418397,-0.0004540292713357,1.0257142857142858,1.1028571428571428,-0.0054108894194557,-0.00050222828342,data382.csv,1.0122959035445152,0.9979387186621906,1.013912614030959,0.9964114139371165
384,0.17,0.68,-0.0662095238095238,-0.0030186763146704,4,2.4285714285714284,9.714285714285714,-0.0105094482237339,-0.0004791549705826,1.0242857142857142,1.0971428571428572,-0.005523140546129,-0.0003943781471592,data383.csv,1.0132598943743965,0.997946615968276,1.0136975944111963,0.9968174863270218
385,0.16,0.64,-0.06855927945891,-0.0056027271555391,4,2.2857142857142856,9.142857142857142,-0.010882425310938,-0.0008893217707204,1.022857142857143,1.0914285714285714,-0.0059540883038126,-0.0007209728805267,data384.csv,1.0126520124333067,0.9961547879325736,1.0140747959354997,0.9949471429638614
386,0.15,0.6,-0.0691716637272192,-0.0018370002628251,4,2.142857142857143,8.571428571428571,-0.0109796291630506,-0.0002915873433055,1.0214285714285714,1.0857142857142856,-0.0062821006317478,-0.000402343430494,data385.csv,1.0129746626535672,0.9970261625742954,1.0140617170631576,0.9955045923142165
387,0.14,0.56,-0.0696031016237912,-0.0025558214902419,4,2.0000000000000004,8.000000000000002,-0.0110481113688557,-0.000405685950832,1.02,1.08,-0.0063917447140626,-0.0004005076108323,data386.csv,1.0123305924673678,0.9956051670765348,1.0129601476586312,0.9953334707030694
388,0.13,0.52,-0.0701081828133552,-0.0026670950886626,4,1.8571428571428568,7.428571428571429,-0.0111282829862468,-0.0004233484267718,1.0185714285714285,1.0742857142857145,-0.0066692137050647,-0.000508995473694,data387.csv,1.0130164610934826,0.9957013987401128,1.0141239623338416,0.9945534122792156
389,0.12,0.48,-0.0697309797482211,-0.0023669493190181,4,1.7142857142857142,6.857142857142857,-0.0110684094838446,-0.0003757062411139,1.0171428571428571,1.0685714285714285,-0.006905577182524,-0.0005343994820354,data388.csv,1.012060162242356,0.995541960569724,1.013557612840533,0.9941137763712176
390,0.11,0.44,-0.0718925925925925,-0.0029020305073633,4,1.5714285714285714,6.285714285714286,-0.0114115226337448,-0.0004606397630735,1.0157142857142858,1.062857142857143,-0.0072321352551237,-0.0004373266650341,data389.csv,1.013080973613769,0.9944645190237752,1.0134891155832708,0.9942098182876773
391,0.1,0.4,-0.0720841543513957,0.0001024852156783,4,1.4285714285714286,5.714285714285714,-0.0114419292621263,1.626749455211111e-05,1.0142857142857142,1.0571428571428572,-0.0075265831747768,-0.0001034013554925,data390.csv,1.01176875482,0.994424356731342,1.0132971540608477,0.9935798088026611
392,0.09,0.36,-0.0712137566137566,-0.0056172222803219,4,1.2857142857142858,5.142857142857143,-0.0113037708910724,-0.000891622584178,1.012857142857143,1.0514285714285714,-0.0076797472075249,-0.0008270005243103,data391.csv,1.0125056787508595,0.9950292602417946,1.013643930220952,0.9936789294678317
393,0.08,0.32,-0.0715484126984127,-0.0030120184489565,4,1.1428571428571428,4.571428571428571,-0.0113568909045099,-0.000478098166501,1.0114285714285711,1.0457142857142858,-0.0078406913638166,-0.0006815540882843,data392.csv,1.0115973635148678,0.9940814557036948,1.0131288732800252,0.9930048293019003
394,0.07,0.28,-0.0729533068783068,-0.0026690052073777,4,1.0000000000000002,4.000000000000001,-0.0115798899806836,-0.0004236516202186,1.01,1.04,-0.008345577031518,-0.0004826227456308,data393.csv,1.0124462339026905,0.99348651110494,1.013456489230736,0.9928421065910754
395,0.06,0.24,-0.0724876018308558,-0.0028654338921999,4,0.8571428571428571,3.4285714285714284,-0.0115059685445802,-0.0004548307765396,1.008571428571429,1.0342857142857145,-0.0085988312530577,-0.0002490820584331,data394.csv,1.0113417146880042,0.9938151138104574,1.0128834695475355,0.9926764795306062
396,0.05,0.2,-0.0718111267495504,-0.0020072133554186,4,0.7142857142857143,2.857142857142857,-0.0113985915475476,-0.0003186052945108,1.0071428571428571,1.0285714285714285,-0.00856640813596,-0.0005206662349065,data395.csv,1.0124334863869977,0.993879320333983,1.0134498816163298,0.9928328989224312
397,0.04,0.16,-0.0737641534391534,-0.003401232686958,4,0.5714285714285714,2.2857142857142856,-0.0117085957839926,-0.000539878204279,1.0057142857142858,1.022857142857143,-0.0090907764340303,-0.0005536151996786,data396.csv,1.012084383678095,0.9930904018075024,1.0131974988433932,0.9923184540105043
398,0.03,0.12,-0.0737682904579456,-0.0025606151535558,4,0.4285714285714285,1.7142857142857142,-0.0117092524536421,-0.0004064468497707,1.0042857142857142,1.0171428571428571,-0.0095401053567446,-0.0007824154698291,data397.csv,1.011826915917723,0.9932831896098548,1.0129453046021881,0.9924097234477349
399,0.02,0.08,-0.0738112244897959,-0.0045228213367488,4,0.2857142857142857,1.1428571428571428,-0.0117160673793326,-0.0007179081486902,1.002857142857143,1.0114285714285711,-0.0105083677027338,-0.0006702149449042,data398.csv,1.011764445443435,0.9929507109208068,1.0123593557421804,0.9926307472094948
400,0.01,0.04,-0.0738112244897959,-0.0045228213367488,4,0.2857142857142857,1.1428571428571428,-0.0117160673793326,-0.0007179081486902,1.002857142857143,1.0114285714285711,-0.0105083677027338,-0.0006702149449042,data399.csv,1.0114427626402596,0.9923972365789236,1.0123593557421804,0.9926307472094948
