frame,axis_0_2,axis_1_3,correct_force_0_2,correct_force_1_3,cycle,strain_x,strain_y,stress_x_mpa,stress_y_mpa,lambda_clamps_X,lambda_clamps_Y,mean_stress_x_mpa,mean_stress_y_mpa,file,lambda_DIC_F_xx,labmda_DIC_F_yy,mean_lambda_DIC_F_xx,mean_labmda_DIC_F_yy
1,0.0,0.0,-0.0037648148148148,-0.0011699582081888,1,0.0,0.0,-0.0005975896531452,-0.0001857076520934,1.0,1.0,-0.0005975896531452,-0.0001857076520934,data0.csv,1.0,1.0,1.0,1.0
2,0.04,0.04,0.0043412698412698,0.0035502403132661,1,0.5714285714285714,0.5714285714285714,0.0006890904509952,0.0005635302084549,1.0057142857142858,1.0057142857142858,-0.0032661025244494,-4.870357095900022e-06,data1.csv,1.0103285046306718,1.004425887511933,1.0200101671677966,1.0054901077217142
3,0.08,0.08,0.008765873015873,0.0013253285238983,1,1.1428571428571428,1.1428571428571428,0.0013914084152179,0.0002103696069679,1.0114285714285711,1.0114285714285711,-0.0027491391618375,0.0003843713057523,data2.csv,1.0164728912390133,1.0055821939636431,1.0249208123498188,1.0057618845842962
4,0.12,0.12,0.0157820392524826,0.0001037807621738,1,1.7142857142857142,1.7142857142857142,0.0025050855956321,1.6473136852984125e-05,1.0171428571428571,1.0171428571428571,-0.0020727603785201,-9.949185315725792e-05,data3.csv,1.037284111802789,1.0010066301617586,1.0366029578394271,1.0038274337255335
5,0.16,0.16,0.0182053731070972,0.0018482327054344,1,2.2857142857142856,2.2857142857142856,0.0028897417630313,0.0002933702707038,1.022857142857143,1.022857142857143,-0.0016851062689869,0.0002069805456029,data4.csv,1.0477151113443293,1.001396119692312,1.0425846802287375,1.0031400206438432
6,0.2,0.2,0.0234815668202765,0.0004592638723402,1,2.857142857142857,2.857142857142857,0.0037272328286153,7.28990273555873e-05,1.0285714285714285,1.0285714285714285,-0.0010933217396748,-0.0002170522764261,data5.csv,1.0631029569860035,1.001431341428153,1.0528543026014279,1.003367418103337
7,0.24,0.24,0.02758973727422,0.00218675533138,1,3.4285714285714284,3.4285714285714284,0.0043793233768603,0.0003471040208539,1.0342857142857145,1.0342857142857145,-0.0006420969409475,0.0001579076658677,data6.csv,1.074261387694657,1.00104822075467,1.0607615947465183,1.002798423769955
8,0.28,0.28,0.0321341269841269,0.0026066049349284,1,4.000000000000001,4.000000000000001,0.0051006550768455,0.000413746815068,1.04,1.04,-0.0001200033014482,1.7317478863550006e-05,data7.csv,1.087748302465339,1.0011646877685296,1.0724631683458532,1.0032958710296234
9,0.32,0.32,0.0363999543878854,0.0025145427228158,1,4.571428571428571,4.571428571428571,0.0057777705377595,0.0003991337655263,1.0457142857142858,1.0457142857142858,0.0003678682200849,0.0005476358750681,data8.csv,1.1005278838582413,1.0016743053431314,1.0815287800826643,1.0032720299156146
10,0.36,0.36,0.0418261357416529,-7.434769768210068e-05,1,5.142857142857143,5.142857142857143,0.0066390691653417,-1.1801221854301697e-05,1.0514285714285714,1.0514285714285714,0.0008508582967902,3.765396469222168e-06,data9.csv,1.1108260200806217,1.001306681510921,1.0939866185644322,1.0027254439987627
11,0.4,0.4,0.0468588435374149,-0.0006591582233047,1,5.714285714285714,5.714285714285714,0.0074379116726055,-0.0001046282894134,1.0571428571428572,1.0571428571428572,0.0014390270491216,3.863587221375e-05,data10.csv,1.1236625745265738,1.0010574127620893,1.1043075422911848,1.003246273421678
12,0.44,0.44,0.05125291005291,0.0044083427795223,1,6.285714285714286,6.285714285714286,0.0081353825480809,0.0006997369491305,1.062857142857143,1.062857142857143,0.0019467574233975,0.0004642875592308,data11.csv,1.132939016415342,1.00113609996271,1.1158425979277655,1.0038851463231109
13,0.48,0.48,0.0567795292829775,0.0024895458807839,1,6.857142857142857,6.857142857142857,0.0090126236957107,0.0003951660128228,1.0685714285714285,1.0685714285714285,0.0025918903108285,0.0003376940915455,data12.csv,1.1458460032080298,1.000913365346823,1.129106649038099,1.0035688781869454
14,0.52,0.52,0.0617662037037037,-4.337123950752121e-05,1,7.428571428571429,7.428571428571429,0.0098041593180482,-6.884323731352573e-06,1.0742857142857145,1.0742857142857145,0.0031134983261078,-8.665491524827628e-05,data13.csv,1.1570254091768608,1.001536859153818,1.1414700420828108,1.0038079751838416
15,0.56,0.56,0.0661708890452732,0.0029505824191278,1,8.000000000000002,8.000000000000002,0.0105033157214719,0.0004683464157345,1.08,1.08,0.0036773861341654,0.0002469641814062,data14.csv,1.1657567832611486,1.0016273993435052,1.1493509665107293,1.003502259005721
16,0.6,0.6,0.0723682363750097,0.00220390573108,1,8.571428571428571,8.571428571428571,0.0114870216468269,0.0003498263065206,1.0857142857142856,1.0857142857142856,0.0043748208612642,0.0003062316284358,data15.csv,1.176806569230382,1.0016007503932882,1.161682287361228,1.00294700373518
17,0.64,0.64,0.077591890166028,0.0025702024801838,1,9.142857142857142,9.142857142857142,0.0123161730422266,0.0004079686476482,1.0914285714285714,1.0914285714285714,0.0050404876297049,0.0001044224468844,data16.csv,1.1877674669511282,1.001239440444166,1.1716847107983857,1.0031379956438726
18,0.68,0.68,0.0825121620142309,0.0024783239333324,1,9.714285714285714,9.714285714285714,0.0130971685736874,0.0003933847513226,1.0971428571428572,1.0971428571428572,0.0055769487543238,0.0002412275573193,data17.csv,1.195383318150475,1.0015196974634542,1.183183056248817,1.0030122148600948
19,0.72,0.72,0.089480669585842,0.0024971863556445,1,10.285714285714286,10.285714285714286,0.0142032808866415,0.0003963787866102,1.1028571428571428,1.1028571428571428,0.0061702931917765,0.000350009867663,data18.csv,1.206403019542419,1.0014223628442298,1.1953450378631545,1.002979340751986
20,0.76,0.76,0.0948716475095785,0.0001708086927973,1,10.857142857142858,10.857142857142858,0.015058991668187,2.711249092020635e-05,1.1085714285714283,1.1085714285714283,0.0066897167125683,-0.0002703858751753,data19.csv,1.2162172833479894,1.0008207544462098,1.203727005807631,1.0022506483286608
21,0.8,0.8,0.1012716566320014,0.0006115685863188,1,11.428571428571429,11.428571428571429,0.0160748661320637,9.707437878076192e-05,1.1142857142857143,1.1142857142857143,0.0073969694731873,-0.0002100416332874,data20.csv,1.2255994491770243,1.00076388870303,1.21436787052249,1.0020219553380756
22,0.84,0.84,0.1073473544973545,-0.0027222681330887,1,12.0,12.0,0.0170392626186276,-0.0004321060528712,1.12,1.12,0.007990296203624,-0.0002073945212707,data21.csv,1.2326119110269,1.0006052572974518,1.2235672901857806,1.0017371905874557
23,0.88,0.88,0.1139510582010581,-0.0003731828844993,1,12.571428571428571,12.571428571428571,0.0180874695557235,-5.9235378491952384e-05,1.1257142857142857,1.1257142857142857,0.0087142972983148,-5.758917967689683e-05,data22.csv,1.2419460751514646,1.0004274698392843,1.2313770016077918,1.0016135038547302
24,0.92,0.92,0.122165435139573,-7.58170197706797e-05,1,13.142857142857142,13.142857142857142,0.0193913389110433,-1.2034447582647572e-05,1.1314285714285717,1.1314285714285717,0.0096324648207516,0.0002702524992119,data23.csv,1.250199167717582,1.0003838038950494,1.2409835688025854,1.0021539517971945
25,0.96,0.96,0.1295469257434774,0.0009854021706002,1,13.714285714285714,13.714285714285714,0.0205630040862662,0.0001564130429524,1.137142857142857,1.137142857142857,0.0105318850400951,0.0002880623030114,data24.csv,1.2565776989996338,1.0001125884468516,1.2496845837201391,1.0012117725412453
26,1.0,1.0,0.1382746808599983,0.0004958962048954,1,14.285714285714286,14.285714285714286,0.0219483620412695,7.871368331673017e-05,1.1428571428571428,1.1428571428571428,0.011528343838025,-0.0002189800093263,data25.csv,1.2651656627313437,0.9997915386540652,1.2593627331353123,1.0010194293705497
27,1.04,1.04,0.1475860993822816,0.0027917775630363,1,14.857142857142858,14.857142857142858,0.0234263649813145,0.00044313929572,1.1485714285714286,1.1485714285714286,0.0125745137787658,-0.0001111354434122,data26.csv,1.274072217568366,0.999481745121428,1.2667036631451796,1.001172940300429
28,1.08,1.08,0.1580016116280484,0.0019799574306755,1,15.428571428571429,15.428571428571429,0.025079620893341,0.00031427895725,1.1542857142857144,1.1542857142857144,0.0138257976810703,0.0002376409829155,data27.csv,1.2800969050643938,0.9994989063464398,1.274842388175719,1.0007993557723067
29,1.12,1.12,0.1697193121693121,0.0003529036158875,1,16.000000000000004,16.000000000000004,0.0269395733602082,5.601644696626984e-05,1.16,1.16,0.0151321310559131,7.704466169825394e-06,data28.csv,1.288377097234448,0.9995052626253432,1.2839554054393485,1.0009725330721828
30,1.16,1.16,0.1814078987150416,-0.0017978992406375,1,16.57142857142857,16.57142857142857,0.0287949045579431,-0.0002853808318472,1.1657142857142857,1.1657142857142857,0.0164453652713289,-0.0003670615837267,data29.csv,1.2962961591535582,0.99905309473528,1.2930134438908287,1.0008747275809848
31,1.2,1.2,0.1951151575572757,0.0010420962840734,1,17.142857142857142,17.142857142857142,0.0309706599297263,0.000165412108583,1.1714285714285717,1.1714285714285717,0.018021317199263,-0.0001170933253696,data30.csv,1.3026030992557525,0.9985353382597504,1.298866947094172,1.000246783950508
32,1.24,1.24,0.2082791096515234,0.0014322768054207,1,17.714285714285715,17.714285714285715,0.0330601761351624,0.0002273455246699,1.177142857142857,1.177142857142857,0.019628148132289,7.345079899050556e-05,data31.csv,1.3104676150560144,0.9985964347935798,1.3075210793455931,0.9998876055760154
33,1.28,1.28,0.2218965517241379,-0.0012005083005788,1,18.285714285714285,18.285714285714285,0.0352216748768472,-0.0001905568731077,1.1828571428571428,1.1828571428571428,0.0212772004897561,-0.0002712972255325,data32.csv,1.3178682440239071,0.9980910067210208,1.3155373975782656,0.9994060845523669
34,1.32,1.32,0.239152516134659,9.880272719388851e-05,1,18.857142857142858,18.857142857142858,0.0379607168467712,1.5682972570458495e-05,1.1885714285714286,1.1885714285714286,0.0231710122727696,1.798680546826893e-05,data33.csv,1.3237433010371435,0.9977288523369352,1.3227210391471864,0.9991704217060408
35,1.36,1.36,0.2565874840357599,0.0005220787082238,1,19.428571428571427,19.428571428571427,0.0407281720691682,8.2869636226e-05,1.1942857142857144,1.1942857142857144,0.0253198128579413,6.395567750639683e-05,data34.csv,1.3318287751863194,0.9975230869746275,1.3291731288229762,0.9987995829146459
36,1.4,1.4,0.2763903758438241,0.0010889605161612,1,20.0,20.0,0.0438714882291784,0.0001728508755811,1.2,1.2,0.0276896099740144,0.000336946311554,data35.csv,1.3387097944013082,0.9970939003518,1.3369551446317403,0.9981653813890015
37,1.44,1.44,0.299343732895457,-0.0005229737119563,1,20.571428571428573,20.571428571428573,0.0475148782373741,-8.301170031052383e-05,1.2057142857142855,1.2057142857142855,0.0303410830488005,-2.389714570284128e-05,data36.csv,1.344081763054351,0.9964775702080853,1.3435490353033055,0.9978039620075021
38,1.48,1.48,0.3220091416813639,0.0006753738980153,1,21.142857142857142,21.142857142857142,0.051112562171645,0.0001072022060341,1.2114285714285713,1.2114285714285713,0.0330431476928314,8.617180481094682e-05,data37.csv,1.3517877691355178,0.9962416906475656,1.3514487612777777,0.9971011899885394
39,1.52,1.52,0.3487904397007845,0.0025694035362982,1,21.714285714285715,21.714285714285715,0.0553635618572673,0.0004078418311584,1.217142857142857,1.217142857142857,0.036253821540171,0.0002579530176598,data38.csv,1.358488608784184,0.9958442316450552,1.357020389130966,0.9970017517582366
40,1.56,1.56,0.3763166575442437,-0.0001834907790743,1,22.285714285714285,22.285714285714285,0.0597328027848005,-2.9125520487984126e-05,1.2228571428571429,1.2228571428571429,0.0396908323993709,-4.43894155778254e-05,data39.csv,1.3633967409034615,0.9954784056672242,1.3633210405806413,0.9962993261964306
41,1.6,1.6,0.4089997354497354,0.0043200798145246,1,22.857142857142858,22.857142857142858,0.0649205929285294,0.0006857269546864,1.2285714285714286,1.2285714285714286,0.0437454858486604,0.0004611213117313,data40.csv,1.370892739725744,0.99531246182484,1.3707674218567742,0.9961883906018125
42,1.64,1.64,0.4441513431013431,0.0031467736510053,1,23.428571428571427,23.428571428571427,0.0705002131906893,0.0004994878811119,1.2342857142857142,1.2342857142857142,0.0482048601016854,0.0001298396782917,data41.csv,1.3773106511047657,0.994615944879126,1.3762379493416859,0.9955032148732434
43,1.68,1.68,0.4852233169129721,-0.0003949898040574,1,24.0,24.0,0.0770195741131701,-6.26967942948254e-05,1.24,1.24,0.0535439476343964,-0.0002010587425302,data42.csv,1.3823021128856652,0.9939753952342792,1.382488362073122,0.9953075622599805
44,1.72,1.72,0.5276343185550083,0.0037393236995401,1,24.571428571428573,24.571428571428573,0.0837514791357156,0.0005935434443714,1.2457142857142858,1.2457142857142858,0.0592441160372194,0.0002400314945718,data43.csv,1.3893475827194253,0.9930727259324128,1.3895984097514194,0.9939582112594321
45,1.76,1.76,0.575781216931217,0.0045984546912584,1,25.142857142857142,25.142857142857142,0.091393843957336,0.0007299134430568,1.2514285714285711,1.2514285714285711,0.0659386075417821,0.0005091470704174,data44.csv,1.393644341539644,0.9924396647483268,1.395619700643822,0.9935835218455755
46,1.8,1.8,0.627566628264209,0.0003792653203908,1,25.714285714285715,25.714285714285715,0.0996137505181284,6.020084450647619e-05,1.2571428571428571,1.2571428571428571,0.0734873048383033,0.0001748825814279,data45.csv,1.4005036714078851,0.9920364726547476,1.4008452490425367,0.9928014672364316
47,1.84,1.84,0.6881064039408867,0.0029558260623314,1,26.285714285714285,26.285714285714285,0.1092232387207756,0.0004691787400526,1.262857142857143,1.262857142857143,0.082825044236511,0.0003131900846308,data46.csv,1.405992299276329,0.9914061833411694,1.4068667392211114,0.9922306141994387
48,1.88,1.88,0.7508697318007663,0.002589453879281,1,26.857142857142858,26.857142857142858,0.1191856717144073,0.0004110244252826,1.268571428571429,1.268571428571429,0.0933195092426071,0.0002819191477386,data47.csv,1.4122995600831254,0.990913938568036,1.4119674925346273,0.9918039537317981
49,1.92,1.92,0.8193055555555555,0.0005271284825407,1,27.428571428571427,27.428571428571427,0.1300485008818342,8.367118770487303e-05,1.2742857142857142,1.2742857142857142,0.1059876434609603,0.0001108193913147,data48.csv,1.4166011827926803,0.9900608062971348,1.4169420351393274,0.9907894873813137
50,1.96,1.96,0.8954015409877479,-0.0007055858130992,1,28.0,28.0,0.1421272287282139,-0.0001119977481109,1.28,1.28,0.1227199149795912,-6.234779666042126e-05,data49.csv,1.4225562409253962,0.9894234212006218,1.4226203359151102,0.9899245524386391
51,2.0,2.0,0.8867848072562359,0.0037781675903622,1,28.571428571428573,28.571428571428573,0.1407594932152755,0.0005997091413273,1.2857142857142858,1.2857142857142858,0.1407594932152755,0.0005997091413273,data50.csv,1.425484775482997,0.9898028599169272,1.425484775482997,0.9898028599169272
52,1.96,1.96,0.6508693877551021,-7.99964248226379e-05,1,28.0,28.0,0.1033126012309686,-1.2697845209942522e-05,1.28,1.28,0.1227199149795912,-6.234779666042126e-05,data51.csv,1.422684430904824,0.9904256836766564,1.4226203359151102,0.9899245524386391
53,1.92,1.92,0.5161387520525451,0.000869195848025,1,27.428571428571427,27.428571428571427,0.0819267860400865,0.0001379675949246,1.2742857142857142,1.2742857142857142,0.1059876434609603,0.0001108193913147,data52.csv,1.4172828874859744,0.9915181684654926,1.4169420351393274,0.9907894873813137
54,1.88,1.88,0.4249560846560846,0.0009627273822261,1,26.857142857142858,26.857142857142858,0.067453346770807,0.0001528138701946,1.268571428571429,1.268571428571429,0.0933195092426071,0.0002819191477386,data53.csv,1.4116354249861292,0.9926939688955602,1.4119674925346273,0.9918039537317981
55,1.84,1.84,0.3554891534391534,0.0009903690040175,1,26.285714285714285,26.285714285714285,0.0564268497522465,0.0001572014292091,1.262857142857143,1.262857142857143,0.082825044236511,0.0003131900846308,data54.csv,1.407741179165894,0.993055045057708,1.4068667392211114,0.9922306141994387
56,1.8,1.8,0.2983734126984127,0.0018242552056014,1,25.714285714285715,25.714285714285715,0.0473608591584782,0.0002895643183494,1.2571428571428571,1.2571428571428571,0.0734873048383033,0.0001748825814279,data55.csv,1.4011868266771883,0.9935664618181156,1.4008452490425367,0.9928014672364316
57,1.76,1.76,0.255045238095238,0.0018167983960019,1,25.142857142857142,25.142857142857142,0.0404833711262282,0.000288380697778,1.2514285714285711,1.2514285714285711,0.0659386075417821,0.0005091470704174,data56.csv,1.3975950597480002,0.9947273789428244,1.395619700643822,0.9935835218455755
58,1.72,1.72,0.2188415435139573,-0.0007149268679346,1,24.571428571428573,24.571428571428573,0.0347367529387233,-0.0001134804552277,1.2457142857142858,1.2457142857142858,0.0592441160372194,0.0002400314945718,data57.csv,1.3898492367834137,0.9948436965864512,1.3895984097514194,0.9939582112594321
59,1.68,1.68,0.1894304232804232,-0.0021383503518243,1,24.0,24.0,0.0300683211556227,-0.0003394206907657,1.24,1.24,0.0535439476343964,-0.0002010587425302,data58.csv,1.382674611260579,0.9966397292856818,1.382488362073122,0.9953075622599805
60,1.64,1.64,0.1632298941798942,-0.0015107937045292,1,23.428571428571427,23.428571428571427,0.0259095070126816,-0.0002398085245284,1.2342857142857142,1.2342857142857142,0.0482048601016854,0.0001298396782917,data59.csv,1.375165247578606,0.9963904848673608,1.3762379493416859,0.9955032148732434
61,1.6,1.6,0.1421933862433862,0.001490048713291,1,22.857142857142858,22.857142857142858,0.0225703787687914,0.0002365156687763,1.2285714285714286,1.2285714285714286,0.0437454858486604,0.0004611213117313,data60.csv,1.3706421039878045,0.9970643193787851,1.3707674218567742,0.9961883906018125
62,1.56,1.56,0.1237878306878306,-0.0003758158572063,1,22.285714285714285,22.285714285714285,0.0196488620139413,-5.9653310667666674e-05,1.2228571428571429,1.2228571428571429,0.0396908323993709,-4.43894155778254e-05,data61.csv,1.363245340257821,0.9971202467256368,1.3633210405806413,0.9962993261964306
63,1.52,1.52,0.1080077117053718,0.0006808044862168,1,21.714285714285715,21.714285714285715,0.0171440812230748,0.0001080642041613,1.217142857142857,1.217142857142857,0.036253821540171,0.0002579530176598,data62.csv,1.355552169477748,0.998159271871418,1.357020389130966,0.9970017517582366
64,1.48,1.48,0.0943345192483123,0.0004103908426031,1,21.142857142857142,21.142857142857142,0.0149737332140178,6.514140358779364e-05,1.2114285714285713,1.2114285714285713,0.0330431476928314,8.617180481094682e-05,data63.csv,1.3511097534200376,0.9979606893295132,1.3514487612777777,0.9971011899885394
65,1.44,1.44,0.0829539135194307,0.0002218696761005,1,20.571428571428573,20.571428571428573,0.013167287860227,3.521740890484127e-05,1.2057142857142855,1.2057142857142855,0.0303410830488005,-2.389714570284128e-05,data64.csv,1.3430163075522603,0.9991303538069188,1.3435490353033055,0.9978039620075021
66,1.4,1.4,0.072498709828759,0.0031565630094205,1,20.0,20.0,0.0115077317188506,0.000501041747527,1.2,1.2,0.0276896099740144,0.000336946311554,data65.csv,1.3352004948621723,0.9992368624262028,1.3369551446317403,0.9981653813890015
67,1.36,1.36,0.0624421579743008,0.0002837628283568,1,19.428571428571427,19.428571428571427,0.0099114536467144,4.504171878679365e-05,1.1942857142857144,1.1942857142857144,0.0253198128579413,6.395567750639683e-05,data66.csv,1.326517482459633,1.0000760788546643,1.3291731288229762,0.9987995829146459
68,1.32,1.32,0.0528022385022385,0.0001278310217063,1,18.857142857142858,18.857142857142858,0.008381307698768,2.0290638366079365e-05,1.1885714285714286,1.1885714285714286,0.0231710122727696,1.798680546826893e-05,data67.csv,1.321698777257229,1.0006119910751463,1.3227210391471864,0.9991704217060408
69,1.28,1.28,0.0461961744467902,-0.0022178367411323,1,18.285714285714285,18.285714285714285,0.0073327261026651,-0.0003520375779575,1.1828571428571428,1.1828571428571428,0.0212772004897561,-0.0002712972255325,data68.csv,1.313206551132624,1.000721162383713,1.3155373975782656,0.9994060845523669
70,1.24,1.24,0.0390355568153187,-0.00050679673814,1,17.714285714285715,17.714285714285715,0.0061961201294156,-8.044392668888889e-05,1.177142857142857,1.177142857142857,0.019628148132289,7.345079899050556e-05,data69.csv,1.304574543635172,1.001178776358451,1.3075210793455931,0.9998876055760154
71,1.2,1.2,0.0319534391534391,-0.0025174721837299,1,17.142857142857142,17.142857142857142,0.0050719744687998,-0.0003995987593222,1.1714285714285717,1.1714285714285717,0.018021317199263,-0.0001170933253696,data70.csv,1.2951307949325916,1.0019582296412657,1.298866947094172,1.000246783950508
72,1.16,1.16,0.0258037037037037,-0.0028270767143197,1,16.57142857142857,16.57142857142857,0.0040958259847148,-0.0004487423356063,1.1657142857142857,1.1657142857142857,0.0164453652713289,-0.0003670615837267,data71.csv,1.2897307286280992,1.0026963604266896,1.2930134438908287,1.0008747275809848
73,1.12,1.12,0.0209455391351943,-0.0002558273421477,1,16.000000000000004,16.000000000000004,0.0033246887516181,-4.060751462661905e-05,1.16,1.16,0.0151321310559131,7.704466169825394e-06,data72.csv,1.2795337136442493,1.0024398035190225,1.2839554054393485,1.0009725330721828
74,1.08,1.08,0.0162034391534391,0.0010143189540613,1,15.428571428571429,15.428571428571429,0.0025719744687998,0.0001610030085811,1.1542857142857144,1.1542857142857144,0.0138257976810703,0.0002376409829155,data73.csv,1.269587871287044,1.0020998051981735,1.274842388175719,1.0007993557723067
75,1.04,1.04,0.0108527742301688,-0.0041920841500306,1,14.857142857142858,14.857142857142858,0.0017226625762172,-0.0006654101825445,1.1485714285714286,1.1485714285714286,0.0125745137787658,-0.0001111354434122,data74.csv,1.259335108721993,1.00286413547943,1.2667036631451796,1.001172940300429
76,1.0,1.0,0.0069824514991181,-0.0032550443224075,1,14.285714285714286,14.285714285714286,0.0011083256347806,-0.0005166737019694,1.1428571428571428,1.1428571428571428,0.011528343838025,-0.0002189800093263,data75.csv,1.253559803539281,1.0022473200870343,1.2593627331353123,1.0010194293705497
77,0.96,0.96,0.0031548257617223,0.0026441828473438,1,13.714285714285714,13.714285714285714,0.0005007659939241,0.0004197115630704,1.137142857142857,1.137142857142857,0.0105318850400951,0.0002880623030114,data76.csv,1.2427914684406447,1.0023109566356387,1.2496845837201391,1.0012117725412453
78,0.92,0.92,-0.0007963783981025,0.0034809985098418,1,13.142857142857142,13.142857142857142,-0.00012640926954,0.0005525394460066,1.1314285714285717,1.1314285714285717,0.0096324648207516,0.0002702524992119,data77.csv,1.2317679698875887,1.0039240996993395,1.2409835688025854,1.0021539517971945
79,0.88,0.88,-0.0041509122422915,-0.0003524407794296,1,12.571428571428571,12.571428571428571,-0.0006588749590938,-5.5942980861841273e-05,1.1257142857142857,1.1257142857142857,0.0087142972983148,-5.758917967689683e-05,data78.csv,1.2208079280641189,1.0027995378701764,1.2313770016077918,1.0016135038547302
80,0.84,0.84,-0.0066696223316912,0.0001090971650769,1,12.0,12.0,-0.0010586702113795,1.7317010329666668e-05,1.12,1.12,0.007990296203624,-0.0002073945212707,data79.csv,1.2145226693446611,1.0028691238774596,1.2235672901857806,1.0017371905874557
81,0.8,0.8,-0.0080698412698412,-0.0032580931657413,1,11.428571428571429,11.428571428571429,-0.001280927185689,-0.0005171576453557,1.1142857142857143,1.1142857142857143,0.0073969694731873,-0.0002100416332874,data80.csv,1.2031362918679558,1.0032800219731213,1.21436787052249,1.0020219553380756
82,0.76,0.76,-0.0105812169312169,-0.0035776707200072,1,10.857142857142858,10.857142857142858,-0.0016795582430503,-0.0005678842412709,1.1085714285714283,1.1085714285714283,0.0066897167125683,-0.0002703858751753,data81.csv,1.191236728267273,1.003680542211112,1.203727005807631,1.0022506483286608
83,0.72,0.72,-0.0117349753694581,0.0019129379769102,1,10.285714285714286,10.285714285714286,-0.0018626945030885,0.0003036409487159,1.1028571428571428,1.1028571428571428,0.0061702931917765,0.000350009867663,data82.csv,1.1842870561838903,1.0045363186597422,1.1953450378631545,1.002979340751986
84,0.68,0.68,-0.0122426077097505,0.0005611432888913,1,9.714285714285714,9.714285714285714,-0.0019432710650397,8.907036331607938e-05,1.0971428571428572,1.0971428571428572,0.0055769487543238,0.0002412275573193,data83.csv,1.1709827943471591,1.0045047322567355,1.183183056248817,1.0030122148600948
85,0.64,0.64,-0.014081746031746,-0.0012544796494396,1,9.142857142857142,9.142857142857142,-0.0022351977828168,-0.0001991237538793,1.0914285714285714,1.0914285714285714,0.0050404876297049,0.0001044224468844,data84.csv,1.155601954645643,1.0050365508435792,1.1716847107983857,1.0031379956438726
86,0.6,0.6,-0.0172454935230797,0.0016546127872119,1,8.571428571428571,8.571428571428571,-0.0027373799242983,0.000262636950351,1.0857142857142856,1.0857142857142856,0.0043748208612642,0.0003062316284358,data85.csv,1.146558005492074,1.0042932570770715,1.161682287361228,1.00294700373518
87,0.56,0.56,-0.0198358237547892,0.000161166266591,1,8.000000000000002,8.000000000000002,-0.0031485434531411,2.558194707793651e-05,1.08,1.08,0.0036773861341654,0.0002469641814062,data86.csv,1.1329451497603098,1.0053771186679368,1.1493509665107293,1.003502259005721
88,0.52,0.52,-0.0225361247947454,-0.0010484806926208,1,7.428571428571429,7.428571428571429,-0.0035771626658326,-0.0001664255067652,1.0742857142857145,1.0742857142857145,0.0031134983261078,-8.665491524827628e-05,data87.csv,1.1259146749887607,1.006079091213865,1.1414700420828108,1.0038079751838416
89,0.48,0.48,-0.0241217113665389,0.0017653996726907,1,6.857142857142857,6.857142857142857,-0.0038288430740537,0.0002802221702683,1.0685714285714285,1.0685714285714285,0.0025918903108285,0.0003376940915455,data88.csv,1.1123672948681684,1.006224391027068,1.129106649038099,1.0035688781869454
90,0.44,0.44,-0.0267237665181014,0.0014416804667876,1,6.285714285714286,6.285714285714286,-0.0042418677012859,0.0002288381693313,1.062857142857143,1.062857142857143,0.0019467574233975,0.0004642875592308,data89.csv,1.0987461794401892,1.0066341926835118,1.1158425979277655,1.0038851463231109
91,0.4,0.4,-0.028727102718482,0.001145970213198,1,5.714285714285714,5.714285714285714,-0.0045598575743622,0.0001819000338409,1.0571428571428572,1.0571428571428572,0.0014390270491216,3.863587221375e-05,data90.csv,1.084952510055796,1.0054351340812666,1.1043075422911848,1.003246273421678
92,0.36,0.36,-0.0311053212020953,0.0001217916931943,1,5.142857142857143,5.142857142857143,-0.0049373525717611,1.9332014792746032e-05,1.0514285714285714,1.0514285714285714,0.0008508582967902,3.765396469222168e-06,data91.csv,1.0771472170482426,1.0041442064866044,1.0939866185644322,1.0027254439987627
93,0.32,0.32,-0.0317648148148148,0.004385669303043,1,4.571428571428571,4.571428571428571,-0.0050420340975896,0.00069613798461,1.0457142857142858,1.0457142857142858,0.0003678682200849,0.0005476358750681,data92.csv,1.062529676307087,1.0048697544880978,1.0815287800826643,1.0032720299156146
94,0.28,0.28,-0.0336461685823754,-0.0023884047012481,1,4.000000000000001,4.000000000000001,-0.0053406616797421,-0.0003791118573409,1.04,1.04,-0.0001200033014482,1.7317478863550006e-05,data93.csv,1.0571780342263677,1.005427054290717,1.0724631683458532,1.0032958710296234
95,0.24,0.24,-0.0356801587301587,-0.0001971187414459,1,3.4285714285714284,3.4285714285714284,-0.0056635172587553,-3.128868911839682e-05,1.0342857142857145,1.0342857142857145,-0.0006420969409475,0.0001579076658677,data94.csv,1.0472618017983797,1.00454862678524,1.0607615947465183,1.002798423769955
96,0.2,0.2,-0.0372574207401793,-0.0031941225553098,1,2.857142857142857,2.857142857142857,-0.0059138763079649,-0.0005070035802079,1.0285714285714285,1.0285714285714285,-0.0010933217396748,-0.0002170522764261,data95.csv,1.042605648216852,1.0053034947785209,1.0528543026014279,1.003367418103337
97,0.16,0.16,-0.0394377120963327,0.0007597221691628,1,2.2857142857142856,2.2857142857142856,-0.0062599543010051,0.000120590820502,1.022857142857143,1.022857142857143,-0.0016851062689869,0.0002069805456029,data96.csv,1.0374542491131458,1.0048839215953742,1.0425846802287375,1.0031400206438432
98,0.12,0.12,-0.0418988200218359,-0.0013573781119554,1,1.7142857142857142,1.7142857142857142,-0.0066506063526723,-0.0002154568431675,1.0171428571428571,1.0171428571428571,-0.0020727603785201,-9.949185315725792e-05,data97.csv,1.0359218038760654,1.0066482372893086,1.0366029578394271,1.0038274337255335
99,0.08,0.08,-0.0434050264550264,0.0035177499285824,1,1.1428571428571428,1.1428571428571428,-0.006889686738893,0.0005583730045368,1.0114285714285711,1.0114285714285711,-0.0027491391618375,0.0003843713057523,data98.csv,1.033368733460624,1.0059415752049494,1.0249208123498188,1.0057618845842962
100,0.04,0.04,-0.045494161649334,-0.0036116068126745,1,0.5714285714285714,0.5714285714285714,-0.0072212954998942,-0.0005732709226467,1.0057142857142858,1.0057142857142858,-0.0032661025244494,-4.870357095900022e-06,data99.csv,1.0296918297049216,1.0065543279314957,1.0200101671677966,1.0054901077217142
101,0.0,0.0,-0.0435185374149659,-0.0039031347458905,2,0.0,0.0,-0.0069077043515818,-0.0006195451977603,1.0,1.0,-0.0069077043515818,-0.0006195451977603,data100.csv,1.0283880246952224,1.0056667626150353,1.0283880246952224,1.0056667626150353
102,0.03,0.04,-0.0318325123152709,-0.0026575536783499,2,0.4285714285714285,0.5714285714285714,-0.0050527797325826,-0.0004218339171983,1.0042857142857142,1.0057142857142858,-0.0060084186931477,-0.0002466377752895,data101.csv,1.032113102955261,1.0052073691251258,1.0303952014460536,1.0058797821695373
103,0.06,0.08,-0.0245823754789272,-0.0019582390135537,2,0.8571428571428571,1.1428571428571428,-0.0039019643617344,-0.0003108315894529,1.008571428571429,1.0114285714285711,-0.0053773107035187,-0.0002755321466373,data102.csv,1.0298077420045777,1.0069648023520048,1.029493177787843,1.0068236501565109
104,0.09,0.12,-0.0190362433862433,-0.003200835520602,2,1.2857142857142858,1.7142857142857142,-0.0030216259343243,-0.0005080691302542,1.012857142857143,1.0171428571428571,-0.0047334174623446,-0.0002550505547062,data103.csv,1.033628658034157,1.0064605615996969,1.0326848074294008,1.0060374884869923
105,0.12,0.16,-0.0119104634190841,0.0017145335786368,2,1.7142857142857142,2.2857142857142856,-0.0018905497490609,0.0002721481870852,1.0171428571428571,1.022857142857143,-0.0040589771881506,0.0001240658838543,data104.csv,1.0299752746284812,1.0053909765855449,1.03185683975792,1.00571540810572
106,0.15,0.2,-0.0070402116402116,-0.0004719095217993,2,2.142857142857143,2.857142857142857,-0.0011174939111446,-7.49062733014762e-05,1.0214285714285714,1.0285714285714285,-0.0034688954338652,-7.388955489196825e-05,data105.csv,1.0383776151511908,1.006363330236855,1.0369621710469041,1.0060970683558468
107,0.18,0.24,-0.0058119047619047,-0.0007296364875044,2,2.571428571428572,3.4285714285714284,-0.0009225245653816,-0.0001158153154768,1.0257142857142858,1.0342857142857145,-0.0033850601086995,-0.0003216430075632,data106.csv,1.0353745428565375,1.004602041162173,1.0368444497297062,1.004780621190466
108,0.21,0.28,-0.001323492063492,-0.0007205463689761,2,3.0,4.000000000000001,-0.0002100781053161,-0.00011437243952,1.03,1.04,-0.0029242546401276,-2.443258153542857e-05,data107.csv,1.0407994876021764,1.0060686723916437,1.0422189447277648,1.0060076384640355
109,0.24,0.32,0.0032907008482405,0.0021379915486179,2,3.4285714285714284,4.571428571428571,0.0005223334679746,0.0003393637378758,1.0342857142857145,1.0457142857142858,-0.0022968018679155,0.000299647634889,data108.csv,1.04845022047358,1.0054863290722984,1.0496959808862218,1.0057992465398518
110,0.27,0.36,0.0065013983371126,0.0024519587851054,2,3.857142857142857,5.142857142857143,0.0010319679900178,0.0003891998071595,1.0385714285714285,1.0514285714285714,-0.0019095177692801,0.0002403004850491,data109.csv,1.0595991449883142,1.0058422930305495,1.0576270507438805,1.0053878977569801
111,0.3,0.4,0.0080629440665154,0.0017499534242346,2,4.285714285714286,5.714285714285714,0.0012798323915103,0.0002777703847991,1.042857142857143,1.0571428571428572,-0.001686844649068,0.0001449066329953,data110.csv,1.0638155800176912,1.0056451127214767,1.0634231381114128,1.0055122832389085
112,0.33,0.44,0.0091095238095238,-0.0003909498747186,2,4.714285714285714,6.285714285714286,0.0014459561602418,-6.205553566961904e-05,1.0471428571428572,1.062857142857143,-0.0015965065464244,-3.877815031990365e-05,data111.csv,1.0740516802025737,1.0057594700489385,1.0738216650659675,1.0059137123120219
113,0.36,0.48,0.0127192704668074,0.0004942799505979,2,5.142857142857143,6.857142857142857,0.0020189318201281,7.84571350155397e-05,1.0514285714285714,1.0685714285714285,-0.0011980301151659,3.884811803840561e-05,data112.csv,1.0855676765728717,1.004388774924339,1.0825460523880261,1.0053866605684365
114,0.39,0.52,0.0157455026455026,0.0002589221017967,2,5.571428571428571,7.428571428571429,0.0024992861342067,4.109874631693651e-05,1.0557142857142856,1.0742857142857145,-0.0007435382837681,-1.0392340629698411e-05,data113.csv,1.0971893103148078,1.005040927542069,1.0932800542898913,1.0055556718566376
115,0.42,0.56,0.017751221753069,0.0010921224739732,2,6.0,8.000000000000002,0.0028176542465188,0.0001733527736465,1.06,1.08,-0.0004292258227867,9.10726918025699e-05,data114.csv,1.1025458332980296,1.0051297935039414,1.1012142251033876,1.005857721929888
116,0.45,0.6,0.0219481207808794,-0.0015739194547597,2,6.428571428571429,8.571428571428571,0.0034838286953776,-0.0002498284848824,1.0642857142857145,1.0857142857142856,0.0001175172343461,0.0003798474033936,data115.csv,1.1138985585237962,1.005807264550601,1.112466883561424,1.0056097523938348
117,0.48,0.64,0.0261338624338624,-0.001141690812615,2,6.857142857142857,9.142857142857142,0.0041482321323591,-0.0001812207639071,1.0685714285714285,1.0914285714285714,0.0005611890137068,3.3648641957100014e-05,data116.csv,1.1252950029818414,1.0047177304357326,1.1213901054141404,1.0051361875677993
118,0.51,0.68,0.029513711001642,0.0028062215239249,2,7.285714285714286,9.714285714285714,0.0046847160320066,0.0004454319879245,1.072857142857143,1.0971428571428572,0.000938013136289,0.0001978337240693,data117.csv,1.1326019159380083,1.0049871758695064,1.1294510903578323,1.0053244179883052
119,0.54,0.72,0.0328833312281588,0.0039038792966027,2,7.714285714285714,10.285714285714286,0.005219576385422,0.0006196633804131,1.0771428571428572,1.1028571428571428,0.0013448652482246,0.0001675013165011,data118.csv,1.141769919386611,1.004892117916634,1.1389985968418235,1.0053053377680912
120,0.57,0.76,0.0368735827664399,-0.0003808207355705,2,8.142857142857142,10.857142857142858,0.0058529496454666,-6.044773580484127e-05,1.0814285714285714,1.1085714285714283,0.0019514709855236,0.0002710090251682,data119.csv,1.151764029727158,1.0048148018414231,1.1478722229902854,1.00545627796839
121,0.6,0.8,0.0414367816091954,0.0020563529960186,2,8.571428571428571,11.428571428571429,0.0065772669220945,0.0003264052374632,1.0857142857142856,1.1142857142857143,0.0024233644074914,0.0002285849528262,data120.csv,1.1625908312210034,1.0030429340142322,1.1577907310157451,1.0040346754884943
122,0.63,0.84,0.0452133219954648,-0.0009776410014252,2,9.0,12.0,0.0071767177770579,-0.0001551811113373,1.09,1.12,0.0028151745805122,-0.0003866168322181,data121.csv,1.169348659390634,1.0040695936002997,1.1655540577053216,1.0045709646968966
123,0.66,0.88,0.0476659642401021,-0.0024239957491072,2,9.428571428571429,12.571428571428571,0.0075660260698574,-0.000384761230017,1.0942857142857143,1.1257142857142857,0.0030481931810612,-0.0002262624826939,data122.csv,1.1782409261273268,1.002893397058075,1.1747261616126101,1.0039602714421598
124,0.69,0.92,0.0524222559050145,-0.0024396899456658,2,9.857142857142858,13.142857142857142,0.0083209930007959,-0.0003872523723279,1.0985714285714283,1.1314285714285717,0.0034466024710961,-0.0003200323444362,data123.csv,1.1870621406833182,1.003061822236529,1.1829874870790555,1.0039861284632952
125,0.72,0.96,0.057909736883259,0.0004413476223569,2,10.285714285714286,13.714285714285714,0.0091920217275014,7.005517815188888e-05,1.1028571428571428,1.137142857142857,0.0041143469338109,0.0002590102902752,data124.csv,1.194546763704763,1.003058606658608,1.1914272227995237,1.0037306800016057
126,0.75,1.0,0.0625230158730158,0.0003504320062313,2,10.714285714285714,14.285714285714286,0.009924288233812,5.5624127973222224e-05,1.1071428571428572,1.1428571428571428,0.0046394601263238,-0.0001169352154474,data125.csv,1.2022836146636378,1.002877934879712,1.1996048896176517,1.0035562132034932
127,0.78,1.04,0.0662820105820105,0.0012999551680811,2,11.142857142857142,14.857142857142858,0.0105209540606365,0.0002063420901716,1.1114285714285714,1.1485714285714286,0.0050856790992259,0.0002582253399333,data126.csv,1.2098782387770566,1.0031419511644817,1.2065123029651745,1.003882214658074
128,0.81,1.08,0.0704597883597883,0.0026554874441628,2,11.571428571428571,15.428571428571429,0.0111840933904425,0.0004215059435179,1.1157142857142857,1.1542857142857144,0.0055867853740048,0.0001477040402526,data127.csv,1.2182589170176008,1.002974291353795,1.2151892101344095,1.0035542372357376
129,0.84,1.12,0.0762999338624338,-0.0013100016578618,2,12.0,16.000000000000004,0.0121111006130847,-0.0002079367710891,1.12,1.16,0.0062732538782708,-0.0002547954640658,data128.csv,1.224295464069106,1.0031560106445725,1.2220684768506316,1.0032769090993883
130,0.87,1.16,0.0815253501996797,-0.0002761713308991,2,12.428571428571429,16.57142857142857,0.0129405317777269,-4.383671919033334e-05,1.1242857142857143,1.1657142857142857,0.0069340838979742,-3.092233037011905e-05,data129.csv,1.2321810056330298,1.0039176146045945,1.2297043025584915,1.003778004294774
131,0.9,1.2,0.0855042236818098,0.0005334465675216,2,12.857142857142858,17.142857142857142,0.0135720989971126,8.46740583367619e-05,1.1285714285714286,1.1714285714285717,0.0075740793489444,-3.5001403240819044e-05,data130.csv,1.23887871598002,1.0031133009090054,1.2359268858089059,1.0034472210160075
132,0.93,1.24,0.0903789728151797,-0.0004558165092452,2,13.285714285714286,17.714285714285715,0.0143458687008221,-7.235182686431745e-05,1.1328571428571428,1.177142857142857,0.0083065322340089,-0.0001466677996002,data131.csv,1.245295263549573,1.0028420978764443,1.2432779305827437,1.002988686990564
133,0.96,1.28,0.0959141073202375,-0.0066714477599301,2,13.714285714285714,18.285714285714285,0.0152244614794027,-0.0010589599618936,1.137142857142857,1.1828571428571428,0.0090558146045554,-0.0006888970545752,data132.csv,1.2509718437998292,1.002733456196392,1.2501248378910368,1.0030853519033456
134,0.99,1.32,0.1019506659368728,-0.0043641865896729,2,14.142857142857142,18.857142857142858,0.0161826453868052,-0.0006927280301068,1.1414285714285717,1.1885714285714286,0.009744093955164,-0.0004146969669675,data133.csv,1.2575829624224926,1.0027285856349657,1.255451018194361,1.0031314188979792
135,1.02,1.36,0.1072895649617871,0.0009230465025714,2,14.571428571428571,19.428571428571427,0.0170300896764741,0.0001465153178684,1.1457142857142857,1.1942857142857144,0.0104966280698202,0.0002658768097211,data134.csv,1.2644624164666172,1.0021575766407225,1.2628768616350723,1.0030121940699952
136,1.05,1.4,0.1142261904761904,-0.0007686391175879,2,15.0,20.0,0.018131141345427,-0.0001220062091409,1.15,1.2,0.01155066514162,0.0001766932694556,data135.csv,1.2689017422873667,1.0021538222740705,1.2692630524665582,1.0030254566439756
137,1.08,1.44,0.1226921182266009,0.0008615278233752,2,15.428571428571429,20.571428571428573,0.0194749394010477,0.0001367504481547,1.1542857142857144,1.2057142857142855,0.0125796119639852,-4.001815112875e-05,data136.csv,1.276472171656656,1.0022327479896536,1.2766220216948254,1.0030033120432302
138,1.11,1.48,0.1302286092214664,0.0023675278645905,2,15.85714285714286,21.142857142857142,0.0206712078129311,0.0003757980737445,1.1585714285714286,1.2114285714285713,0.0136431120949261,6.462284075744998e-05,data137.csv,1.28292413361666,1.0010608018504688,1.2816064378483767,1.002401713252806
139,1.14,1.52,0.1354674329501915,0.002215851844418,2,16.285714285714285,21.714285714285715,0.021502767134951,0.0003517225149869,1.1628571428571428,1.217142857142857,0.0145187762631659,0.0001761853440784,data138.csv,1.289040002019513,1.0017788710071736,1.2882948526635023,1.002541750051247
140,1.17,1.56,0.1440351669403393,-0.0004639200829427,2,16.714285714285715,22.285714285714285,0.0228627249111649,-7.363810840360318e-05,1.1671428571428573,1.2228571428571429,0.0157423972569018,-0.0001334743555019,data139.csv,1.2934405014293335,1.0011001664650998,1.2943032520510618,1.0020842199551878
141,1.2,1.6,0.154679365079365,0.0004633303862652,2,17.142857142857142,22.857142857142858,0.0245522801713277,7.354450575638096e-05,1.1714285714285717,1.2285714285714286,0.0172955578144411,0.0002522757411913,data140.csv,1.3003967195303583,1.000995516704934,1.2997956636689039,1.001808890116608
142,1.23,1.64,0.1649276794583307,0.0022392468629944,2,17.571428571428573,23.428571428571427,0.0261789967394175,0.0003554360099991,1.1757142857142855,1.2342857142857142,0.0188510252026641,0.0005879633105835,data141.csv,1.3070003895422948,1.0002923224904978,1.3062208725625335,1.0007106918765785
143,1.26,1.68,0.1723268472906404,-0.0010437166198211,2,18.0,24.0,0.0273534678239111,-0.0001656693047335,1.18,1.24,0.0201456177617917,0.0001030892541185,data142.csv,1.3128817834605953,1.0003621717664668,1.312472243541082,1.0012732013051013
144,1.29,1.72,0.1812522806057288,0.0001054605929077,2,18.428571428571427,24.571428571428573,0.0287702032707506,1.6739776652015872e-05,1.1842857142857142,1.2457142857142858,0.0217241125909708,-2.7281163098730165e-06,data143.csv,1.3167045242189674,0.9995317161263548,1.3177009991045372,1.000134377788433
145,1.32,1.76,0.1928466625966626,0.0017004189033233,2,18.857142857142858,25.142857142857142,0.0306105813645496,0.0002699077624322,1.1885714285714286,1.2514285714285711,0.0235211221404434,4.911733838965e-05,data144.csv,1.3226139478623244,0.9996015063044704,1.3223877806434814,1.0008247940302453
146,1.35,1.8,0.2069363528553183,0.0004473324860784,2,19.285714285714285,25.714285714285715,0.0328470401357648,7.100515652038095e-05,1.1928571428571428,1.2571428571428571,0.0256951460022067,0.0001944386238238,data145.csv,1.3292591405430771,0.9994832569993464,1.3284360972732767,1.000006046398949
147,1.38,1.84,0.2179860133708656,-0.0021798180320903,2,19.714285714285715,26.285714285714285,0.034600954503312,-0.0003460028622365,1.197142857142857,1.262857142857143,0.0278838735731475,1.1910129939950008e-05,data146.csv,1.332241971005327,0.999085361673988,1.3328532680223466,1.0002419276940344
148,1.41,1.88,0.2308939153439153,-0.0018261194080013,2,20.142857142857142,26.857142857142858,0.0366498278323675,-0.0002898602234922,1.2014285714285715,1.268571428571429,0.0305366019119439,-7.136396666810002e-05,data147.csv,1.3383408507501957,0.9987907188300376,1.339004772116273,1.0002228254227863
149,1.44,1.92,0.2478235788568301,-0.0012519083357846,2,20.571428571428573,27.428571428571427,0.0393370760090206,-0.0001987156088546,1.2057142857142855,1.2742857142857142,0.0337336467640635,-1.2938197279950004e-05,data148.csv,1.344233079531485,0.9991821899930609,1.3436747688150805,0.9997075774293255
150,1.47,1.96,0.2643527588813303,-0.0053691692262964,2,21.0,28.0,0.0419607553779889,-0.0008522490835391,1.21,1.28,0.0376499548429722,-0.0005366454249757,data149.csv,1.3503916724434113,0.9980908436264472,1.349249770338239,0.9991567928477618
151,1.5,2.0,0.259051646090535,-0.0004095918987175,2,21.428571428571427,28.571428571428573,0.0411193089032595,-6.501458709801588e-05,1.2142857142857142,1.2857142857142858,0.0411193089032595,-6.501458709801588e-05,data150.csv,1.3531518733125512,0.9998934680344608,1.3531518733125512,0.9998934680344608
152,1.47,1.96,0.2100366721401204,-0.001392563128398,2,21.0,28.0,0.0333391543079556,-0.0002210417664123,1.21,1.28,0.0376499548429722,-0.0005366454249757,data151.csv,1.3481078682330665,1.0002227420690766,1.349249770338239,0.9991567928477618
153,1.44,1.92,0.1772203703703703,0.0010888870500567,2,20.571428571428573,27.428571428571427,0.0281302175191064,0.0001728392142947,1.2057142857142855,1.2742857142857142,0.0337336467640635,-1.2938197279950004e-05,data152.csv,1.3431164580986763,1.00023296486559,1.3436747688150805,0.9997075774293255
154,1.41,1.88,0.153867268746579,0.0009269334279834,2,20.142857142857142,26.857142857142858,0.0244233759915204,0.000147132290156,1.2014285714285715,1.268571428571429,0.0305366019119439,-7.136396666810002e-05,data153.csv,1.3396686934823503,1.001654932015535,1.339004772116273,1.0002228254227863
155,1.38,1.84,0.1333507936507936,0.0023298856693337,2,19.714285714285715,26.285714285714285,0.0211667926429831,0.0003698231221164,1.197142857142857,1.262857142857143,0.0278838735731475,1.1910129939950008e-05,data154.csv,1.3334645650393662,1.0013984937140807,1.3328532680223466,1.0002419276940344
156,1.35,1.8,0.1168224867724867,0.0020025941741027,2,19.285714285714285,25.714285714285715,0.0185432518686486,0.0003178720911274,1.1928571428571428,1.2571428571428571,0.0256951460022067,0.0001944386238238,data155.csv,1.3276130540034763,1.0005288357985516,1.3284360972732767,1.000006046398949
157,1.32,1.76,0.1035194763729246,-0.0010815404396138,2,18.857142857142858,25.142857142857142,0.0164316629163372,-0.0001716730856529,1.1885714285714286,1.2514285714285711,0.0235211221404434,4.911733838965e-05,data156.csv,1.3221616134246383,1.0020480817560202,1.3223877806434814,1.0008247940302453
158,1.29,1.72,0.0924715380405035,-0.0001398348584121,2,18.428571428571427,24.571428571428573,0.014678021911191,-2.2196009271761905e-05,1.1842857142857142,1.2457142857142858,0.0217241125909708,-2.7281163098730165e-06,data157.csv,1.318697473990107,1.0007370394505115,1.3177009991045372,1.000134377788433
159,1.26,1.68,0.0815079365079365,0.0023426412217151,2,18.0,24.0,0.0129377676996724,0.0003718478129706,1.18,1.24,0.0201456177617917,0.0001030892541185,data158.csv,1.3120627036215686,1.0021842308437356,1.312472243541082,1.0012732013051013
160,1.23,1.64,0.0725952380952381,0.0051690908503578,2,17.571428571428573,23.428571428571427,0.0115230536659108,0.0008204906111679,1.1757142857142855,1.2342857142857142,0.0188510252026641,0.0005879633105835,data159.csv,1.3054413555827724,1.0011290612626589,1.3062208725625335,1.0007106918765785
161,1.2,1.6,0.0632446633825944,0.0027153439527463,2,17.142857142857142,22.857142857142858,0.0100388354575546,0.0004310069766263,1.1714285714285717,1.2285714285714286,0.0172955578144411,0.0002522757411913,data160.csv,1.2991946078074497,1.0026222635282818,1.2997956636689039,1.001808890116608
162,1.17,1.56,0.0543190384966247,-0.0012178567963818,2,16.714285714285715,22.285714285714285,0.0086220696026388,-0.0001933106026002,1.1671428571428573,1.2228571428571429,0.0157423972569018,-0.0001334743555019,data161.csv,1.29516600267279,1.003068273445276,1.2943032520510618,1.0020842199551878
163,1.14,1.52,0.0474691479656996,4.083490971176054e-06,2,16.285714285714285,21.714285714285715,0.0075347853913808,6.481731700279451e-07,1.1628571428571428,1.217142857142857,0.0145187762631659,0.0001761853440784,data162.csv,1.2875497033074916,1.0033046290953205,1.2882948526635023,1.002541750051247
164,1.11,1.48,0.0416746031746031,-0.0015532800710467,2,15.85714285714286,21.142857142857142,0.0066150163769211,-0.0002465523922296,1.1585714285714286,1.2114285714285713,0.0136431120949261,6.462284075744998e-05,data163.csv,1.2802887420800937,1.0037426246551435,1.2816064378483767,1.002401713252806
165,1.08,1.44,0.0358109925196132,-0.0013657565275971,2,15.428571428571429,20.571428571428573,0.0056842845269227,-0.0002167867504122,1.1542857142857144,1.2057142857142855,0.0125796119639852,-4.001815112875e-05,data164.csv,1.2767718717329948,1.003773876096807,1.2766220216948254,1.0030033120432302
166,1.05,1.4,0.031312190308222,0.002994974312729,2,15.0,20.0,0.004970188937813,0.0004753927480522,1.15,1.2,0.01155066514162,0.0001766932694556,data165.csv,1.2696243626457495,1.003897091013881,1.2692630524665582,1.0030254566439756
167,1.02,1.36,0.0249679487179487,0.0024270012999151,2,14.571428571428571,19.428571428571427,0.0039631664631664,0.0003852383015738,1.1457142857142857,1.1942857142857144,0.0104966280698202,0.0002658768097211,data166.csv,1.2612913068035274,1.003866811499268,1.2628768616350723,1.0030121940699952
168,0.99,1.32,0.0208249178981937,-0.0008609951941181,2,14.142857142857142,18.857142857142858,0.0033055425235228,-0.0001366659038282,1.1414285714285717,1.1885714285714286,0.009744093955164,-0.0004146969669675,data167.csv,1.2533190739662294,1.003534252160993,1.255451018194361,1.0031314188979792
169,0.96,1.28,0.0181891566971616,-0.0020086551277181,2,13.714285714285714,18.285714285714285,0.0028871677297081,-0.0003188341472568,1.137142857142857,1.1828571428571428,0.0090558146045554,-0.0006888970545752,data168.csv,1.2492778319822444,1.003437247610299,1.2501248378910368,1.0030853519033456
170,0.93,1.24,0.0142833333333333,-0.0013921977657179,2,13.285714285714286,17.714285714285715,0.0022671957671957,-0.0002209837723361,1.1328571428571428,1.177142857142857,0.0083065322340089,-0.0001466677996002,data169.csv,1.2412605976159146,1.0031352761046837,1.2432779305827437,1.002988686990564
171,0.9,1.2,0.0099291761148904,-0.000974464248356,2,12.857142857142858,17.142857142857142,0.0015760597007762,-0.0001546768648184,1.1285714285714286,1.1714285714285717,0.0075740793489444,-3.5001403240819044e-05,data170.csv,1.2329750556377916,1.0037811411230095,1.2359268858089059,1.0034472210160075
172,0.87,1.16,0.0058441069147965,-0.0001134500317644,2,12.428571428571429,16.57142857142857,0.0009276360182216,-1.800794154990476e-05,1.1242857142857143,1.1657142857142857,0.0069340838979742,-3.092233037011905e-05,data171.csv,1.2272275994839532,1.0036383939849531,1.2297043025584915,1.003778004294774
173,0.84,1.12,0.0027430650037792,-0.0019004211893681,2,12.0,16.000000000000004,0.000435407143457,-0.0003016541570425,1.12,1.16,0.0062732538782708,-0.0002547954640658,data172.csv,1.2198414896321574,1.0033978075542038,1.2220684768506316,1.0032769090993883
174,0.81,1.08,-6.629264732713013e-05,-0.0007944165369794,2,11.571428571428571,15.428571428571429,-1.0522642432877798e-05,-0.0001260978630126,1.1157142857142857,1.1542857142857144,0.0055867853740048,0.0001477040402526,data173.csv,1.2121195032512182,1.0041341831176804,1.2151892101344095,1.0035542372357376
175,0.78,1.04,-0.0022024539317642,0.0019536841150791,2,11.142857142857142,14.857142857142858,-0.0003495958621847,0.000310108589695,1.1114285714285714,1.1485714285714286,0.0050856790992259,0.0002582253399333,data174.csv,1.2031463671532925,1.0046224781516662,1.2065123029651745,1.003882214658074
176,0.75,1.0,-0.0040658182813355,-0.0018238157208695,2,10.714285714285714,14.285714285714286,-0.0006453679811643,-0.0002894945588681,1.1071428571428572,1.1428571428571428,0.0046394601263238,-0.0001169352154474,data175.csv,1.1969261645716656,1.0042344915272745,1.1996048896176517,1.0035562132034932
177,0.72,0.96,-0.0060689655172413,0.0028221820351121,2,10.285714285714286,13.714285714285714,-0.0009633278598795,0.0004479654023987,1.1028571428571428,1.137142857142857,0.0041143469338109,0.0002590102902752,data176.csv,1.1883076818942846,1.0044027533446034,1.1914272227995237,1.0037306800016057
178,0.69,0.92,-0.0089950647692027,-0.0015927175942305,2,9.857142857142858,13.142857142857142,-0.0014277880586036,-0.0002528123165445,1.0985714285714283,1.1314285714285717,0.0034466024710961,-0.0003200323444362,data177.csv,1.1789128334747927,1.0049104346900612,1.1829874870790555,1.0039861284632952
179,0.66,0.88,-0.0092587301587301,-0.0004269115328366,2,9.428571428571429,12.571428571428571,-0.0014696397077349,-6.776373537088889e-05,1.0942857142857143,1.1257142857142857,0.0030481931810612,-0.0002262624826939,data178.csv,1.1712113970978937,1.0050271458262447,1.1747261616126101,1.0039602714421598
180,0.63,0.84,-0.0097421222810111,-0.0038937310845236,2,9.0,12.0,-0.0015463686160335,-0.0006180525530989,1.09,1.12,0.0028151745805122,-0.0003866168322181,data179.csv,1.1617594560200095,1.0050723357934934,1.1655540577053216,1.0045709646968966
181,0.6,0.8,-0.0109023900748038,0.0008238174095929,2,8.571428571428571,11.428571428571429,-0.0017305381071117,0.0001307646681893,1.0857142857142856,1.1142857142857143,0.0024233644074914,0.0002285849528262,data180.csv,1.152990630810487,1.0050264169627567,1.1577907310157451,1.0040346754884943
182,0.57,0.76,-0.0122850483488414,0.0037955344526913,2,8.142857142857142,10.857142857142858,-0.0019500076744192,0.0006024657861414,1.0814285714285714,1.1085714285714283,0.0019514709855236,0.0002710090251682,data181.csv,1.1439804162534124,1.0060977540953568,1.1478722229902854,1.00545627796839
183,0.54,0.72,-0.0159380291005291,-0.001793362708689,2,7.714285714285714,10.285714285714286,-0.0025298458889728,-0.0002846607474109,1.0771428571428572,1.1028571428571428,0.0013448652482246,0.0001675013165011,data182.csv,1.1362272742970358,1.0057185576195486,1.1389985968418235,1.0053053377680912
184,0.51,0.68,-0.0176947454844006,-0.0003135166006505,2,7.285714285714286,9.714285714285714,-0.0028086897594286,-4.976453978579365e-05,1.072857142857143,1.0971428571428572,0.000938013136289,0.0001978337240693,data183.csv,1.1263002647776563,1.0056616601071042,1.1294510903578323,1.0053244179883052
185,0.48,0.64,-0.0190628808611567,0.0015656637012745,2,6.857142857142857,9.142857142857142,-0.0030258541049455,0.0002485180478213,1.0685714285714285,1.0914285714285714,0.0005611890137068,3.3648641957100014e-05,data184.csv,1.1174852078464392,1.0055546446998662,1.1213901054141404,1.0051361875677993
186,0.45,0.6,-0.0204674036281179,0.0063599967375193,2,6.428571428571429,8.571428571428571,-0.0032487942266853,0.0010095232916697,1.0642857142857145,1.0857142857142856,0.0001175172343461,0.0003798474033936,data185.csv,1.1110352085990516,1.0054122402370684,1.112466883561424,1.0056097523938348
187,0.42,0.56,-0.0231594671201814,5.539344273943075e-05,2,6.0,8.000000000000002,-0.0036761058920922,8.792609958639803e-06,1.06,1.08,-0.0004292258227867,9.10726918025699e-05,data186.csv,1.099882616908746,1.0065856503558348,1.1012142251033876,1.005857721929888
188,0.39,0.52,-0.0251140850209815,-0.0003898655937309,2,5.571428571428571,7.428571428571429,-0.003986362701743,-6.188342757633334e-05,1.0557142857142856,1.0742857142857145,-0.0007435382837681,-1.0392340629698411e-05,data187.csv,1.089370798264975,1.0060704161712062,1.0932800542898913,1.0055556718566376
189,0.36,0.48,-0.0278144499178981,-4.793663313989379e-06,2,5.142857142857143,6.857142857142857,-0.00441499205046,-7.60898938728473e-07,1.0514285714285714,1.0685714285714285,-0.0011980301151659,3.884811803840561e-05,data188.csv,1.0795244282031808,1.006384546212534,1.0825460523880261,1.0053866605684365
190,0.33,0.44,-0.0292255062944718,-9.765481931218594e-05,2,4.714285714285714,6.285714285714286,-0.0046389692530907,-1.5500764970188245e-05,1.0471428571428572,1.062857142857143,-0.0015965065464244,-3.877815031990365e-05,data189.csv,1.0735916499293614,1.006067954575105,1.0738216650659675,1.0059137123120219
191,0.3,0.4,-0.0293171866447728,7.587015150691844e-05,2,4.285714285714286,5.714285714285714,-0.0046535216896464,1.2042881191574356e-05,1.042857142857143,1.0571428571428572,-0.001686844649068,0.0001449066329953,data190.csv,1.0630306962051344,1.0053794537563403,1.0634231381114128,1.0055122832389085
192,0.27,0.36,-0.0305613222300414,0.0005758273265141,2,3.857142857142857,5.142857142857143,-0.004851003528578,9.140116293874603e-05,1.0385714285714285,1.0514285714285714,-0.0019095177692801,0.0002403004850491,data191.csv,1.0556549564994469,1.004933502483411,1.0576270507438805,1.0053878977569801
193,0.24,0.32,-0.0322304043839758,0.0016375686509844,2,3.4285714285714284,4.571428571428571,-0.0051159372038056,0.0002599315319022,1.0342857142857145,1.0457142857142858,-0.0022968018679155,0.000299647634889,data192.csv,1.050941741298864,1.006112164007405,1.0496959808862218,1.0057992465398518
194,0.21,0.28,-0.0355221164021164,0.0004126958416296,2,3.0,4.000000000000001,-0.0056384311749391,6.550727644914286e-05,1.03,1.04,-0.0029242546401276,-2.443258153542857e-05,data193.csv,1.043638401853353,1.0059466045364274,1.0422189447277648,1.0060076384640355
195,0.18,0.24,-0.0368398526077097,-0.003323065407793,2,2.571428571428572,3.4285714285714284,-0.0058475956520174,-0.0005274706996496,1.0257142857142858,1.0342857142857145,-0.0033850601086995,-0.0003216430075632,data194.csv,1.0383143566028747,1.0049592012187587,1.0368444497297062,1.004780621190466
196,0.15,0.2,-0.0366678708264915,-0.0004590988698395,2,2.142857142857143,2.857142857142857,-0.0058202969565859,-7.287283648246031e-05,1.0214285714285714,1.0285714285714285,-0.0034688954338652,-7.388955489196825e-05,data195.csv,1.0355467269426173,1.0058308064748382,1.0369621710469041,1.0060970683558468
197,0.12,0.16,-0.0392326491516146,-0.0001513034420714,2,1.7142857142857142,2.2857142857142856,-0.0062274046272404,-2.401641937641269e-05,1.0171428571428571,1.022857142857143,-0.0040589771881506,0.0001240658838543,data196.csv,1.0337384048873588,1.0060398396258952,1.03185683975792,1.00571540810572
198,0.09,0.12,-0.0406048166392994,-1.280146869674498e-05,2,1.2857142857142858,1.7142857142857142,-0.0064452089903649,-2.0319791582134893e-06,1.012857142857143,1.0171428571428571,-0.0047334174623446,-0.0002550505547062,data197.csv,1.031740956824645,1.0056144153742874,1.0326848074294008,1.0060374884869923
199,0.06,0.08,-0.0431717393854093,-0.0015134660340778,2,0.8571428571428571,1.1428571428571428,-0.006852657045303,-0.0002402327038218,1.008571428571429,1.0114285714285711,-0.0053773107035187,-0.0002755321466373,data198.csv,1.0291786135711083,1.006682497961017,1.029493177787843,1.0068236501565109
200,0.03,0.04,-0.0438735632183908,-0.0004500822902986,2,0.4285714285714285,0.5714285714285714,-0.0069640576537128,-7.144163338073017e-05,1.0042857142857142,1.0057142857142858,-0.0060084186931477,-0.0002466377752895,data199.csv,1.028677299936846,1.006552195213949,1.0303952014460536,1.0058797821695373
201,0.0,0.0,-0.0431940430578361,-0.0023628458132428,3,0.0,0.0,-0.0068561973107676,-0.0003750548909909,1.0,1.0,-0.0068561973107676,-0.0003750548909909,data200.csv,1.026305795013992,1.0071363734668597,1.026305795013992,1.0071363734668597
202,0.02,0.04,-0.0347369907733208,-0.0021755833816939,3,0.2857142857142857,0.5714285714285714,-0.0055138080592572,-0.0003453306955069,1.002857142857143,1.0057142857142858,-0.0057720408907952,-0.0002747206055545,data201.csv,1.0273978731149191,1.0073040541552567,1.0241057156264555,1.00661705167718
203,0.04,0.08,-0.0291437095825984,0.0025646098729842,3,0.5714285714285714,1.1428571428571428,-0.0046259856480314,0.0004070809322197,1.0057142857142858,1.0114285714285711,-0.0053011285544983,-0.0001725972426015,data202.csv,1.0271709280609729,1.0068815054353908,1.0256708091797067,1.006504808191022
204,0.06,0.12,-0.023281746031746,0.0016259701897476,3,0.8571428571428571,1.7142857142857142,-0.0036955152431342,0.0002580905063091,1.008571428571429,1.0171428571428571,-0.0048357276073477,0.0002643508991578,data203.csv,1.028446039233504,1.0060634208662806,1.026090126546523,1.0060164740584217
205,0.08,0.16,-0.0182938462741418,-0.0018319527478824,3,1.1428571428571428,2.2857142857142856,-0.0029037851228796,-0.0002907861504575,1.0114285714285711,1.022857142857143,-0.0041512826623077,-0.0003397242486278,data204.csv,1.0294030865840522,1.0065976054621604,1.0273796236392048,1.0060678437172474
206,0.1,0.2,-0.0143751687648239,0.0010519795158442,3,1.4285714285714286,2.857142857142857,-0.0022817728198133,0.0001669808755308,1.0142857142857142,1.0285714285714285,-0.0038013307463713,2.220600466014999e-05,data205.csv,1.0285567020757929,1.0064927277128088,1.0275861038249798,1.0065890630309822
207,0.12,0.24,-0.0119730158730158,-0.0011408918687294,3,1.7142857142857142,3.4285714285714284,-0.0019004787100025,-0.0001810939474173,1.0171428571428571,1.0342857142857145,-0.003457991743706,-3.177096660665e-05,data206.csv,1.0300289875899296,1.0067447133735907,1.0293762877564245,1.0059950298245757
208,0.14,0.28,-0.0101695389266817,0.0020069470407901,3,2.0000000000000004,4.000000000000001,-0.0016142125280447,0.0003185630223476,1.02,1.04,-0.0032920687462481,0.0001662411126737,data207.csv,1.0315893849565256,1.0066183135033413,1.03132673048208,1.006461948165578
209,0.16,0.32,-0.0065716201423097,-0.0048698292977559,3,2.2857142857142856,4.571428571428571,-0.0010431143083031,-0.0007729887774215,1.022857142857143,1.0457142857142858,-0.0028188423335033,-0.0004130413072397,data208.csv,1.033504873372249,1.0066425713005671,1.0341694452154013,1.006346174010526
210,0.18,0.36,-0.0035262334818985,-0.0011204342553184,3,2.571428571428572,5.142857142857143,-0.0005597196003013,-0.0001778467071933,1.0257142857142858,1.0514285714285714,-0.0025662836076472,-0.00012896165168,data209.csv,1.035531471477223,1.0059563621876748,1.0365379270211135,1.0059644943886044
211,0.2,0.4,-0.0019841269841269,0.00095506571522,3,2.857142857142857,5.714285714285714,-0.0003149407911312,0.0001515977325746,1.0285714285714285,1.0571428571428572,-0.0024229155263637,0.0001097856855504,data210.csv,1.0402413481282566,1.0062797490123163,1.0417378790092076,1.006366725507167
212,0.22,0.44,-0.0001150337529647,-0.0023021154818595,3,3.142857142857143,6.285714285714286,-1.8259325867412697e-05,-0.0003654151558507,1.0314285714285714,1.062857142857143,-0.0022139671534854,-0.0001496427291195,data211.csv,1.0456962257910496,1.0051374294234436,1.047114677262364,1.0054637473268129
213,0.24,0.48,0.0032755395261552,0.0030740697574098,3,3.4285714285714284,6.857142857142857,0.0005199269089135,0.0004879475805412,1.0342857142857145,1.0685714285714285,-0.0016574154748562,0.0003670732450131,data212.csv,1.050806072282288,1.0056510756431862,1.0523424875146197,1.005429083421251
214,0.26,0.52,0.0050259441707717,-0.0026980335018902,3,3.7142857142857135,7.428571428571429,0.0007977689159955,-0.0004282592860143,1.0371428571428571,1.0742857142857145,-0.0014758270272774,-0.0001079027161682,data213.csv,1.0556709226823175,1.0063636203297344,1.0578358822145095,1.005819060193892
215,0.28,0.56,0.0061073506456648,0.0013378728612295,3,4.000000000000001,8.000000000000002,0.0009694207374071,0.0002123607716237,1.04,1.08,-0.001277594042205,0.0003997991876824,data214.csv,1.063740322830804,1.0065490802553738,1.0658815906182335,1.005838495837479
216,0.3,0.6,0.0073175606641123,0.0028024288362837,3,4.285714285714286,8.571428571428571,0.0011615175657321,0.0004448299740132,1.042857142857143,1.0857142857142856,-0.0011563011326284,4.797890530299989e-06,data215.csv,1.0697656307494885,1.0070322527940825,1.0704270408391405,1.0060940151425755
217,0.32,0.64,0.0090092592592592,-0.0003062618228381,3,4.571428571428571,9.142857142857142,0.0014300411522633,-4.861298775207937e-05,1.0457142857142858,1.0914285714285714,-0.0008796180456005,9.187854685146032e-05,data216.csv,1.0751155675431714,1.0060847110789477,1.0767474328999698,1.005978479621764
218,0.34,0.68,0.009184758386113,-0.0011232049040881,3,4.857142857142857,9.714285714285714,0.0014578981565258,-0.0001782864927123,1.0485714285714285,1.0971428571428572,-0.0008046551041507,-0.0001518711561026,data217.csv,1.0805289086104504,1.005266829831285,1.0823040056557682,1.005569743272078
219,0.36,0.72,0.0103084291187739,-0.002089593347185,3,5.142857142857143,10.285714285714286,0.0016362585902815,-0.0003316814836801,1.0514285714285714,1.1028571428571428,-0.0006744728542758,-0.0002119596719596,data218.csv,1.0893522261516295,1.0047812521103778,1.0894549145579413,1.0054406525338089
220,0.38,0.76,0.0124772851669403,-0.0007303449106543,3,5.428571428571429,10.857142857142858,0.0019805214550698,-0.0001159277635959,1.0542857142857145,1.1085714285714283,-0.0003930180160612,3.70850772982e-05,data219.csv,1.0929522431942749,1.004595356431342,1.0942554700455038,1.0053716160748074
221,0.4,0.8,0.0167242845414027,0.0023824506670526,3,5.714285714285714,11.428571428571429,0.0026546483399051,0.000378166772548,1.0571428571428572,1.1142857142857143,0.0001318277508655,0.0003537757343454,data220.csv,1.101539516231034,1.0053777095997758,1.102823314926673,1.0056891159033094
222,0.42,0.84,0.0172013227513227,0.0022716637815737,3,6.0,12.0,0.0027303686906861,0.0003605815526307,1.06,1.12,0.0004261596750845,0.0002818962936996,data221.csv,1.1055043249260914,1.0044335602167709,1.106479226990451,1.005261932535658
223,0.44,0.88,0.0202746598639455,0.0022135796427596,3,6.285714285714286,12.571428571428571,0.003218199978404,0.000351361848057,1.062857142857143,1.1257142857142857,0.0008317175164172,2.833004259580001e-05,data222.csv,1.1138071839121426,1.004827577576321,1.1143347704710989,1.0053498753558154
224,0.46,0.92,0.0219185276409414,0.0027841725093332,3,6.571428571428571,13.142857142857142,0.003479131371578,0.0004419321443386,1.0657142857142856,1.1314285714285717,0.0009229662064911,0.0003351643212234,data223.csv,1.1170471531919597,1.005124067968366,1.1186076038525972,1.0054232080365584
225,0.48,0.96,0.0249221401204159,0.0045898958900924,3,6.857142857142857,13.714285714285714,0.0039558952572088,0.0007285549031892,1.0685714285714285,1.137142857142857,0.0012691172680225,0.0003489326563302,data224.csv,1.126655074906804,1.0048266796103809,1.1260706052076594,1.005247450344412
226,0.5,1.0,0.0262475369458128,-0.001144087644272,3,7.142857142857143,14.285714285714286,0.0041662757056845,-0.0001816012133765,1.0714285714285714,1.1428571428571428,0.0013995774828815,-4.1662861047376976e-05,data225.csv,1.1322011813679638,1.005467411216987,1.1317825430175636,1.0057824371982718
227,0.52,1.04,0.0289619047619047,-0.0002386638235005,3,7.428571428571429,14.857142857142858,0.0045971277399848,-3.788314658738096e-05,1.0742857142857145,1.1485714285714286,0.0016494933952417,0.0001557481413893,data226.csv,1.1385514399882684,1.0049110231039242,1.138893586199002,1.0047630655497364
228,0.54,1.08,0.0311680350301039,-0.0009969678344689,3,7.714285714285714,15.428571428571429,0.0049473071476355,-0.0001582488626141,1.0771428571428572,1.1542857142857144,0.0019068108299088,-3.4611114561042054e-05,data227.csv,1.1433678412712749,1.0044426770665604,1.1431047438769828,1.004908700679744
229,0.56,1.12,0.0350382931245,-0.0022309819262462,3,8.000000000000002,16.000000000000004,0.0055616338292857,-0.0003541241152771,1.08,1.16,0.002382963693807,1.0713026006199992e-05,data228.csv,1.1515336786939447,1.0043819658082669,1.1510025551763974,1.0043993252178693
230,0.58,1.16,0.0372372103630724,-0.0005553578331676,3,8.285714285714285,16.57142857142857,0.0059106683115987,-8.815203701073017e-05,1.0828571428571427,1.1657142857142857,0.0026854407578271,0.0002462280627011,data229.csv,1.1545992683826976,1.0043040654459146,1.1553159028958013,1.0045923753271482
231,0.6,1.2,0.0403492063492063,-0.0003991505286255,3,8.571428571428571,17.142857142857142,0.0064046359284454,-6.335722676595238e-05,1.0857142857142856,1.1714285714285717,0.0029399722852104,2.242975559322381e-05,data230.csv,1.162664068077102,1.004576362236272,1.1617395164449542,1.004617854215001
232,0.62,1.24,0.0406587301587301,0.0022505107910771,3,8.857142857142858,17.714285714285715,0.0064537666918619,0.0003572239350916,1.0885714285714283,1.177142857142857,0.0030883644219714,-6.073302084755e-05,data231.csv,1.168335003390887,1.005005477673362,1.1674038043669173,1.0050432110550167
233,0.64,1.28,0.0454879584017515,-0.0008865423759859,3,9.142857142857142,18.285714285714285,0.0072203108574208,-0.0001407210120612,1.0914285714285714,1.1828571428571428,0.0036918188116265,5.489888966485e-05,data232.csv,1.1737240734620944,1.0054758406251434,1.1737374498214121,1.0053327144367818
234,0.66,1.32,0.0463806878306878,0.0031544967752334,3,9.428571428571429,18.857142857142858,0.007362013941379,0.0005007137738465,1.0942857142857143,1.1885714285714286,0.0038588645334676,0.0004377071145034,data233.csv,1.1787448789816397,1.0038099788812855,1.1779647631356187,1.0042415984210864
235,0.68,1.36,0.0498949735449735,0.001577381544931,3,9.714285714285714,19.428571428571427,0.0079198370706307,0.0002503780230049,1.0971428571428572,1.1942857142857144,0.00432744430254,9.109651183109286e-05,data234.csv,1.1849778024586783,1.0041199707031447,1.1843199655253174,1.004650223637974
236,0.7,1.4,0.0515378489326765,0.0038815265279254,3,10.0,20.0,0.0081806109416946,0.0006161153218929,1.1,1.2,0.0045660419978974,0.0001947063648777,data235.csv,1.1896371379738244,1.0044063285388838,1.1892294342640097,1.0046607257562943
237,0.72,1.44,0.0561877577084473,-0.0008332984727484,3,10.285714285714286,20.571428571428573,0.0089186916997535,-0.0001322695988489,1.1028571428571428,1.2057142857142855,0.0053650105849065,2.344574517234999e-05,data236.csv,1.1972813034751546,1.003902927917527,1.1953896899718568,1.0037924569075751
238,0.74,1.48,0.0582161525529752,-0.0016185183249821,3,10.571428571428571,21.142857142857142,0.0092406591353928,-0.000256907670632,1.1057142857142856,1.2114285714285713,0.0057679800163085,-0.0002242221500179,data237.csv,1.199566275537996,1.00400028452974,1.1993769484333763,1.0041031922562556
239,0.76,1.52,0.0621095785440613,0.00066383971962,3,10.857142857142858,21.714285714285715,0.0098586632609621,0.0001053713840666,1.1085714285714283,1.217142857142857,0.0062881599638578,-4.779982126200004e-06,data238.csv,1.2064916906225809,1.0041041063745482,1.2060044626161799,1.0043392928128405
240,0.78,1.56,0.0625796387520525,-0.0009693556574257,3,11.142857142857142,22.285714285714285,0.0099332759923892,-0.0001538659773691,1.1114285714285714,1.2228571428571429,0.0065332584715452,-2.675895033200004e-06,data239.csv,1.210433845866748,1.004381544305638,1.2102712304334253,1.0044356419218488
241,0.8,1.6,0.068433484504913,-0.0022071605418851,3,11.428571428571429,22.857142857142858,0.0108624578579227,-0.0003503429431563,1.1142857142857143,1.2285714285714286,0.0072627790975296,-3.962578007634998e-05,data240.csv,1.215227617308693,1.004393232597024,1.2148020254626064,1.0046230784579409
242,0.82,1.64,0.0690870279146141,0.0033557611040007,3,11.714285714285714,23.428571428571427,0.0109661949070816,0.0005326604926985,1.1171428571428572,1.2342857142857142,0.0076512212255819,0.0003891818987554,data241.csv,1.2195803578720006,1.00458023289429,1.219366630933687,1.0047255227038612
243,0.84,1.68,0.0734053092501368,-0.0013705377279112,3,12.0,24.0,0.0116516363889106,-0.000217545671097,1.12,1.24,0.0082004967548859,7.19625273115e-05,data242.csv,1.2256467572457297,1.0040223028928177,1.2254238056596622,1.0044705209276268
244,0.86,1.72,0.0731645502645502,0.0001124674226176,3,12.285714285714286,24.571428571428573,0.0116134206769127,1.7851971844063492e-05,1.1228571428571428,1.2457142857142858,0.0084424208593611,-0.0001666937163527,data243.csv,1.228014471925163,1.003888075447579,1.2279698185886807,1.0043214699987018
245,0.88,1.76,0.0800571611019886,0.0014737851544231,3,12.571428571428571,25.142857142857142,0.0127074858892045,0.0002339341514957,1.1257142857142857,1.2514285714285711,0.009456696727222,0.0002853356443623,data244.csv,1.2345054240587157,1.0037729735356964,1.234026813171611,1.003840839673303
246,0.9,1.8,0.0821216018974639,0.0006596246018784,3,12.857142857142858,25.714285714285715,0.0130351749043593,0.0001047023177584,1.1285714285714286,1.2571428571428571,0.010111911052676,-9.490392184635e-05,data245.csv,1.2378979871421851,1.0046498618059316,1.2377858937907227,1.0045517474584027
247,0.92,1.84,0.0865687504887012,0.0028653551785166,3,13.142857142857142,26.285714285714285,0.013741071506143,0.0004548182823042,1.1314285714285717,1.262857142857143,0.0109636467309662,0.0005798668898357,data246.csv,1.242250342430947,1.0038830564464347,1.2418449249534536,1.003620658355592
248,0.94,1.88,0.0874442587379779,0.0009581541172254,3,13.428571428571429,26.857142857142858,0.0138800410695203,0.0001520879551151,1.1342857142857143,1.268571428571429,0.011563503388949,0.000244658081036,data247.csv,1.245685755989003,1.0032969685407558,1.245695882957807,1.0033491880041554
249,0.96,1.92,0.0933608465608465,-0.0010013430033666,3,13.714285714285714,27.428571428571427,0.0148191819937851,-0.0001589433338677,1.137142857142857,1.2742857142857142,0.0127027588813302,-1.9365179934699995e-05,data248.csv,1.2515522958489207,1.003059115848293,1.2513203357725033,1.0029220517584911
250,0.98,1.96,0.0949462962962962,-0.0002439441997563,3,14.0,28.0,0.0150708406819517,-3.8721301548619046e-05,1.14,1.28,0.0138023641555387,0.0001509014192221,data249.csv,1.253835890788724,1.0025000420331305,1.25378330925549,1.0027335135489943
251,1.0,2.0,0.0947705528188287,-0.001654251360216,3,14.285714285714286,28.571428571428573,0.0150429448918775,-0.0002625795809866,1.1428571428571428,1.2857142857142858,0.0150429448918775,-0.0002625795809866,data250.csv,1.2578868795107665,1.0021492751098535,1.2578868795107665,1.0021492751098535
252,0.98,1.96,0.078963492063492,0.0021453020819559,3,14.0,28.0,0.0125338876291257,0.000340524139993,1.14,1.28,0.0138023641555387,0.0001509014192221,data251.csv,1.2537307277222558,1.0029669850648582,1.25378330925549,1.0027335135489943
253,0.96,1.92,0.0666939153439153,0.0007573417361898,3,13.714285714285714,27.428571428571427,0.0105863357688754,0.0001202129739983,1.137142857142857,1.2742857142857142,0.0127027588813302,-1.9365179934699995e-05,data252.csv,1.251088375696086,1.002784987668689,1.2513203357725033,1.0029220517584911
254,0.94,1.88,0.0582558839627805,0.0021245377038291,3,13.428571428571429,26.857142857142858,0.0092469657083778,0.000337228206957,1.1342857142857143,1.268571428571429,0.011563503388949,0.000244658081036,data253.csv,1.245706009926611,1.0034014074675552,1.245695882957807,1.0033491880041554
255,0.92,1.84,0.0515731983214741,0.004440967633415,3,13.142857142857142,26.285714285714285,0.0081862219557895,0.0007049154973674,1.1314285714285717,1.262857142857143,0.0109636467309662,0.0005798668898357,data254.csv,1.24143950747596,1.0033582602647495,1.2418449249534536,1.003620658355592
256,0.9,1.8,0.0452884773662551,-0.0018554140171423,3,12.857142857142858,25.714285714285715,0.0071886472009928,-0.0002945101614511,1.1285714285714286,1.2571428571428571,0.010111911052676,-9.490392184635e-05,data255.csv,1.2376738004392602,1.0044536331108738,1.2377858937907227,1.0045517474584027
257,0.88,1.76,0.0390972176610107,0.0021214439645426,3,12.571428571428571,25.142857142857142,0.0062059075652397,0.0003367371372289,1.1257142857142857,1.2514285714285711,0.009456696727222,0.0002853356443623,data256.csv,1.2335482022845066,1.0039087058109095,1.234026813171611,1.003840839673303
258,0.86,1.72,0.0332099525634008,-0.0022128082486631,3,12.285714285714286,24.571428571428573,0.0052714210418096,-0.0003512394045496,1.1228571428571428,1.2457142857142858,0.0084424208593611,-0.0001666937163527,data257.csv,1.227925165252198,1.0047548645498243,1.2279698185886807,1.0043214699987018
259,0.84,1.68,0.029920949861426,0.0022772655720364,3,12.0,24.0,0.0047493571208612,0.00036147072572,1.12,1.24,0.0082004967548859,7.19625273115e-05,data258.csv,1.2252008540735946,1.004918738962436,1.2254238056596622,1.0044705209276268
260,0.82,1.64,0.0273183595277191,0.001547930820318,3,11.714285714285714,23.428571428571427,0.0043362475440823,0.0002457033048123,1.1171428571428572,1.2342857142857142,0.0076512212255819,0.0003891818987554,data259.csv,1.2191529039953732,1.004870812513432,1.219366630933687,1.0047255227038612
261,0.8,1.6,0.0230775321239606,0.0017078757129229,3,11.428571428571429,22.857142857142858,0.0036631003371366,0.0002710913830036,1.1142857142857143,1.2285714285714286,0.0072627790975296,-3.962578007634998e-05,data260.csv,1.21437643361652,1.0048529243188578,1.2148020254626064,1.0046230784579409
262,0.78,1.56,0.0197394179894179,0.0009356393800074,3,11.142857142857142,22.285714285714285,0.0031332409507012,0.0001485141873027,1.1114285714285714,1.2228571428571429,0.0065332584715452,-2.675895033200004e-06,data261.csv,1.2101086150001026,1.0044897395380594,1.2102712304334253,1.0044356419218488
263,0.76,1.52,0.0171212370005473,-0.0007240674944098,3,10.857142857142858,21.714285714285715,0.0027176566667535,-0.000114931348319,1.1085714285714283,1.217142857142857,0.0062881599638578,-4.779982126200004e-06,data262.csv,1.2055172346097789,1.004574479251133,1.2060044626161799,1.0043392928128405
264,0.74,1.48,0.0144603956525138,-0.0012066807652455,3,10.571428571428571,21.142857142857142,0.0022953008972244,-0.000191536629404,1.1057142857142856,1.2114285714285713,0.0057679800163085,-0.0002242221500179,data263.csv,1.1991876213287564,1.004206099982771,1.1993769484333763,1.0041031922562556
265,0.72,1.44,0.0114113756613756,0.0011287148619203,3,10.285714285714286,20.571428571428573,0.0018113294700596,0.0001791610891936,1.1028571428571428,1.2057142857142855,0.0053650105849065,2.344574517234999e-05,data264.csv,1.193498076468559,1.0036819858976231,1.1953896899718568,1.0037924569075751
266,0.7,1.4,0.0059942802408319,-0.0014282263304667,3,10.0,20.0,0.0009514730541003,-0.0002267025921375,1.1,1.2,0.0045660419978974,0.0001947063648777,data265.csv,1.1888217305541948,1.0049151229737048,1.1892294342640097,1.0046607257562943
267,0.68,1.36,0.0046308246670315,-0.0004295654958591,3,9.714285714285714,19.428571428571427,0.0007350515344494,-6.818499934271429e-05,1.0971428571428572,1.1942857142857144,0.00432744430254,9.109651183109286e-05,data266.csv,1.1836621285919564,1.0051804765728032,1.1843199655253174,1.004650223637974
268,0.66,1.32,0.0022410052910052,0.0023606128675111,3,9.428571428571429,18.857142857142858,0.0003557151255563,0.0003747004551604,1.0942857142857143,1.1885714285714286,0.0038588645334676,0.0004377071145034,data267.csv,1.1771846472895977,1.0046732179608873,1.1779647631356187,1.0042415984210864
269,0.64,1.28,0.001028958624744,0.001578268385763,3,9.142857142857142,18.285714285714285,0.0001633267658323,0.0002505187913909,1.0914285714285714,1.1828571428571428,0.0036918188116265,5.489888966485e-05,data268.csv,1.17375082618073,1.00518958824842,1.1737374498214121,1.0053327144367818
270,0.62,1.24,-0.0017453384418901,-0.0030157468537563,3,8.857142857142858,17.714285714285715,-0.000277037847919,-0.0004786899767867,1.0885714285714283,1.177142857142857,0.0030883644219714,-6.073302084755e-05,data269.csv,1.1664726053429475,1.0050809444366713,1.1674038043669173,1.0050432110550167
271,0.6,1.2,-0.0033055555555555,0.0006817654491006,3,8.571428571428571,17.142857142857142,-0.0005246913580246,0.0001082167379524,1.0857142857142856,1.1714285714285717,0.0029399722852104,2.242975559322381e-05,data270.csv,1.160814964812806,1.0046593461937303,1.1617395164449542,1.004617854215001
272,0.58,1.16,-0.0034006568144499,0.0036578314232023,3,8.285714285714285,16.57142857142857,-0.0005397867959444,0.000580608162413,1.0828571428571427,1.1657142857142857,0.0026854407578271,0.0002462280627011,data271.csv,1.156032537408905,1.0048806852083818,1.1553159028958013,1.0045923753271482
273,0.56,1.12,-0.0050129505825318,0.002365966053924,3,8.000000000000002,16.000000000000004,-0.0007957064416717,0.0003755501672895,1.08,1.16,0.002382963693807,1.0713026006199992e-05,data272.csv,1.1504714316588502,1.0044166846274718,1.1510025551763974,1.0043993252178693
274,0.54,1.08,-0.007142218573253,0.0005608677909997,3,7.714285714285714,15.428571428571429,-0.0011336854878179,8.902663349201588e-05,1.0771428571428572,1.1542857142857144,0.0019068108299088,-3.4611114561042054e-05,data273.csv,1.1428416464826905,1.0053747242929276,1.1431047438769828,1.004908700679744
275,0.52,1.04,-0.0081782879818594,0.0022010904050067,3,7.428571428571429,14.857142857142858,-0.0012981409495014,0.0003493794293661,1.0742857142857145,1.1485714285714286,0.0016494933952417,0.0001557481413893,data274.csv,1.1392357324097355,1.0046151079955483,1.138893586199002,1.0047630655497364
276,0.5,1.0,-0.0086128606615059,0.000619135595075,3,7.142857142857143,14.285714285714286,-0.0013671207399215,9.827549128174604e-05,1.0714285714285714,1.1428571428571428,0.0013995774828815,-4.1662861047376976e-05,data275.csv,1.1313639046671633,1.0060974631795565,1.1317825430175636,1.0057824371982718
277,0.48,0.96,-0.0089312625433315,-0.0001933444203308,3,6.857142857142857,13.714285714285714,-0.0014176607211637,-3.0689590528698414e-05,1.0685714285714285,1.137142857142857,0.0012691172680225,0.0003489326563302,data276.csv,1.1254861355085148,1.0056682210784431,1.1260706052076594,1.005247450344412
278,0.46,0.92,-0.0102891534391534,0.0014388979380824,3,6.571428571428571,13.142857142857142,-0.0016331989585957,0.0002283964981083,1.0657142857142856,1.1314285714285717,0.0009229662064911,0.0003351643212234,data277.csv,1.1201680545132346,1.0057223481047508,1.1186076038525972,1.0054232080365584
279,0.44,0.88,-0.0097950191570881,-0.0018566211060526,3,6.285714285714286,12.571428571428571,-0.0015547649455695,-0.0002947017628654,1.062857142857143,1.1257142857142857,0.0008317175164172,2.833004259580001e-05,data278.csv,1.114862357030055,1.00587217313531,1.1143347704710989,1.0053498753558154
280,0.42,0.84,-0.0118317108452576,0.0012802295190419,3,6.0,12.0,-0.001878049340517,0.0002032110347685,1.06,1.12,0.0004261596750845,0.0002818962936996,data279.csv,1.1074541290548106,1.006090304854545,1.106479226990451,1.005261932535658
281,0.4,0.8,-0.0150632548804962,0.0020751235857002,3,5.714285714285714,11.428571428571429,-0.002390992838174,0.0003293846961428,1.0571428571428572,1.1142857142857143,0.0001318277508655,0.0003537757343454,data280.csv,1.104107113622312,1.0060005222068429,1.102823314926673,1.0056891159033094
282,0.38,0.76,-0.0174293121693121,0.0011976168846116,3,5.428571428571429,10.857142857142858,-0.0027665574871923,0.0001900979181923,1.0542857142857145,1.1085714285714283,-0.0003930180160612,3.70850772982e-05,data281.csv,1.0955586968967328,1.006147875718273,1.0942554700455038,1.0053716160748074
283,0.36,0.72,-0.0188067870826491,-0.0005810985195069,3,5.142857142857143,10.285714285714286,-0.0029852042988331,-9.223786023919047e-05,1.0514285714285714,1.1028571428571428,-0.0006744728542758,-0.0002119596719596,data282.csv,1.0895576029642533,1.0061000529572397,1.0894549145579413,1.0054406525338089
284,0.34,0.68,-0.0193234126984126,-0.0007903716628067,3,4.857142857142857,9.714285714285714,-0.0030672083648273,-0.0001254558194931,1.0485714285714285,1.0971428571428572,-0.0008046551041507,-0.0001518711561026,data283.csv,1.084079102701086,1.0058726567128713,1.0823040056557682,1.005569743272078
285,0.32,0.64,-0.0200924466338259,0.0014639315131665,3,4.571428571428571,9.142857142857142,-0.0031892772434644,0.000232370081455,1.0457142857142858,1.0914285714285714,-0.0008796180456005,9.187854685146032e-05,data284.csv,1.078379298256768,1.00587224816458,1.0767474328999698,1.005978479621764
286,0.3,0.6,-0.0218869549352308,-0.0027419754156018,3,4.285714285714286,8.571428571428571,-0.003474119830989,-0.0004352341929526,1.042857142857143,1.0857142857142856,-0.0011563011326284,4.797890530299989e-06,data285.csv,1.0710884509287923,1.0051557774910684,1.0704270408391405,1.0060940151425755
287,0.28,0.56,-0.0222050355774493,0.0036995969035701,3,4.000000000000001,8.000000000000002,-0.0035246088218173,0.0005872376037412,1.04,1.08,-0.001277594042205,0.0003997991876824,data286.csv,1.0680228584056628,1.0051279114195844,1.0658815906182335,1.005838495837479
288,0.26,0.52,-0.0236213647144681,0.0013384592781702,3,3.7142857142857135,7.428571428571429,-0.0037494229705504,0.0002124538536778,1.0371428571428571,1.0742857142857145,-0.0014758270272774,-0.0001079027161682,data287.csv,1.0600008417467015,1.0052745000580494,1.0578358822145095,1.005819060193892
289,0.24,0.48,-0.0241589745093439,0.0015510531297562,3,3.4285714285714284,6.857142857142857,-0.003834757858626,0.0002461989094851,1.0342857142857145,1.0685714285714285,-0.0016574154748562,0.0003670732450131,data288.csv,1.0538789027469513,1.0052070911993156,1.0523424875146197,1.005429083421251
290,0.22,0.44,-0.0277809523809523,0.0004166170949535,3,3.142857142857143,6.285714285714286,-0.0044096749811035,6.612969761166667e-05,1.0314285714285714,1.062857142857143,-0.0022139671534854,-0.0001496427291195,data289.csv,1.0485331287336788,1.005790065230182,1.047114677262364,1.0054637473268129
291,0.2,0.4,-0.0285446086480569,0.0004282339227163,3,2.857142857142857,5.714285714285714,-0.0045308902615963,6.797363852639683e-05,1.0285714285714285,1.0571428571428572,-0.0024229155263637,0.0001097856855504,data290.csv,1.0432344098901585,1.0064537020020177,1.0417378790092076,1.006366725507167
292,0.18,0.36,-0.0288089399744572,-0.0005044825558505,3,2.571428571428572,5.142857142857143,-0.0045728476149932,-8.007659616674603e-05,1.0257142857142858,1.0514285714285714,-0.0025662836076472,-0.00012896165168,data291.csv,1.037544382565004,1.005972626589534,1.0365379270211135,1.0059644943886044
293,0.16,0.32,-0.0289457932598326,-0.000334491173465,3,2.2857142857142856,4.571428571428571,-0.0045945703587035,-5.30938370579365e-05,1.022857142857143,1.0457142857142858,-0.0028188423335033,-0.0004130413072397,data292.csv,1.0348340170585535,1.0060497767204848,1.0341694452154013,1.006346174010526
294,0.14,0.28,-0.0313105272760445,8.769097889900924e-05,3,2.0000000000000004,4.000000000000001,-0.0049699249644515,1.3919202999842737e-05,1.02,1.04,-0.0032920687462481,0.0001662411126737,data293.csv,1.0310640760076342,1.006305582827815,1.03132673048208,1.006461948165578
295,0.12,0.24,-0.03159768009768,0.0007405776894855,3,1.7142857142857142,3.4285714285714284,-0.0050155047774095,0.000117552014204,1.0171428571428571,1.0342857142857145,-0.003457991743706,-3.177096660665e-05,data294.csv,1.0287235879229195,1.0052453462755604,1.0293762877564245,1.0059950298245757
296,0.1,0.2,-0.0335215986394557,-0.0007721838571266,3,1.4285714285714286,2.857142857142857,-0.0053208886729294,-0.0001225688662105,1.0142857142857142,1.0285714285714285,-0.0038013307463713,2.220600466014999e-05,data295.csv,1.0266155055741668,1.0066853983491553,1.0275861038249798,1.0065890630309822
297,0.08,0.16,-0.0340123152709359,-0.0024485727848281,3,1.1428571428571428,2.2857142857142856,-0.0053987802017358,-0.0003886623467981,1.0114285714285711,1.022857142857143,-0.0041512826623077,-0.0003397242486278,data296.csv,1.0253561606943573,1.0055380819723343,1.0273796236392048,1.0060678437172474
298,0.06,0.12,-0.0376484218208356,0.0017048511396414,3,0.8571428571428571,1.7142857142857142,-0.0059759399715612,0.0002706112920065,1.008571428571429,1.0171428571428571,-0.0048357276073477,0.0002643508991578,data297.csv,1.023734213859542,1.0059695272505629,1.026090126546523,1.0060164740584217
299,0.04,0.08,-0.0376505102040816,-0.0047393351297639,3,0.5714285714285714,1.1428571428571428,-0.0059762714609653,-0.0007522754174228,1.0057142857142858,1.0114285714285711,-0.0053011285544983,-0.0001725972426015,data298.csv,1.0241706902984402,1.006128110946653,1.0256708091797067,1.006504808191022
300,0.02,0.04,-0.0379907244506998,-0.0012858962482934,3,0.2857142857142857,0.5714285714285714,-0.0060302737223333,-0.0002041105156021,1.002857142857143,1.0057142857142858,-0.0057720408907952,-0.0002747206055545,data299.csv,1.020813558137992,1.0059300491991032,1.0241057156264555,1.00661705167718
301,0.0,0.0,-0.0369413701879219,1.1090102031967025e-05,4,0.0,0.0,-0.0058637095536383,1.7603336558677818e-06,1.0,1.0,-0.0058637095536383,1.7603336558677818e-06,data300.csv,1.0206645531107514,1.0068289571788371,1.0206645531107514,1.0068289571788371
302,0.01,0.04,-0.0325418367346938,0.001068720604391,4,0.1428571428571428,0.5714285714285714,-0.0051653709102688,0.0001696381911731,1.0014285714285711,1.0057142857142858,-0.0051653709102688,0.0001696381911731,data301.csv,1.0207558175408862,1.006996210818145,1.0207558175408862,1.006996210818145
303,0.02,0.08,-0.0288210884353741,0.0005801526434123,4,0.2857142857142857,1.1428571428571428,-0.0045747759421228,9.208772117655555e-05,1.002857142857143,1.0114285714285711,-0.0053077981339507,-0.0001425519381473,data302.csv,1.0210450899782275,1.007355241357629,1.0183452504958224,1.007103334315578
304,0.03,0.12,-0.0244132457580733,-0.0016625287599641,4,0.4285714285714285,1.7142857142857142,-0.0038751183742973,-0.0002638934539625,1.0042857142857142,1.0171428571428571,-0.0046050130506498,-0.0004659390889197,data303.csv,1.0219088870881257,1.0067613792447392,1.019607247024373,1.0064295911090004
305,0.04,0.16,-0.0225841836734693,-0.0028348241086001,4,0.5714285714285714,2.2857142857142856,-0.0035847910592808,-0.0004499720807301,1.0057142857142858,1.022857142857143,-0.0043844949965498,-0.000220765331453,data304.csv,1.020784917359212,1.0060265572893332,1.019413310514907,1.0064572630504491
306,0.05,0.2,-0.0188546798029556,0.0004208322126951,4,0.7142857142857143,2.857142857142857,-0.0029928063179294,6.679876391985713e-05,1.0071428571428571,1.0285714285714285,-0.0040149636695887,-0.0001115074072133,data305.csv,1.023306933561068,1.006444739870016,1.0212105939767326,1.0065183399459061
307,0.06,0.24,-0.0155778416347381,0.0010644185988528,4,0.8571428571428571,3.4285714285714284,-0.0024726732753552,0.0001689553331512,1.008571428571429,1.0342857142857145,-0.0036024808025745,-0.0001335998945362,data306.csv,1.0222958898728518,1.0061508346873351,1.0219228272360432,1.006335446464147
308,0.07,0.28,-0.014221164021164,0.0018295814981725,4,1.0000000000000002,4.000000000000001,-0.0022573276224069,0.0002904097616146,1.01,1.04,-0.0033686786884065,-5.282781396155002e-05,data307.csv,1.0227189899874165,1.006421316299976,1.0225917730891958,1.0062911510004482
309,0.08,0.32,-0.0112711451247165,-0.0007091958558418,4,1.1428571428571428,4.571428571428571,-0.0017890706547169,-0.0001125707707685,1.0114285714285711,1.0457142857142858,-0.0031662971154526,7.407322015305e-05,data308.csv,1.023823113706659,1.006354682791942,1.0237576402886628,1.005631941045885
310,0.09,0.36,-0.0086461412151067,-0.0015587395209321,4,1.2857142857142858,5.142857142857143,-0.0013724033674772,-0.0002474189715765,1.012857142857143,1.0514285714285714,-0.0027642107076972,-3.761639466059999e-05,data309.csv,1.0260697473271148,1.006422302863747,1.0267141124205281,1.0065358882778939
311,0.1,0.4,-0.0079444882320744,-0.0032211213486874,4,1.4285714285714286,5.714285714285714,-0.001261029878107,-0.0005112891029662,1.0142857142857142,1.0571428571428572,-0.0026376077780135,-0.0001051133781047,data310.csv,1.0265106583538066,1.0051228968529635,1.028722542546857,1.0058345506531317
312,0.11,0.44,-0.0061067323481116,0.0008697743935974,4,1.5714285714285714,6.285714285714286,-0.0009693225949383,0.0001380594275551,1.0157142857142858,1.062857142857143,-0.002627692976479,0.0001842847669132,data311.csv,1.0280143811611402,1.0058278868393378,1.0302034864715388,1.0059119053866759
313,0.12,0.48,-0.0034124703521255,-0.0025747481953954,4,1.7142857142857142,6.857142857142857,-0.0005416619606548,-0.0004086901897453,1.0171428571428571,1.0685714285714285,-0.0022129854070193,-7.366070214605001e-05,data312.csv,1.0329509924309694,1.0055113313592885,1.034736158496756,1.0053020601797718
314,0.13,0.52,-0.0028636106549899,0.0015552774307609,4,1.8571428571428568,7.428571428571429,-0.0004545413738079,0.0002468694334541,1.0185714285714285,1.0742857142857145,-0.0020252070575136,4.96483971348e-05,data313.csv,1.035011778499824,1.0050707500815868,1.0377660104465267,1.0051496519634744
315,0.14,0.56,-0.0021779478458049,0.0004844263093414,4,2.0000000000000004,8.000000000000002,-0.0003457060072706,7.689306497482539e-05,1.02,1.08,-0.0020040708036544,0.0003907427411186,data314.csv,1.037825700568983,1.0049031934113608,1.0410412282786943,1.0050149408869347
316,0.15,0.6,3.748845217099175e-05,0.0026293518775122,4,2.142857142857143,8.571428571428571,5.950547963649484e-06,0.0004173574408749,1.0214285714285714,1.0857142857142856,-0.0017600422787182,1.0786689934999798e-07,data315.csv,1.0439030210142424,1.0048570840835482,1.0461994460900028,1.0051029703936414
317,0.16,0.64,0.000915982484948,-0.0041137620672883,4,2.2857142857142856,9.142857142857142,0.0001453940452298,-0.0006529781059187,1.022857142857143,1.0914285714285714,-0.0015401147687683,-0.0001202039156777,data316.csv,1.0472893951548443,1.0053077238489387,1.0502511234891292,1.0052515568038505
318,0.17,0.68,0.0027030651340996,0.0022058840683206,4,2.4285714285714284,9.714285714285714,0.0004290579577935,0.0003501403283048,1.0242857142857142,1.0971428571428572,-0.0013465146713337,-6.064998624115e-05,data317.csv,1.0500360776722992,1.0044213956390269,1.052569760502444,1.0049766350421572
319,0.18,0.72,0.0044777686553548,0.0052179215397507,4,2.571428571428572,10.285714285714286,0.0007107569294213,0.0008282415142461,1.0257142857142858,1.1028571428571428,-0.0010828127760257,0.0005350825522992,data318.csv,1.055692738637186,1.0049092611754424,1.0578361401099863,1.0052847119196426
320,0.19,0.76,0.0037797664659733,0.0012664546244615,4,2.7142857142857144,10.857142857142858,0.0005999629311068,0.0002010245435653,1.0271428571428571,1.1085714285714283,-0.0010605287240481,0.0001779337387982,data319.csv,1.0596782410401986,1.0052767011304866,1.0627141510326918,1.00556302424526
321,0.2,0.8,0.0051195767195767,-0.0021861767858076,4,2.857142857142857,11.428571428571429,0.0008126312253296,-0.0003470121882234,1.0285714285714285,1.1142857142857143,-0.0008365247333501,-1.094849028504999e-05,data320.csv,1.0613871494448175,1.0056213923303832,1.0643455378952686,1.005702346971982
322,0.21,0.84,0.0074408968355328,2.754978916085918e-06,4,3.0,12.0,0.0011810947357988,4.372982406485584e-07,1.03,1.12,-0.000561458429016,-4.051568199608048e-05,data321.csv,1.0676937074241075,1.005472638953443,1.0698735098565826,1.005370005696225
323,0.22,0.88,0.0073759480803815,0.0001339752806366,4,3.142857142857143,12.571428571428571,0.0011707854095843,2.126591756136508e-05,1.0314285714285714,1.1257142857142857,-0.0004169428216461,2.876016821978671e-06,data322.csv,1.0718223843952834,1.006503705906962,1.074409036041838,1.0060924579448438
324,0.23,0.92,0.0084329593139937,-0.0017403890557642,4,3.2857142857142856,13.142857142857142,0.0013385649704751,-0.0002762522310736,1.032857142857143,1.1314285714285717,-0.0003385164623534,1.5977055637300024e-05,data323.csv,1.0735942041436206,1.0053196519623635,1.07620693238625,1.005576044176279
325,0.24,0.96,0.0098404488232074,-0.0002552055040495,4,3.4285714285714284,13.714285714285714,0.0015619760036837,-4.05088101665873e-05,1.0342857142857145,1.137142857142857,-0.0001588998969343,0.0001966294880095,data324.csv,1.0793924196871925,1.0059554358308775,1.081226809085782,1.005910901684439
326,0.25,1.0,0.0091951286261631,0.0017273166808074,4,3.571428571428572,14.285714285714286,0.001459544226375,0.0002741772509218,1.0357142857142858,1.1428571428571428,5.72976153162e-05,-0.0001810094030908,data325.csv,1.083656478896586,1.0051837575993368,1.0861651829437042,1.0055955041691789
327,0.26,1.04,0.0096252248025647,-0.0009198764401653,4,3.7142857142857135,14.857142857142858,0.0015278134607245,-0.0001460121333595,1.0371428571428571,1.1485714285714286,3.4413875019099994e-05,-0.0002413440244174,data326.csv,1.0854006883982985,1.0050638704786872,1.0879681619207595,1.00565336540396
328,0.27,1.08,0.0110182383298146,0.0005963335529128,4,3.857142857142857,15.428571428571429,0.0017489267190181,9.465611950996824e-05,1.0385714285714285,1.1542857142857144,9.593422298675004e-05,-0.0001943207615361,data327.csv,1.091398190472386,1.0057415246324266,1.0931223385128146,1.0056814638453258
329,0.28,1.12,0.0126191421012849,0.0002382184352424,4,4.000000000000001,16.000000000000004,0.0020030384287753,3.78124500384762e-05,1.04,1.16,0.0004257234639887,-9.26959301462619e-05,data328.csv,1.096463450554921,1.0059018475363857,1.098397767252824,1.0055955700012433
330,0.29,1.16,0.0131743386243386,-0.0013772139601512,4,4.142857142857142,16.57142857142857,0.0020911648610061,-0.0002186053905001,1.0414285714285714,1.1657142857142857,0.0004805786512136,-0.0002763834205458,data329.csv,1.098449299300948,1.0051033622546408,1.1003384887996441,1.0055386912506428
331,0.3,1.2,0.0161015873015873,0.0010769763578762,4,4.285714285714286,17.142857142857142,0.0025558075081884,0.0001709486282343,1.042857142857143,1.1714285714285717,0.0007756441444181,-2.55746587735e-06,data330.csv,1.103333122947981,1.0053174459949263,1.1050888656203712,1.0055586960878817
332,0.31,1.24,0.0171683673469387,0.0023588129479526,4,4.428571428571429,17.714285714285715,0.0027251376741172,0.0003744147536432,1.0442857142857145,1.177142857142857,0.0009791317565631,0.0004765457577466,data331.csv,1.1089707279275776,1.0052783892231532,1.1106002029443292,1.0056499418661455
333,0.32,1.28,0.0187920576276487,0.0015694196558635,4,4.571428571428571,18.285714285714285,0.0029828662901029,0.0002491142310894,1.0457142857142858,1.1828571428571428,0.0011933701808887,0.000333936970828,data332.csv,1.1110509981524646,1.0056863148984143,1.1126570778465554,1.0054621059209636
334,0.33,1.32,0.021595238095238,0.0006596613349306,4,4.714285714285714,18.857142857142858,0.0034278155706726,0.0001047081484016,1.0471428571428572,1.1885714285714286,0.0014330797878964,0.0002857809597373,data333.csv,1.11571365727151,1.0057166081938185,1.1168384240174487,1.0057937598241518
335,0.34,1.36,0.0230065681444991,-0.0016314434145276,4,4.857142857142857,19.428571428571427,0.0036518362134125,-0.0002589592721472,1.0485714285714285,1.1942857142857144,0.0016716622792156,-0.0002246794630627,data334.csv,1.1207749290204887,1.0051551358893027,1.122283061607248,1.0051026877120872
336,0.35,1.4,0.0227937055281882,-0.0001361418747699,4,5.0,20.0,0.0036180484965378,-2.1609821392047623e-05,1.05,1.2,0.001680733298002,-4.70744267754127e-05,data335.csv,1.1226530726628,1.0056100046528185,1.12434424407411,1.0055281248054173
337,0.36,1.44,0.0256710454296661,-0.001013060847023,4,5.142857142857143,20.571428571428573,0.00407476911582,-0.0001608033090512,1.0514285714285714,1.2057142857142855,0.0019988319980989,5.4155014121900005e-05,data336.csv,1.12738651004209,1.0054914599278,1.1282813139942602,1.0053462341339865
338,0.37,1.48,0.028263273125342,-0.0021442197688103,4,5.285714285714286,21.142857142857142,0.0044862338294193,-0.0003403523442556,1.052857142857143,1.2114285714285713,0.0023610884860542,1.2573105308350002e-05,data337.csv,1.1332087260065071,1.0043858610879264,1.134149705183317,1.0049668124471407
339,0.38,1.52,0.0271668230510595,0.0014641978277951,4,5.428571428571429,21.714285714285715,0.0043121941350888,0.0002324123536182,1.0542857142857145,1.217142857142857,0.00236004837987,0.0003023414441107,data338.csv,1.1346337877933124,1.0047819030717802,1.1359278909035355,1.0050726409480117
340,0.39,1.56,0.0283464663643235,-0.0010987866076285,4,5.571428571428571,22.285714285714285,0.0044994391054481,-0.0001744105726394,1.0557142857142856,1.2228571428571429,0.0024589814183898,1.966967486435001e-05,data339.csv,1.1389672272589242,1.005563120982688,1.1396598180736095,1.0054567272801427
341,0.4,1.6,0.0319537037037037,-0.0004213097423739,4,5.714285714285714,22.857142857142858,0.0050720164609053,-6.687456228157143e-05,1.0571428571428572,1.2285714285714286,0.0030130892288801,-0.0002712680202572,data340.csv,1.144498049157577,1.0050467308490687,1.1453383529983805,1.0051618410697452
342,0.41,1.64,0.0330170752208929,-0.0009621567080221,4,5.857142857142857,23.428571428571427,0.0052408055906179,-0.0001527232869876,1.0585714285714285,1.2342857142857142,0.0032341678074866,-0.0003054979044592,data341.csv,1.146774662227739,1.0040790361892722,1.147587363578598,1.004564985462089
343,0.42,1.68,0.0339571428571428,0.0003572918028174,4,6.0,24.0,0.0053900226757369,5.671298457419048e-05,1.06,1.24,0.0034428188535037,0.0003200008405418,data342.csv,1.1506808620952702,1.0045579687422932,1.1510028541172628,1.0049397947557006
344,0.43,1.72,0.0371810618500273,-0.0002814945623825,4,6.142857142857143,24.571428571428573,0.0059017558492106,-4.46816765686508e-05,1.0614285714285714,1.2457142857142858,0.0039768500418472,-9.76064249735254e-05,data343.csv,1.1556408673214913,1.004460342295837,1.1561140746363796,1.004818433100021
345,0.44,1.76,0.0381603930461073,0.0006625907958447,4,6.285714285714286,25.142857142857142,0.0060572052454138,0.0001051731421975,1.062857142857143,1.2514285714285711,0.0043349770243193,-0.0001044967875854,data344.csv,1.1579895000619154,1.0047313760101528,1.1585492581006402,1.0047687591025491
346,0.45,1.8,0.0399034391534391,0.0034114903917889,4,6.428571428571429,25.714285714285715,0.0063338792307046,0.000541506411395,1.0642857142857145,1.2571428571428571,0.004652461026982,0.0004149858267498,data345.csv,1.1613429207101171,1.0047426423915848,1.1617015069609162,1.0047533548153784
347,0.46,1.84,0.042021164021164,0.0023837914234584,4,6.571428571428571,26.285714285714285,0.0066700260351053,0.0003783795910251,1.0657142857142856,1.262857142857143,0.0051692281851011,9.1012696335e-05,data346.csv,1.1668964190083713,1.0052465688990544,1.1669892632518701,1.0046854820596618
348,0.47,1.88,0.0424742499563928,0.0011157664610147,4,6.714285714285714,26.857142857142858,0.0067419444375226,0.0001771057874626,1.0671428571428572,1.268571428571429,0.0055250062603614,4.862756436009365e-05,data347.csv,1.1699590018349224,1.0045819163272367,1.169829438503066,1.0041637954877984
349,0.48,1.92,0.0448924466338259,0.0002047959493587,4,6.857142857142857,27.428571428571427,0.0071257851799723,3.2507293548999994e-05,1.0685714285714285,1.2742857142857142,0.005988364101342,1.718680998445536e-05,data348.csv,1.1721133236683148,1.00441418883582,1.1720273616456618,1.0043063110519914
350,0.49,1.96,0.0477701058201058,-0.0001672455867325,4,7.0,28.0,0.0075825564793818,-2.654691852896825e-05,1.07,1.28,0.0068022576755569,8.24671598823016e-06,data349.csv,1.177786783300557,1.0039807125668097,1.1772887387857498,1.0039326096439574
351,0.5,2.0,0.046007946281961,0.0003139849470662,4,7.142857142857143,28.571428571428573,0.0073028486161842,4.9838880486698416e-05,1.0714285714285714,1.2857142857142858,0.0073028486161842,4.9838880486698416e-05,data350.csv,1.1790939788903294,1.0041128092725635,1.1790939788903294,1.0041128092725635
352,0.49,1.96,0.0379383408919123,0.0002711542081842,4,7.0,28.0,0.0060219588717321,4.304035050542857e-05,1.07,1.28,0.0068022576755569,8.24671598823016e-06,data351.csv,1.1767906942709423,1.0038845067211049,1.1772887387857498,1.0039326096439574
353,0.48,1.92,0.0305609410430839,1.1757856445437586e-05,4,6.857142857142857,27.428571428571427,0.0048509430227117,1.866326419910728e-06,1.0685714285714285,1.2742857142857142,0.005988364101342,1.718680998445536e-05,data352.csv,1.1719413996230088,1.0041984332681626,1.1720273616456618,1.0043063110519914
354,0.47,1.88,0.0271408289241622,-0.0005030591500772,4,6.714285714285714,26.857142857142858,0.0043080680832003,-7.98506587424127e-05,1.0671428571428572,1.268571428571429,0.0055250062603614,4.862756436009365e-05,data353.csv,1.1696998751712098,1.00374567464836,1.169829438503066,1.0041637954877984
355,0.46,1.84,0.0231111111111111,-0.0012370314496377,4,6.571428571428571,26.285714285714285,0.003668430335097,-0.0001963541983551,1.0657142857142856,1.262857142857143,0.0051692281851011,9.1012696335e-05,data354.csv,1.1670821074953692,1.0041243952202694,1.1669892632518701,1.0046854820596618
356,0.45,1.8,0.0187175697865353,0.001817331025259,4,6.428571428571429,25.714285714285715,0.0029710428232595,0.0002884652421046,1.0642857142857145,1.2571428571428571,0.004652461026982,0.0004149858267498,data355.csv,1.162060093211715,1.0047640672391718,1.1617015069609162,1.0047533548153784
357,0.44,1.76,0.0164603174603174,-0.0019792503194204,4,6.285714285714286,25.142857142857142,0.0026127488032249,-0.0003141667173683,1.062857142857143,1.2514285714285711,0.0043349770243193,-0.0001044967875854,data356.csv,1.159109016139365,1.0048061421949457,1.1585492581006402,1.0047687591025491
358,0.43,1.72,0.0129272486772486,-0.0009483463922841,4,6.142857142857143,24.571428571428573,0.0020519442344839,-0.0001505311733784,1.0614285714285714,1.2457142857142858,0.0039768500418472,-9.76064249735254e-05,data357.csv,1.156587281951268,1.005176523904205,1.1561140746363796,1.004818433100021
359,0.42,1.68,0.0094223746970052,0.0036747187880105,4,6.0,24.0,0.0014956150312706,0.0005832886965096,1.06,1.24,0.0034428188535037,0.0003200008405418,data358.csv,1.1513248461392551,1.0053216207691082,1.1510028541172628,1.0049397947557006
360,0.41,1.64,0.0077334391534391,-0.0028871168881642,4,5.857142857142857,23.428571428571427,0.0012275300243554,-0.0004582725219308,1.0585714285714285,1.2342857142857142,0.0032341678074866,-0.0003054979044592,data359.csv,1.148400064929457,1.0050509347349057,1.147587363578598,1.004564985462089
361,0.4,1.6,0.006011220580186,-0.0029966673128676,4,5.714285714285714,22.857142857142858,0.0009541619968549,-0.0004756614782329,1.0571428571428572,1.2285714285714286,0.0030130892288801,-0.0002712680202572,data360.csv,1.1461786568391843,1.0052769512904218,1.1453383529983805,1.0051618410697452
362,0.39,1.56,0.0026366995073891,0.0013466245109196,4,5.571428571428571,22.285714285714285,0.0004185237313316,0.0002137499223681,1.0557142857142856,1.2228571428571429,0.0024589814183898,1.966967486435001e-05,data361.csv,1.1403524088882948,1.0053503335775973,1.1396598180736095,1.0054567272801427
363,0.38,1.52,0.0025697865353037,0.0023453043680007,4,5.428571428571429,21.714285714285715,0.0004079026246513,0.0003722705346032,1.0542857142857145,1.217142857142857,0.00236004837987,0.0003023414441107,data362.csv,1.137221994013759,1.005363378824243,1.1359278909035355,1.0050726409480117
364,0.37,1.48,0.0014864417989417,0.0023026408956957,4,5.285714285714286,21.142857142857142,0.0002359431426891,0.0003654985548723,1.052857142857143,1.2114285714285713,0.0023610884860542,1.2573105308350002e-05,data363.csv,1.1350906843601265,1.0055477638063552,1.134149705183317,1.0049668124471407
365,0.36,1.44,-0.0004857622536193,0.0016954140249591,4,5.142857142857143,20.571428571428573,-7.71051196221111e-05,0.000269113337295,1.0514285714285714,1.2057142857142855,0.0019988319980989,5.4155014121900005e-05,data364.csv,1.1291761179464306,1.005201008340173,1.1282813139942602,1.0053462341339865
366,0.35,1.4,-0.0016164659733625,-0.0004569959026003,4,5.0,20.0,-0.0002565819005337,-7.253903215877777e-05,1.05,1.2,0.001680733298002,-4.70744267754127e-05,data365.csv,1.1260354154854204,1.0054462449580162,1.12434424407411,1.0055281248054173
367,0.34,1.36,-0.001943623426382,-0.0011995178200637,4,4.857142857142857,19.428571428571427,-0.0003085116549812,-0.0001903996539783,1.0485714285714285,1.1942857142857144,0.0016716622792156,-0.0002246794630627,data366.csv,1.123791194194007,1.0050502395348715,1.122283061607248,1.0051026877120872
368,0.33,1.32,-0.0035384327677431,0.0029411787577609,4,4.714285714285714,18.857142857142858,-0.0005616559948798,0.0004668537710731,1.0471428571428572,1.1885714285714286,0.0014330797878964,0.0002857809597373,data367.csv,1.1179631907633876,1.005870911454485,1.1168384240174487,1.0057937598241518
369,0.32,1.28,-0.0037555933484504,0.0026381861765698,4,4.571428571428571,18.285714285714285,-0.0005961259283254,0.0004187597105666,1.0457142857142858,1.1828571428571428,0.0011933701808887,0.000333936970828,data368.csv,1.114263157540646,1.0052378969435127,1.1126570778465554,1.0054621059209636
370,0.31,1.24,-0.0048313072142437,0.0036456635996562,4,4.428571428571429,17.714285714285715,-0.000766874160991,0.0005786767618501,1.0442857142857145,1.177142857142857,0.0009791317565631,0.0004765457577466,data369.csv,1.112229677961081,1.006021494509138,1.1106002029443292,1.0056499418661455
371,0.3,1.2,-0.0063284710819193,-0.0011092004279313,4,4.285714285714286,17.142857142857142,-0.0010045192193522,-0.000176063559989,1.042857142857143,1.1714285714285717,0.0007756441444181,-2.55746587735e-06,data370.csv,1.1068446082927617,1.005799946180837,1.1050888656203712,1.0055586960878817
372,0.29,1.16,-0.0071190476190476,-0.0021052171387269,4,4.142857142857142,16.57142857142857,-0.0011300075585789,-0.0003341614505915,1.0414285714285714,1.1657142857142857,0.0004805786512136,-0.0002763834205458,data371.csv,1.10222767829834,1.0059740202466447,1.1003384887996441,1.0055386912506428
373,0.28,1.12,-0.0072550264550264,-0.0014061871550854,4,4.000000000000001,16.000000000000004,-0.0011515915007978,-0.000223204310331,1.04,1.16,0.0004257234639887,-9.26959301462619e-05,data372.csv,1.1003320839507271,1.005289292466101,1.098397767252824,1.0055955700012433
374,0.27,1.08,-0.0098094671201814,-0.0030447751482688,4,3.857142857142857,15.428571428571429,-0.0015570582730446,-0.0004832976425823,1.0385714285714285,1.1542857142857144,9.593422298675004e-05,-0.0001943207615361,data373.csv,1.0948464865532432,1.005621403058225,1.0931223385128146,1.0056814638453258
375,0.26,1.04,-0.0091916099773242,-0.0021210582674944,4,3.7142857142857135,14.857142857142858,-0.0014589857106863,-0.0003366759154753,1.0371428571428571,1.1485714285714286,3.4413875019099994e-05,-0.0002413440244174,data374.csv,1.0905356354432207,1.0062428603292328,1.0879681619207595,1.00565336540396
376,0.25,1.0,-0.0084731786731786,-0.004008035159752,4,3.571428571428572,14.285714285714286,-0.0013449489957426,-0.0006361960571034,1.0357142857142858,1.1428571428571428,5.72976153162e-05,-0.0001810094030908,data375.csv,1.0886738869908226,1.0060072507390208,1.0861651829437042,1.0055955041691789
377,0.24,0.96,-0.0118425875245798,0.0027327370529698,4,3.4285714285714284,13.714285714285714,-0.0018797757975523,0.0004337677861856,1.0342857142857145,1.137142857142857,-0.0001588998969343,0.0001966294880095,data376.csv,1.0830611984843712,1.0058663675380004,1.081226809085782,1.005910901684439
378,0.23,0.92,-0.012698266739646,0.0019416999567941,4,3.2857142857142856,13.142857142857142,-0.0020155978951819,0.0003082063423482,1.032857142857143,1.1314285714285717,-0.0003385164623534,1.5977055637300024e-05,data377.csv,1.0788196606288791,1.0058324363901945,1.07620693238625,1.005576044176279
379,0.22,0.88,-0.0126294276331222,-9.773746867966875e-05,4,3.142857142857143,12.571428571428571,-0.0020046710528765,-1.551388391740774e-05,1.0314285714285714,1.1257142857142857,-0.0004169428216461,2.876016821978671e-06,data378.csv,1.0769956876883924,1.0056812099827257,1.074409036041838,1.0060924579448438
380,0.21,0.84,-0.0145152730411351,-0.0005132525720667,4,3.0,12.0,-0.0023040115938309,-8.146866223280952e-05,1.03,1.12,-0.000561458429016,-4.051568199608048e-05,data379.csv,1.0720533122890576,1.005267372439007,1.0698735098565826,1.005370005696225
381,0.2,0.8,-0.0156597883597883,0.0020482258082161,4,2.857142857142857,11.428571428571429,-0.0024856806920298,0.0003251152076533,1.0285714285714285,1.1142857142857143,-0.0008365247333501,-1.094849028504999e-05,data380.csv,1.0673039263457198,1.0057833016135806,1.0643455378952686,1.005702346971982
382,0.19,0.76,-0.0171424283889801,0.0009755104843968,4,2.7142857142857144,10.857142857142858,-0.0027210203792031,0.0001548429340312,1.0271428571428571,1.1085714285714283,-0.0010605287240481,0.0001779337387982,data381.csv,1.0657500610251849,1.0058493473600336,1.0627141510326918,1.00556302424526
383,0.18,0.72,-0.0181212096332786,0.00152411861922,4,2.571428571428572,10.285714285714286,-0.0028763824814727,0.0002419235903523,1.0257142857142858,1.1028571428571428,-0.0010828127760257,0.0005350825522992,data382.csv,1.0599795415827864,1.0056601626638428,1.0578361401099863,1.0052847119196426
384,0.17,0.68,-0.0196691499929047,-0.0029700738949591,4,2.4285714285714284,9.714285714285714,-0.003122087300461,-0.0004714403007871,1.0242857142857142,1.0971428571428572,-0.0013465146713337,-6.064998624115e-05,data383.csv,1.0551034433325888,1.0055318744452877,1.052569760502444,1.0049766350421572
385,0.16,0.64,-0.0203214285714285,0.0025991927297494,4,2.2857142857142856,9.142857142857142,-0.0032256235827664,0.0004125702745633,1.022857142857143,1.0914285714285714,-0.0015401147687683,-0.0001202039156777,data384.csv,1.053212851823414,1.005195389758762,1.0502511234891292,1.0052515568038505
386,0.15,0.6,-0.0222140211640211,-0.0026279927545803,4,2.142857142857143,8.571428571428571,-0.0035260351054001,-0.0004171417070762,1.0214285714285714,1.0857142857142856,-0.0017600422787182,1.0786689934999798e-07,data385.csv,1.0484958711657633,1.0053488567037348,1.0461994460900028,1.0051029703936414
387,0.14,0.56,-0.0230733442802408,0.0044389322287539,4,2.0000000000000004,8.000000000000002,-0.0036624356000382,0.0007045924172625,1.02,1.08,-0.0020040708036544,0.0003907427411186,data386.csv,1.0442567559884055,1.0051266883625087,1.0410412282786943,1.0050149408869347
388,0.13,0.52,-0.0226539982696823,-0.0009297076268625,4,1.8571428571428568,7.428571428571429,-0.0035958727412194,-0.0001475726391845,1.0185714285714285,1.0742857142857145,-0.0020252070575136,4.96483971348e-05,data387.csv,1.0405202423932294,1.005228553845362,1.0377660104465267,1.0051496519634744
389,0.12,0.48,-0.0244711457763181,0.0016466233483552,4,1.7142857142857142,6.857142857142857,-0.0038843088533838,0.0002613687854532,1.0171428571428571,1.0685714285714285,-0.0022129854070193,-7.366070214605001e-05,data388.csv,1.0365213245625426,1.0050927890002548,1.034736158496756,1.0053020601797718
390,0.11,0.44,-0.0270021991555242,0.0014522136695101,4,1.5714285714285714,6.285714285714286,-0.0042860633580197,0.0002305101062714,1.0157142857142858,1.062857142857143,-0.002627692976479,0.0001842847669132,data389.csv,1.0323925917819377,1.005995923934014,1.0302034864715388,1.0059119053866759
391,0.1,0.4,-0.0252893697708968,0.0018966927845683,4,1.4285714285714286,5.714285714285714,-0.0040141856779201,0.0003010623467568,1.0142857142857142,1.0571428571428572,-0.0026376077780135,-0.0001051133781047,data390.csv,1.0309344267399072,1.0065462044532998,1.028722542546857,1.0058345506531317
392,0.09,0.36,-0.0261829137018792,0.0010847729482087,4,1.2857142857142858,5.142857142857143,-0.0041560180479173,0.0001721861822553,1.012857142857143,1.0514285714285714,-0.0027642107076972,-3.761639466059999e-05,data391.csv,1.0273584775139413,1.0066494736920408,1.0267141124205281,1.0065358882778939
393,0.08,0.32,-0.0286241985299867,0.0016425184297703,4,1.1428571428571428,4.571428571428571,-0.0045435235761883,0.0002607172110746,1.0114285714285711,1.0457142857142858,-0.0031662971154526,7.407322015305e-05,data392.csv,1.0236921668706664,1.0049091992998278,1.0237576402886628,1.005631941045885
394,0.07,0.28,-0.0282241874527588,-0.002495211954088,4,1.0000000000000002,4.000000000000001,-0.0044800297544061,-0.0003960653895377,1.01,1.04,-0.0033686786884065,-5.282781396155002e-05,data393.csv,1.022464556190975,1.0061609857009204,1.0225917730891958,1.0062911510004482
395,0.06,0.24,-0.0298134164777021,-0.0027477772700096,4,0.8571428571428571,3.4285714285714284,-0.0047322883297939,-0.0004361551222237,1.008571428571429,1.0342857142857145,-0.0036024808025745,-0.0001335998945362,data394.csv,1.0215497645992346,1.0065200582409588,1.0219228272360432,1.006335446464147
396,0.05,0.2,-0.0317338624338624,-0.0018258255435836,4,0.7142857142857143,2.857142857142857,-0.005037121021248,-0.0002898135783466,1.0071428571428571,1.0285714285714285,-0.0040149636695887,-0.0001115074072133,data395.csv,1.0191142543923972,1.0065919400217962,1.0212105939767326,1.0065183399459061
397,0.04,0.16,-0.0326604532830586,5.318093229086941e-05,4,0.5714285714285714,2.2857142857142856,-0.0051841989338188,8.441417823947527e-06,1.0057142857142858,1.022857142857143,-0.0043844949965498,-0.000220765331453,data396.csv,1.018041703670602,1.006887968811565,1.019413310514907,1.0064572630504491
398,0.03,0.12,-0.0336099186801157,-0.0042083037604254,4,0.4285714285714285,1.7142857142857142,-0.0053349077270024,-0.000667984723877,1.0042857142857142,1.0171428571428571,-0.0046050130506498,-0.0004659390889197,data397.csv,1.0173056069606203,1.0060978029732617,1.019607247024373,1.0064295911090004
399,0.02,0.08,-0.0357481481481481,-0.0016371921371992,4,0.2857142857142857,1.1428571428571428,-0.0056743092298647,-0.0002598717678093,1.002857142857143,1.0114285714285711,-0.0053077981339507,-0.0001425519381473,data398.csv,1.0176719320690355,1.0072803595705568,1.0183452504958224,1.007103334315578
400,0.01,0.04,-0.0357481481481481,-0.0016371921371992,4,0.2857142857142857,1.1428571428571428,-0.0056743092298647,-0.0002598717678093,1.002857142857143,1.0114285714285711,-0.0053077981339507,-0.0001425519381473,data399.csv,1.0163187294402043,1.0066744020185483,1.0183452504958224,1.007103334315578
