Xlam_clamps,PX_hist,Ylam_clamps,PY_hist,file,Xlam,Ylam,cycle_number,PX,PY
1.0,-0.0006128374210041,1.0,0.0023284158676288,csv_0.csv,1.0,1.0,0,0.0,0.0
1.002,0.0021246878981937,1.002,0.0047855144226045,csv_1.csv,1.0013647207730454,1.000492635828166,0,-0.0027821674759833,-0.0009995955555265998
1.004,0.0048075293951279,1.004,0.0071431171818331,csv_2.csv,1.0031008974288125,1.0011728467578156,0,-0.0005922570309487003,0.00115874041511575
1.006,0.0071481591810973,1.006,0.0102119862137774,csv_3.csv,1.0045333502261489,1.001931092886604,0,0.00134014068235885,0.0036126032395755996
1.008,0.0101734399889038,1.008,0.0129189607167007,csv_4.csv,1.0060468990693845,1.0028914763053745,0,0.0036989564563238,0.00590669636398975
1.01,0.013021032092858,1.01,0.0151869999987629,csv_5.csv,1.0069790913012795,1.003375195163871,0,0.0062153465542015,0.00813627327598985
1.012,0.0154536533285377,1.012,0.0175162024933741,csv_6.csv,1.0083360785194715,1.0042740250480662,0,0.00842978897994755,0.010231741487388351
1.014,0.0184628631188264,1.014,0.0200405978431477,csv_7.csv,1.00951033976115,1.0049813851309937,0,0.01099987914628945,0.0125072684079803
1.016,0.02161424838683,1.016,0.0226160000892564,csv_8.csv,1.010775779723532,1.0057692704556933,0,0.013701072880964001,0.015020367500644002
1.018,0.0242664193675641,1.018,0.0251949665329986,csv_9.csv,1.01171206951677,1.0066648389730295,0,0.01619246644951445,0.0174528098455587
1.02,0.0273595349407598,1.02,0.0283615730524715,csv_10.csv,1.0130280449080111,1.007773696311607,0,0.01891854504724325,0.0200946251206402
1.022,0.0304168709808523,1.022,0.0307552162988561,csv_11.csv,1.0142778994856911,1.0086588615943974,0,0.02183936568188405,0.02247105056202675
1.024,0.0333795293217046,1.024,0.0337669593461807,csv_12.csv,1.0154875237994123,1.0098670848889966,0,0.0245207629539503,0.0250470604723029
1.026,0.0363409600024495,1.026,0.0368695299514327,csv_13.csv,1.016366729257475,1.0106662511802238,0,0.0272008249732256,0.0277132271711234
1.028,0.0394546183688941,1.028,0.0395896710917027,csv_14.csv,1.017568442050602,1.011867874282183,0,0.03021822069773175,0.030288630546632
1.03,0.0424920378603318,1.03,0.0425823203172507,csv_15.csv,1.0189031390010594,1.0131381554422634,0,0.0332086990383662,0.0330360401517138
1.032,0.0452588878094833,1.032,0.0458212193643556,csv_16.csv,1.0200073528188474,1.0139518673967174,0,0.03580774975060045,0.03568178250164015
1.034,0.0485822673263065,1.034,0.0498905487897471,csv_17.csv,1.0212593274133144,1.0152074365790145,0,0.03901139976762455,0.03930409123866365
1.036,0.0515602237309017,1.036,0.0523189189894544,csv_18.csv,1.0219690822528051,1.0159940282141977,0,0.041968506345710255,0.041857160261930496
1.038,0.0541478939816446,1.038,0.0547443759022976,csv_19.csv,1.023135510307228,1.0173770317005335,0,0.0445746832277239,0.04440048802342155
1.04,0.0572698474287025,1.04,0.058342214027299,csv_20.csv,1.0242628463561454,1.018548801418997,0,0.04743023374177885,0.0476554318892258
1.042,0.0603330525117444,1.042,0.0619237899241335,csv_21.csv,1.025510070133635,1.0197842716285868,0,0.05051650297181605,0.05078684807203695
1.044,0.0627983999311342,1.044,0.0644844992431405,csv_22.csv,1.026262835319156,1.02058297470197,0,0.05305432835016455,0.05330211641236775
1.046,0.0657342998139376,1.046,0.0671134894406649,csv_23.csv,1.0275365859091012,1.0217903347046262,0,0.0557972819385262,0.05606854638117881
1.048,0.0685434860592061,1.048,0.0713817263172631,csv_24.csv,1.0285566007275255,1.0229154307235246,0,0.0587452410694184,0.0593896216893887
1.05,0.0711391828029658,1.05,0.0736460354740334,csv_25.csv,1.0297414139206598,1.0241944540886527,0,0.0614371063826776,0.06211886621582165
1.052,0.0735967061060531,1.052,0.0765416345250519,csv_26.csv,1.0305237932797795,1.024988176289258,0,0.063822799822743,0.06506706908747806
1.054,0.0765787297505546,1.054,0.079031449722566,csv_27.csv,1.031738181609362,1.0262767651567315,0,0.0667630857823796,0.0675955156885622
1.056,0.0791554558942277,1.056,0.0814776132401444,csv_28.csv,1.0327758862006242,1.0274468079008183,0,0.06929951708666235,0.07039122854795865
1.058,0.0815350760841962,1.058,0.084668424418894,csv_29.csv,1.0340266333659618,1.0286708939053035,0,0.0716823565147518,0.0733424153880852
1.06,0.0843513976358305,1.06,0.0868267010960453,csv_30.csv,1.0351250869803954,1.0299110252316004,0,0.0744492257003777,0.07561580303716389
1.062,0.0868610572792992,1.062,0.0898307063427776,csv_31.csv,1.0358968334811456,1.030673741887349,0,0.07707825755423356,0.0787430409111835
1.064,0.0886415225518279,1.064,0.0926172316286655,csv_32.csv,1.0368515338852196,1.031874991789715,0,0.07911948361388965,0.08162230145248825
1.066,0.0915994967026637,1.066,0.094992876738428,csv_33.csv,1.0378644595075914,1.0330196310076656,0,0.0818004132387577,0.08406662795418315
1.068,0.094229432256239,1.068,0.097427736281331,csv_34.csv,1.0390659148222552,1.034312343351054,0,0.0844185216764444,0.0866078073148456
1.07,0.0962948724500135,1.07,0.0997099941425659,csv_35.csv,1.0397763392664454,1.0350849846111774,0,0.08656353010820245,0.0887702686066041
1.072,0.0988553329840164,1.072,0.1024651286072003,csv_36.csv,1.040723624491372,1.0363334518385277,0,0.0891174073887755,0.09149958447345975
1.074,0.1013380773127035,1.074,0.1050404328778737,csv_37.csv,1.041725606666981,1.0374558653627266,0,0.0916019626639131,0.09388057564438074
1.076,0.103402569272058,1.076,0.1073341053949674,csv_38.csv,1.0428683077058158,1.0386241282435924,0,0.09376308433163705,0.09640669050539705
1.078,0.1056635867560887,1.078,0.1093069988074219,csv_39.csv,1.0439909903064333,1.0398267718660137,0,0.0960649389271855,0.0986311457773969
1.08,0.1082607114675801,1.08,0.1116805554686635,csv_40.csv,1.0447436433493864,1.040580761883391,0,0.09865065568784609,0.1011701734431479
1.082,0.1102926649165149,1.082,0.1143940390792796,csv_41.csv,1.045681367826169,1.0414350867293427,0,0.1007887420280435,0.10315224219394625
1.084,0.1124287677875613,1.084,0.116572562130735,csv_42.csv,1.0468655116803494,1.0425899172481334,0,0.10289255374346155,0.10551611613396994
1.086,0.1149334716647312,1.086,0.1185884211127278,csv_43.csv,1.047945935701012,1.0438750561446906,0,0.10546621142656279,0.10762929606410185
1.088,0.1170276899455178,1.088,0.1208776055831263,csv_44.csv,1.0486965372524957,1.044588027777286,0,0.10769263983338775,0.11030404116639715
1.09,0.119027187209733,1.09,0.1225031012545575,csv_45.csv,1.049696867623274,1.0457857250763234,0,0.1097304095711385,0.1122432810050368
1.092,0.1215360746337558,1.092,0.1253677068448297,csv_46.csv,1.0507756515767026,1.0470150206423166,0,0.11221105399235715,0.114763817666171
1.094,0.1236330422426032,1.094,0.1275385179777723,csv_47.csv,1.0518627516640284,1.0479766346682646,0,0.1144741391870632,0.11726100059759945
1.096,0.1254078569418196,1.096,0.1290254286142012,csv_48.csv,1.0529100630668935,1.0491126169516174,0,0.11633536457328805,0.11886649228693649
1.098,0.1278173134302838,1.098,0.131865343223538,csv_49.csv,1.0536422331308286,1.0499821546114858,0,0.1186346960900905,0.12157496837922215
1.1,0.1300700011518105,1.1,0.1338206264691273,csv_50.csv,1.0546167596499405,1.050980097129921,0,0.12110515578766351,0.12369950291878849
1.102,0.1317352988567657,1.102,0.1359299238991067,csv_51.csv,1.0558425394407704,1.0522753334924937,0,0.12291888123419564,0.1260779262580187
1.104,0.1339766855805546,1.104,0.1376295905619813,csv_52.csv,1.056787835430164,1.0533387470855573,0,0.1251332635847495,0.12786026620681196
1.106,0.1362122794652152,1.106,0.1401477949078905,csv_53.csv,1.057523638536458,1.0539899857239852,0,0.12739294059400008,0.13009665240633966
1.108,0.1379721054000956,1.108,0.1419289165113873,csv_54.csv,1.05853702409447,1.054947564157798,0,0.12938051649472665,0.13221018165042756
1.11,0.139938697673155,1.11,0.1438007487799289,csv_55.csv,1.059471848443053,1.0561060919770169,0,0.1314185010456273,0.13408402580359316
1.112,0.1422875774905015,1.112,0.1461492084828255,csv_56.csv,1.0604427998983117,1.057317467802831,0,0.13372807608318135,0.13690524036999915
1.114,0.1440859286015951,1.114,0.1482644545558316,csv_57.csv,1.061538624799846,1.0583077708991475,0,0.1357029370313237,0.138963083896602
1.116,0.1459258655657537,1.116,0.1504472421269322,csv_58.csv,1.0622455218667324,1.059202730793788,0,0.13750641805713,0.1407587205937854
1.118,0.1479933049249633,1.118,0.1525731417344277,csv_59.csv,1.0633703704730246,1.0603495692107108,0,0.13981199429770036,0.14321008217408615
1.12,0.1499725600898755,1.12,0.1536814319532084,csv_60.csv,1.0643285511248388,1.0613907897117123,0,0.14190152779477538,0.14474403707159672
1.122,0.1515651067892473,1.122,0.1559545924360599,csv_61.csv,1.065341005627731,1.0623727621724968,0,0.14347030073852315,0.1472058136634169
1.124,0.1537271296551718,1.124,0.1579760832330545,csv_62.csv,1.066056562994442,1.063145556142674,0,0.1457853481416178,0.14902625309460335
1.126,0.1556373628706039,1.126,0.1592818063774458,csv_63.csv,1.0672726986027763,1.064246315874276,0,0.14794498277401497,0.15082302060336766
1.128,0.1571422402717315,1.128,0.1615356190804199,csv_64.csv,1.0679427054390982,1.0654427584752826,0,0.14951013990455053,0.15292184148522286
1.13,0.159106820487333,1.13,0.1635698580093794,csv_65.csv,1.068941893631006,1.066419309778131,0,0.15152519439761886,0.15492533320965765
1.132,0.1612269852561086,1.132,0.1652229534832978,csv_66.csv,1.0700656650973053,1.0675354993402564,0,0.15377701403733368,0.15701709995428495
1.134,0.1625189687429249,1.134,0.1669484745448801,csv_67.csv,1.0706892464010187,1.0680855023828966,0,0.15529106079299854,0.158931052389533
1.136,0.1644454589960826,1.136,0.1692870281877421,csv_68.csv,1.071695191968158,1.0692691535742689,0,0.15727562739927645,0.16117313820465323
1.138,0.1665443901789842,1.138,0.1710141544088343,csv_69.csv,1.0725752049141843,1.0702735677154849,0,0.15947229875906077,0.16273546588471885
1.14,0.1681225228045024,1.14,0.1728584280038658,csv_70.csv,1.0736870252405644,1.0713416021572053,0,0.16125589305536242,0.1648082047362847
1.142,0.169810721964667,1.142,0.1746400867310989,csv_71.csv,1.0744363235365784,1.0720791218824195,0,0.1630041197925833,0.167023027545359
1.144,0.1717121411125798,1.144,0.1764555392659593,csv_72.csv,1.0753293936464383,1.073255254195113,0,0.1651183018435106,0.16893740501141014
1.146,0.1733135528218664,1.146,0.177915306335603,csv_73.csv,1.0762679640694066,1.0743502297305334,0,0.1669520788506562,0.17059567901884543
1.148,0.1749107661033573,1.148,0.1797275051636668,csv_74.csv,1.0773465661073438,1.0753692238280248,0,0.16860348778473594,0.1725590149793465
1.15,0.1769383377197462,1.15,0.1817396495496153,csv_75.csv,1.0784191473612266,1.0764640458602617,0,0.1707225206938743,0.1744066851502532
1.152,0.1788370053128631,1.152,0.1836208646837198,csv_76.csv,1.0791534793160331,1.077168601752154,0,0.1727500706265025,0.17648856592875128
1.154,0.1801850464598533,1.154,0.1848116545484237,csv_77.csv,1.080107204438579,1.0783319867622274,0,0.1743199134009757,0.17821381348734114
1.156,0.1822409012490365,1.156,0.186934708068345,csv_78.csv,1.0812014189957366,1.0793134700857012,0,0.17643085495445004,0.1801577161472998
1.158,0.1839441527438663,1.158,0.188501381773077,csv_79.csv,1.0823574679011023,1.0804876952171028,0,0.1782454145289166,0.18212787434159683
1.16,0.1852625235333843,1.16,0.1902910034279354,csv_80.csv,1.08282530244191,1.081132209986979,0,0.1799266104634211,0.18380067647787515
1.162,0.1871127200313842,1.162,0.1914211566627616,csv_81.csv,1.083764717405944,1.0822997221319737,0,0.1817512828103367,0.18583316676648792
1.164,0.1890573825114464,1.164,0.1933734856807429,csv_82.csv,1.0847889604144672,1.0832738539664817,0,0.18380264865935186,0.18762611229210735
1.166,0.1902242121590551,1.166,0.1947171892865628,csv_83.csv,1.0856189494618602,1.0840443512886777,0,0.1854401779713534,0.189531571766115
1.168,0.1917898760612862,1.168,0.1970735603725312,csv_84.csv,1.086702142957769,1.085313630454602,0,0.1871377520421956,0.19203579548066402
1.17,0.1936611714648287,1.17,0.198778978211238,csv_85.csv,1.087437388905805,1.0860769133434491,0,0.1891330661313541,0.19352355891853928
1.172,0.1949219481251095,1.172,0.1999735961042718,csv_86.csv,1.0884470089663618,1.0872488253117614,0,0.1906959023154746,0.19513536039258733
1.174,0.1965315270080216,1.174,0.2016326595875281,csv_87.csv,1.089663474080924,1.0883429019042443,0,0.19231284049743685,0.19714758980207187
1.176,0.1983904223547826,1.176,0.2030329528385367,csv_88.csv,1.0901706739135424,1.0890036222650112,0,0.19441452302064605,0.19893332246272877
1.178,0.1997738256304394,1.178,0.2044934477122549,csv_89.csv,1.0910838205900395,1.0902174395813566,0,0.19609111773842475,0.20067065798771014
1.18,0.2010810452068245,1.18,0.206159357639006,csv_90.csv,1.0919653263559868,1.0911448831209427,0,0.19760815801646345,0.20229478972061193
1.182,0.2029274154646471,1.182,0.2077834076786534,csv_91.csv,1.0931073381301577,1.092236233481132,0,0.1996128759418755,0.204300786030347
1.184,0.2044689348592828,1.184,0.2093468571351011,csv_92.csv,1.093743017282322,1.092898195482396,0,0.2014637433669623,0.2061489636311861
1.186,0.2056152172601726,1.186,0.2110776947522712,csv_93.csv,1.094739705268135,1.0941799135071806,0,0.20291604926320328,0.20778227861345935
1.188,0.2074206514577397,1.188,0.2125596368346639,csv_94.csv,1.0956012618147892,1.09503153304661,0,0.2048647148413797,0.20967689529484673
1.19,0.2091521089416513,1.19,0.2142562000845788,csv_95.csv,1.0967818026789775,1.0961719387764766,0,0.2069301330414931,0.21150030713384124
1.192,0.210223584321652,1.192,0.2158845693256466,csv_96.csv,1.0976164027671775,1.097510206408892,0,0.20836499973251366,0.21358438879888775
1.194,0.2118995265863624,1.194,0.2174282608732172,csv_97.csv,1.0984275657902676,1.098337407621376,0,0.21023960114787343,0.21550759820298976
1.196,0.2136567337429125,1.196,0.2191281090766572,csv_98.csv,1.0992996591028603,1.0992773595333216,0,0.2123543494329617,0.21753072266115375
1.198,0.2146560883830494,1.198,0.2207191892999708,csv_99.csv,1.1001973587052143,1.1002449178615246,0,0.21396436329553353,0.21972926008936466
1.2,0.2151352307888325,1.2,0.2208656455406918,csv_100.csv,1.1004111114110735,1.1007096038454152,0,0.2151352307888325,0.2208656455406918
1.0,-0.0084750585181897,1.0,-0.0078617917527404,csv_200.csv,0.9981552317105264,1.003588854003237,1,-0.00423752925909485,-0.0039308958763702
1.002,-0.0063445019150737,1.00144,-0.0053542523189782,csv_201.csv,0.9993278243178276,1.0032140957134017,1,-0.00317225095753685,-0.0026771261594891
1.004,-0.0041779494278241,1.00296,-0.0038354653553149,csv_202.csv,1.001328632324188,1.0030231565967396,1,-0.006434553050097901,-0.0059123483513274
1.006,-0.00216710865866,1.00448,-0.0012573448320462,csv_203.csv,1.003273643649904,1.0027651551032897,1,-0.004686247059906249,-0.0038992783281006998
1.008,0.0002844929874732,1.006,0.0007987426189943,csv_204.csv,1.005240841136674,1.002844627286251,1,-0.00278589484868765,-0.0019926862386098
1.01,0.0027304155922422,1.00744,0.0023213811184313,csv_205.csv,1.006512212973245,1.002597555107819,1,-0.0007752589829362001,-0.00075572382648905
1.012,0.0049380972548204,1.00896,0.0040653449027876,csv_206.csv,1.008322959006195,1.0025622705768438,1,0.0012377379554300999,0.00127238100257985
1.014,0.0075548774352111,1.01048,0.0061520146189192,csv_207.csv,1.010108108872061,1.0026851173767972,1,0.0034157969481357496,0.0029264546308685998
1.016,0.0101764525840438,1.012,0.0084842055054832,csv_208.csv,1.0115295268022906,1.0030473323113682,1,0.0057140504722124,0.00480262388887795
1.018,0.0127033840061246,1.01344,0.0103507343006517,csv_209.csv,1.013127819781327,1.0032768467363822,1,0.00806979542640495,0.0065028680410754505
1.02,0.0154213727528903,1.01496,0.01241708479619,csv_210.csv,1.0138353243617837,1.0036771543298144,1,0.0103530833698073,0.0085933707520002
1.022,0.0181595345147615,1.01648,0.014364703369826,csv_211.csv,1.015352320726144,1.004059020198683,1,0.01277582974639515,0.010451314508469799
1.024,0.0207806081555728,1.018,0.0167448732317782,csv_212.csv,1.0166987515027768,1.004618636123907,1,0.01529269918347215,0.012278864421386801
1.026,0.0236175416868867,1.01944,0.0188081749124727,csv_213.csv,1.018161439521199,1.0050989445569214,1,0.0178241529467464,0.014452113928564549
1.028,0.0265486705435761,1.02096,0.0209161347565856,csv_214.csv,1.0191111061656173,1.0054924104425271,1,0.0203445408714851,0.01633529948890755
1.03,0.0293684685606381,1.02248,0.0226702654923374,csv_215.csv,1.0205351872591917,1.006004450481886,1,0.023056248588815498,0.0181243363028868
1.032,0.032074051371779,1.024,0.0254096761701743,csv_216.csv,1.021889729733425,1.0066739145716266,1,0.025679646135253302,0.02057249998756595
1.034,0.0348751752160125,1.02544,0.0273646887362708,csv_217.csv,1.0232281110069914,1.0072644807089168,1,0.0283324434372145,0.022359303789845998
1.036,0.0378007526055196,1.02696,0.0298248078710945,csv_218.csv,1.0247108859590566,1.0079788027728314,1,0.0310337724509683,0.024491405778863398
1.038,0.0405215978679696,1.02848,0.0314820372307445,csv_219.csv,1.0255389778000097,1.0084073808098262,1,0.034335039435089046,0.0269238513138373
1.04,0.0433733309108478,1.03,0.0339435340451288,csv_220.csv,1.0267505939638994,1.0091424080754696,1,0.03787908385606905,0.02965567252883345
1.042,0.0462096949497523,1.03144,0.0363993255080333,csv_221.csv,1.027982813074113,1.0098793331175562,1,0.0408774987167631,0.0320219147989126
1.044,0.0487087597758395,1.03296,0.0394732911449484,csv_222.csv,1.0295624460732469,1.0106227363523024,1,0.0433165613396877,0.03483468029951455
1.046,0.0517065076105308,1.03448,0.0416150181616758,csv_223.csv,1.0303410638608872,1.011269358278355,1,0.04584930056874685,0.03664665315349555
1.048,0.0546523850397577,1.036,0.0442649404674351,csv_224.csv,1.0316984224713617,1.012111830622501,1,0.048832945716692305,0.03920396890836035
1.05,0.0572685232110586,1.03744,0.0461502587111256,csv_225.csv,1.0329631447593592,1.0129349146897466,1,0.05148415882224615,0.041327691356251806
1.052,0.0598936822967372,1.03896,0.0497636106486726,csv_226.csv,1.0343112465186,1.0136483387144597,1,0.053868657622037505,0.0441830998706034
1.054,0.0626876935625951,1.04048,0.0522293989941815,csv_227.csv,1.0355971525608756,1.0145018579372973,1,0.0566312269861618,0.047002871179733494
1.056,0.0653162076512933,1.042,0.0542684468135047,csv_228.csv,1.0364682056927108,1.0150828943519186,1,0.059175169018424054,0.0485763034295225
1.058,0.0678545023627652,1.04344,0.0570913651266142,csv_229.csv,1.037655547908652,1.0159025172307063,1,0.061596903686601354,0.05131578797324565
1.06,0.0703373069468583,1.04496,0.0591513360817181,csv_230.csv,1.0390762374698754,1.016701686590105,1,0.06403325283604785,0.0535174112982615
1.062,0.0727484991851283,1.04648,0.0617393568611611,csv_231.csv,1.0401910550543594,1.0175341262173885,1,0.06647150547172455,0.0557044455695879
1.064,0.0752541507055497,1.048,0.0643300524986151,csv_232.csv,1.041120285060528,1.0178964529827597,1,0.06887089611288334,0.058181419114556654
1.066,0.0780094420809345,1.04944,0.066286681424103,csv_233.csv,1.042280614039886,1.0187188999365264,1,0.0714443090029239,0.0602690456205784
1.068,0.0802223197213155,1.05096,0.0676616605896491,csv_234.csv,1.0435740000190232,1.0194864192037925,1,0.07374690430997974,0.062103330615271055
1.07,0.0824352822929174,1.05248,0.0711413057047009,csv_235.csv,1.0447594969511111,1.020311287066594,1,0.0759321197159594,0.06527292098295405
1.072,0.0849364635935096,1.054,0.0726850446870642,csv_236.csv,1.0458937947278504,1.0210664372469336,1,0.07844907770790185,0.06680798189230745
1.074,0.0875404213271606,1.05544,0.0755580752236093,csv_237.csv,1.0466723050711622,1.0216820092686376,1,0.08093162695095385,0.0694279662555793
1.076,0.0897351534417519,1.05696,0.0772891560382098,csv_238.csv,1.04793287946782,1.0225064446450407,1,0.08319844409444704,0.07131420260721585
1.078,0.09191261279245,1.05848,0.0798436849048749,csv_239.csv,1.049210242758443,1.0233355042761223,1,0.08534557477218285,0.07392080932360584
1.08,0.0943464783167485,1.06,0.0816014121202719,csv_240.csv,1.0502546304890903,1.0241344588252492,1,0.0877348290888875,0.0756008050779912
1.082,0.0966764995604565,1.06144,0.0837323259806672,csv_241.csv,1.0511388097434566,1.0246753634098775,1,0.09008790802600039,0.07777262123560841
1.084,0.0988597031978257,1.06296,0.086269615282886,csv_242.csv,1.0524016113543362,1.0253742122476224,1,0.09223697556909664,0.08013309162064519
1.086,0.1011925755491203,1.06448,0.0881460280496346,csv_243.csv,1.0536331028700268,1.0261746471521036,1,0.09458572197939795,0.08205116708563084
1.088,0.1033252266852916,1.066,0.0903286530812763,csv_244.csv,1.0547333106864365,1.0268940866320342,1,0.0967683278467935,0.08405395415868774
1.09,0.1054848353062708,1.06744,0.0921020173079171,csv_245.csv,1.0556451306705106,1.0272974322551085,1,0.0989453283959272,0.08615380561788875
1.092,0.1080237843975828,1.06896,0.0940575416803702,csv_246.csv,1.056804001544449,1.0281543444660295,1,0.1013139023599256,0.0878046016337512
1.094,0.1098680577804129,1.07048,0.0963875848249223,csv_247.csv,1.0580552748153926,1.0288474001637755,1,0.10335255882866776,0.08990381851142215
1.096,0.1116787325283789,1.072,0.0977599430299271,csv_248.csv,1.059158170682195,1.0296785637648629,1,0.10516333179457929,0.09186081722123805
1.098,0.1141294301610185,1.07344,0.0997451789002017,csv_249.csv,1.060155919799748,1.0303736191335893,1,0.10761283374857439,0.093764161439165
1.1,0.1163749239519608,1.07496,0.10169071034295,csv_250.csv,1.0609650379773616,1.03092896333417,1,0.1099523780285874,0.0956848587913789
1.102,0.1182968727494741,1.07648,0.1036170147888582,csv_251.csv,1.0622647365382405,1.0317380576285278,1,0.1119439551553944,0.09752512579345149
1.104,0.1203648055070847,1.078,0.105157703544628,csv_252.csv,1.0634369798556502,1.0324985864624725,1,0.11393367975689325,0.09932026658999255
1.106,0.1226101658909816,1.07944,0.1073070195635199,csv_253.csv,1.0645708679209909,1.0332463469789768,1,0.1162523005606432,0.1013633355432975
1.108,0.1247671243031671,1.08096,0.1090377615581711,csv_254.csv,1.065355096306636,1.033816775983364,1,0.11836250428645184,0.10323975938685215
1.11,0.1264913000132208,1.08248,0.1110916129857795,csv_255.csv,1.0666360726671993,1.034524193793263,1,0.1202635822709707,0.1053317325763569
1.112,0.1287234886682688,1.084,0.1127761181983985,csv_256.csv,1.0678346913279384,1.035244394286542,1,0.1224781277785819,0.10689636964378525
1.114,0.1305668620954471,1.08544,0.1147087093543495,csv_257.csv,1.0688050716348867,1.035955517428813,1,0.12435776709983185,0.1086701490189806
1.116,0.1327117549006921,1.08696,0.1157781889714536,csv_258.csv,1.0701364087072192,1.0366942858754435,1,0.12644366002535204,0.11020626379955135
1.118,0.1346907117039953,1.08848,0.1179131710241568,csv_259.csv,1.0708827538751051,1.0371023048501944,1,0.12851238339347804,0.11216181701875849
1.12,0.1363942973185548,1.09,0.1202136293519019,csv_260.csv,1.0721010114050218,1.037773408694966,1,0.1304276602184825,0.11449774207763055
1.122,0.1382405836304374,1.09144,0.1217750422181043,csv_261.csv,1.0732050230963337,1.0386078712013882,1,0.1322658894936378,0.11569753161194635
1.124,0.1405122583077152,1.09296,0.1236004129540474,csv_262.csv,1.0744455842832004,1.0393430581218586,1,0.13451931479651,0.11777344437507345
1.126,0.1423664127779603,1.09448,0.1250989492140405,csv_263.csv,1.0751759234758576,1.0398802882755414,1,0.13657023899332354,0.1195434455627396
1.128,0.1439293233124787,1.096,0.1262813259911699,csv_264.csv,1.076292346236375,1.0405646255447745,1,0.1382776253675994,0.1207983257620046
1.13,0.1458912924500998,1.09744,0.1280638863559348,csv_265.csv,1.0773650186079873,1.0413736317547413,1,0.14017947344773615,0.12277785101026681
1.132,0.1481103956869131,1.09896,0.1300610515119245,csv_266.csv,1.0785362291039595,1.0421725845301453,1,0.1423844972163289,0.12462289560891636
1.134,0.1498477695313462,1.10048,0.1314628857348859,csv_267.csv,1.0798077470982277,1.0428782306482975,1,0.1442323968765606,0.12627717234094135
1.136,0.1517884570923303,1.102,0.1337112539777413,csv_268.csv,1.0805485924482237,1.0434375143342234,1,0.14623465277426811,0.12844616970481365
1.138,0.1536223455150496,1.10344,0.13548291666942,csv_269.csv,1.081632232348787,1.0442137349182028,1,0.14817203195876044,0.13003462694407805
1.14,0.155497266555561,1.10496,0.1368548681022524,csv_270.csv,1.082794751549912,1.0449724505111269,1,0.1500521344441802,0.13209801220036005
1.142,0.1572732741541717,1.10648,0.1381439986690262,csv_271.csv,1.0840414778108924,1.0456872117700653,1,0.15199661267669815,0.1335081928292477
1.144,0.1592314651333276,1.108,0.1400049362762145,csv_272.csv,1.0847525268997482,1.0460842666839398,1,0.15406027566989589,0.13514630262621655
1.146,0.1608338648429748,1.10944,0.1415230881407062,csv_273.csv,1.0858379770587123,1.046797400034016,1,0.1558365166815719,0.1368512643756249
1.148,0.1626609364021427,1.11096,0.1435328765986072,csv_274.csv,1.086924151974434,1.047596056404798,1,0.15760376991083805,0.13867161276463605
1.15,0.1645220607500763,1.11248,0.1448188970805964,csv_275.csv,1.0880719351140031,1.0483331243761391,1,0.15964078834446882,0.14014260917444965
1.152,0.1661870203832303,1.114,0.1465727814189517,csv_276.csv,1.0888474399967722,1.0487435444708444,1,0.16144470890412255,0.14224487900809718
1.154,0.1677804859590174,1.11544,0.1481284064770293,csv_277.csv,1.0899656699210936,1.0495759982913886,1,0.16312495054093945,0.1437977398182587
1.156,0.1696422429339763,1.11696,0.1502168842786311,csv_278.csv,1.0910158184040657,1.050366525883346,1,0.1650210291987924,0.14582864151712122
1.158,0.1715265114556163,1.11848,0.1516102944964862,csv_279.csv,1.092132460408295,1.0510110614976569,1,0.16703000391280365,0.14719145695237051
1.16,0.1729989624561421,1.12,0.1528438560504242,csv_280.csv,1.0932038046823478,1.0518541491231497,1,0.16872798821675267,0.14881763101663353
1.162,0.1747495478347759,1.12144,0.1545149640398976,csv_281.csv,1.093946853521086,1.0523209151150807,1,0.1705498093120792,0.15089679542121945
1.164,0.1764027387792038,1.12296,0.155221401187169,csv_282.csv,1.0950247381536102,1.0529195446447104,1,0.17242371639992884,0.15189801879745435
1.166,0.1778676656924346,1.12448,0.1574621667809453,csv_283.csv,1.096258781171534,1.0536882001289791,1,0.1740270817396793,0.1539220037171147
1.168,0.1797310369079693,1.126,0.1585269685180659,csv_284.csv,1.0974191467317105,1.0544749396690891,1,0.17599034284341353,0.1551591370921349
1.17,0.1813968090585614,1.12744,0.1597524911922399,csv_285.csv,1.0982407420891804,1.054662588121603,1,0.17784392162492665,0.1567938968539133
1.172,0.1828821122613128,1.12896,0.1616413301516704,csv_286.csv,1.0993052817345772,1.0552906615291868,1,0.1794405333671125,0.15841227250645976
1.174,0.1844489376127691,1.13048,0.1629626658369758,csv_287.csv,1.1004942426675517,1.0559559316345313,1,0.18113970688247322,0.1601153133349888
1.176,0.186328526126363,1.132,0.1643353496855986,csv_288.csv,1.1015736380810717,1.056799932276154,1,0.18308039567505854,0.1618389164874247
1.178,0.1878637362742108,1.13344,0.1657878821022747,csv_289.csv,1.1022757362086142,1.0572808484479772,1,0.1848669282914721,0.16283518483104908
1.18,0.1892687045918441,1.13496,0.1673022039837061,csv_290.csv,1.1032726786401383,1.0580695598505174,1,0.186417061884074,0.16482600163058864
1.182,0.1909749856286469,1.13648,0.169294514979222,csv_291.csv,1.104463988661784,1.058799197967611,1,0.18828495887160096,0.16651033046860064
1.184,0.1926048802938794,1.138,0.1703753404529119,csv_292.csv,1.105558645974885,1.0595210356895053,1,0.19013459883363654,0.16799278962788255
1.186,0.1939801734261637,1.13944,0.1717041471180995,csv_293.csv,1.1066219601321008,1.0603105645129745,1,0.19177922694734334,0.16972067179392825
1.188,0.1957422519104321,1.14096,0.1733396052254401,csv_294.csv,1.1073187596084684,1.0606205153555963,1,0.19370678233851,0.17140001790811915
1.19,0.1973334745925848,1.14248,0.1746950517973753,csv_295.csv,1.108400512174621,1.0614082545449182,1,0.1955221883186068,0.17283056335711822
1.192,0.1986270708858454,1.144,0.1757788456057136,csv_296.csv,1.1095913679453349,1.0621415996969048,1,0.19708180693082594,0.1742599308316361
1.194,0.2004119088682287,1.14544,0.1774292578243242,csv_297.csv,1.1105658982219615,1.06281041688309,1,0.1990743726064666,0.17644611771845226
1.196,0.2021659075557791,1.14696,0.1788215401482147,csv_298.csv,1.1113634271590622,1.0632739147814476,1,0.20103409459732374,0.17785185439429646
1.198,0.2032797033377143,1.14848,0.1799976344505508,csv_299.csv,1.1124076329929111,1.064110566754346,1,0.2026562124725837,0.17943818191488792
1.2,0.2038331425574288,1.15,0.1810150153240331,csv_300.csv,1.1129223496445897,1.0646580726546544,1,0.2038331425574288,0.1810150153240331
1.002,-0.009508718595874,1.00152,-0.0082912065094925,csv_399.csv,0.9991753784366574,1.0031312009492053,2,-0.004754359297937,-0.00414560325474625
1.00344,-0.0077689766285933,1.00352,-0.0055164160643157,csv_400.csv,0.9975584433869228,1.0031139986379285,2,-0.00812154888659555,-0.00738289083652555
1.00496,-0.0059583586707075,1.00552,-0.0032158813138487,csv_401.csv,0.9981220570480942,1.0030952975067344,2,-0.0066121580269615995,-0.0054123974928286505
1.00648,-0.0044477077352218,1.00752,-0.000713631424195,csv_402.csv,0.9989754033756448,1.0032504075683972,2,-0.0052532868027544,-0.0033780292475885003
1.008,-0.0026875217786694,1.00952,0.0017570347991839,csv_403.csv,1.0003101738265248,1.0034834972142734,2,-0.00390483919451525,-0.0014361303782218
1.00944,-0.0006881807362282,1.01152,0.0037870385728937,csv_404.csv,1.0016155198764374,1.004015206284321,2,-0.0021707803279565003,0.0007039542349448499
1.01096,0.0012661175948117,1.01352,0.0061991344975026,csv_405.csv,1.0027983655939992,1.0045126077117694,2,-0.00035780084860569995,0.0030057583576201
1.01248,0.0032474754857696,1.01552,0.0087370948804133,csv_406.csv,1.0040974595619263,1.005200463910875,2,0.0014087890895013,0.00515734456428895
1.014,0.005360922707317,1.01752,0.0107100159631636,csv_407.csv,1.0046994132661446,1.00576672930512,2,0.003277857314641,0.0070409696493995005
1.01544,0.0074407980405895,1.01952,0.0133417074968505,csv_408.csv,1.005786150912349,1.0065498482311774,2,0.0051305807059403,0.009567419848049
1.01696,0.0095030920502807,1.02152,0.015747015163775,csv_409.csv,1.0067875236824553,1.0074998505385262,2,0.00706622536010165,0.011874429447747251
1.01848,0.0117231679126921,1.02352,0.0180326290366078,csv_410.csv,1.0077745192848448,1.0083811797649394,2,0.00915312199599295,0.013975041040092902
1.02,0.0140076570011958,1.02552,0.0203820545645932,csv_411.csv,1.0087342305709868,1.0094389238939547,2,0.01122060026538025,0.0160923707616705
1.02144,0.0162788971695591,1.02752,0.0229525118799455,csv_412.csv,1.0092124304355603,1.010105121896696,2,0.01322315077304985,0.0184694636940433
1.02296,0.0187637639905441,1.02952,0.0255575923484102,csv_413.csv,1.0099870575081882,1.0113385179100352,2,0.015558793822054901,0.02084212527977535
1.02448,0.0213771668247742,1.03152,0.0282514550839952,csv_414.csv,1.0107766612293745,1.0124211134840375,2,0.01796852306585415,0.0231936194917846
1.026,0.0238696768644729,1.03352,0.0306449383111555,csv_415.csv,1.0116507782409463,1.0134869636744526,2,0.02025209909994275,0.02564297139920265
1.02744,0.0263981545865318,1.03552,0.0336472774107872,csv_416.csv,1.0124123338808453,1.0148736185561626,2,0.0226133957238476,0.0282706607581847
1.02896,0.0290251472043328,1.03752,0.0365450399212986,csv_417.csv,1.0131294312852506,1.0156769044409684,2,0.025114632495759147,0.0308323762364949
1.03048,0.0314528588606547,1.03952,0.0399452739224983,csv_418.csv,1.013867767203812,1.0170804356274925,2,0.027450576559052753,0.03377301914097405
1.032,0.033931122525534,1.04152,0.0426799503444769,csv_419.csv,1.0146477134769694,1.0182499814362216,2,0.029745627717398,0.03644374160342125
1.03344,0.0362965573295761,1.04352,0.0452372970637204,csv_420.csv,1.0153772608010547,1.0197529574234832,2,0.032124639988998754,0.039026782168820495
1.03496,0.0388459770019165,1.04552,0.0484732591065647,csv_421.csv,1.01583071724817,1.0204822439060988,2,0.034482674347562,0.0420406268409974
1.03648,0.0412700246938392,1.04752,0.0511846318688966,csv_422.csv,1.016585874846538,1.02195431161102,2,0.03684190656148285,0.044669242360127856
1.038,0.0436409677112284,1.04952,0.0536380924387833,csv_423.csv,1.0173622468332453,1.0231350975458366,2,0.0392397747957276,0.0472500021025684
1.03944,0.0458911910479553,1.05152,0.0572723863668136,csv_424.csv,1.018042218632324,1.024492084111894,2,0.041490249773218094,0.05026005570892085
1.04096,0.0481381777366462,1.05352,0.0594375044775579,csv_425.csv,1.0187804086428809,1.0258797612941424,2,0.043608127113658746,0.05242078647778825
1.04248,0.0507546552387183,1.05552,0.0629174302484677,csv_426.csv,1.0193219034403795,1.0267882081771909,2,0.04610966597272035,0.055787239047700554
1.044,0.0531284395108842,1.05752,0.0651631527781023,csv_427.csv,1.0201076894424854,1.0279425320599636,2,0.04850499567977115,0.058297183256053
1.04544,0.0550477880533497,1.05952,0.0672863469083025,csv_428.csv,1.020884823450655,1.0292481485152485,2,0.0504468138999496,0.0604981179295219
1.04696,0.0574591731111085,1.06152,0.0703088659358815,csv_429.csv,1.0215431317031234,1.030634891212968,2,0.0526647997788618,0.062989960023266
1.04848,0.0599148598504396,1.06352,0.0728150614047596,csv_430.csv,1.0221230583654946,1.0314779053253993,2,0.0550512749627559,0.06591342589617255
1.05,0.0621836218400692,1.06552,0.0757207712927339,csv_431.csv,1.0229414291644223,1.0326616034239604,2,0.0572693133078805,0.0683190765137217
1.05144,0.0644154425911973,1.06752,0.0779397511402362,csv_432.csv,1.02367892018741,1.0338586060679933,2,0.0594279915772895,0.07085357086266761
1.05296,0.0665629585630624,1.06952,0.080537075601765,csv_433.csv,1.0244197391808645,1.0352680352727024,2,0.0615475463093432,0.07321367721897165
1.05448,0.0686649471638096,1.07152,0.0833816695446647,csv_434.csv,1.0251230990661797,1.036393046639592,2,0.0637083018959171,0.07602139258683904
1.056,0.0709001244716696,1.07352,0.0857566110383326,csv_435.csv,1.0257056652740442,1.037301640430769,2,0.065874166558511,0.07843327406665504
1.05744,0.0730622601413193,1.07552,0.0889015773367914,csv_436.csv,1.0265165971569363,1.0385386386280595,2,0.0680252458975867,0.0814647584112677
1.05896,0.0751155093625165,1.07752,0.0904869232206963,csv_437.csv,1.0271579183753554,1.039852599725951,2,0.07006653227665,0.08314024211921145
1.06048,0.0772660331925937,1.07952,0.0929349399892808,csv_438.csv,1.027910476046373,1.0410723371151538,2,0.07218525382099686,0.08573694174028376
1.062,0.0794334850443265,1.08152,0.0955569554840321,csv_439.csv,1.0286891885911826,1.0421869547376803,2,0.07430067262011181,0.08842586565746605
1.06344,0.0815760305692061,1.08352,0.0979273498257469,csv_440.csv,1.029080564325995,1.0430516404998675,2,0.076422360337706,0.09032065241287329
1.06496,0.0832776903426046,1.08552,0.1000335307710093,csv_441.csv,1.0298620860045595,1.0443224321168263,2,0.07814361060072285,0.09298582735746719
1.06648,0.0854314460989481,1.08752,0.1021085133635727,csv_442.csv,1.0305618733764383,1.045629170580161,2,0.08015257660678704,0.0947683401933225
1.068,0.0876496317326325,1.08952,0.1046149058918065,csv_443.csv,1.0314076034059645,1.046719324011003,2,0.08230377215428114,0.097433076648432
1.06944,0.0894675848447106,1.09152,0.1069182155776584,csv_444.csv,1.0318085967359405,1.0475741861724468,2,0.0842699033815249,0.09976060443132706
1.07096,0.0912666008015176,1.09352,0.1090540119276397,csv_445.csv,1.0324336760371784,1.048863716247522,2,0.08605157342827324,0.1020027304813163
1.07248,0.093189788983982,1.09552,0.1110691078118133,csv_446.csv,1.0332250675874266,1.0501771519838878,2,0.08802931725931384,0.1037353163623666
1.074,0.0950773784718152,1.09752,0.1139831984321485,csv_447.csv,1.033826343484923,1.0512876372558668,2,0.08992248540808451,0.1066502050448574
1.07544,0.097187290308132,1.09952,0.1157576114947657,csv_448.csv,1.0344157411649286,1.0525820358461944,2,0.09191470119402595,0.1086379079949461
1.07696,0.0991886190564325,1.10152,0.1179506840395442,csv_449.csv,1.0350054064577072,1.0533608520118558,2,0.09402778425572135,0.11081843130761884
1.07848,0.1007700301134795,1.10352,0.1198168425798014,csv_450.csv,1.03568503064681,1.054747841195922,2,0.09571240336458406,0.1129729532950319
1.08,0.1027197511574899,1.10552,0.1219892823073003,csv_451.csv,1.0363803658545347,1.055966621881124,2,0.09755636057074615,0.1152501883387516
1.08144,0.104629524903556,1.10752,0.1246653675366118,csv_452.csv,1.037067119456754,1.0572326492867818,2,0.09956145652447175,0.1176458423665038
1.08296,0.1063971500271299,1.10952,0.1265835001159261,csv_453.csv,1.0374718054564105,1.058016901338556,2,0.1013895007530281,0.1196550550187243
1.08448,0.1080229425735091,1.11152,0.1283353394876541,csv_454.csv,1.038231710435918,1.0593133921868187,2,0.1030796060377865,0.12155257962755525
1.086,0.1100232909672295,1.11352,0.1309642218274946,csv_455.csv,1.038907804347798,1.0605038194212038,2,0.1049615122771056,0.1238352402139465
1.08744,0.1120458481855221,1.11552,0.1329176261282317,csv_456.csv,1.0398158050243609,1.0616306452527249,2,0.10704625067689436,0.12608300375730905
1.08896,0.1137389570008354,1.11752,0.1346771703597235,csv_457.csv,1.0401035142749726,1.062530323642803,2,0.1088300663317274,0.12765015543346112
1.09048,0.1154690708023299,1.11952,0.1365547995552478,csv_458.csv,1.0408115754084664,1.063803033857503,2,0.1105092225830111,0.1299897688768896
1.092,0.1172724769429918,1.12152,0.1386337265662638,csv_459.csv,1.0413040034675771,1.0650363110391732,2,0.11231039979829135,0.13183135077748687
1.09344,0.1190092190783109,1.12352,0.1408124842609915,csv_460.csv,1.0422528873059265,1.0662083920262742,2,0.11420843353741335,0.13420568282399953
1.09496,0.1208392878622354,1.12552,0.1425262154236211,csv_461.csv,1.0427111668881015,1.0674420131665583,2,0.11602751131489314,0.13610744334101338
1.09648,0.1225328160131359,1.12752,0.1445865002891336,csv_462.csv,1.0432300804331744,1.0680957945590648,2,0.11779247962829084,0.13837525801368422
1.098,0.1241221101441838,1.12952,0.1465727814189517,csv_463.csv,1.0439445291001088,1.0694092216446591,2,0.11955206133096286,0.14007581439787664
1.09944,0.1258160288225714,1.13152,0.1482233081147841,csv_464.csv,1.044714104901196,1.070456385183112,2,0.1212421766466396,0.14214355564996156
1.10096,0.1276485239594498,1.13352,0.1502041216840739,csv_465.csv,1.0453187777707922,1.071710297050073,2,0.12309876870204185,0.1443746919860071
1.10248,0.1293028470355197,1.13552,0.1524401661983231,csv_466.csv,1.0460539370932644,1.0729529089541503,2,0.1248590677907464,0.1465732933194251
1.104,0.1307471315676788,1.13752,0.1542374322900545,csv_467.csv,1.0465973518003038,1.0736959288608237,2,0.12622040587390354,0.14829161869233404
1.10544,0.1324016224589956,1.13952,0.1562362032643705,csv_468.csv,1.0473607275838643,1.0747978585424955,2,0.1280386136318522,0.15011643611647654
1.10696,0.134341176487049,1.14152,0.1583676732600659,csv_469.csv,1.0479844593303291,1.0760157275784898,2,0.1300113136288953,0.15252653507395086
1.10848,0.1358430462042834,1.14352,0.1601330660885827,csv_470.csv,1.0485782044786212,1.0773238892795982,2,0.13165233187012898,0.15430014372153844
1.11,0.1374839587741315,1.14552,0.1619892969219752,csv_471.csv,1.049028334290755,1.078127188963664,2,0.133173212189858,0.1560255788546169
1.11144,0.1391060308009829,1.14752,0.1636785147436224,csv_472.csv,1.049784612162772,1.0792531683916542,2,0.13487187370395487,0.15796370006978222
1.11296,0.1407009896686308,1.14952,0.1657274870698442,csv_473.csv,1.0503779613535484,1.080412683537714,2,0.13660600316589616,0.1601023353074139
1.11448,0.1423715130849795,1.15152,0.167502435279748,csv_474.csv,1.0510076503249488,1.0817010285535753,2,0.13839990430468466,0.16226550426228314
1.116,0.143848355679912,1.15352,0.1692039566890377,csv_475.csv,1.0516617218180633,1.0828213610461452,2,0.14001037637217856,0.1639576059050425
1.11744,0.1452260464555781,1.15552,0.1709321853925983,csv_476.csv,1.0521152312644215,1.083669798623355,2,0.14141455028806996,0.16588149920458284
1.11896,0.1470460916198245,1.15752,0.1729608594862403,csv_477.csv,1.0528214041570694,1.084753336788622,2,0.14319481978779336,0.16778531379662448
1.12048,0.1487697134655411,1.15952,0.1746544768849293,csv_478.csv,1.0534163770055405,1.0860930978656833,2,0.1448933424568517,0.16973227571837546
1.122,0.1500199258058343,1.16152,0.1762382189269575,csv_479.csv,1.0540832631990895,1.0873708687219032,2,0.14654650223608404,0.1714768330023429
1.12344,0.1513987963948474,1.16352,0.1785680040036482,csv_480.csv,1.054812457550475,1.0884133067056412,2,0.14800027522371195,0.1736140116436008
1.12496,0.1530888953738075,1.16552,0.1799397824500732,csv_481.csv,1.055277716999828,1.0892697837093035,2,0.1496470896186604,0.17544324144464984
1.12648,0.1546344808260124,1.16752,0.1816813838123329,csv_482.csv,1.0559308100078275,1.0905236300488694,2,0.15141606088238024,0.1773998601114226
1.128,0.1560922626676481,1.16952,0.1834406309175525,csv_483.csv,1.0565007971234734,1.0917298663366457,2,0.15298925642025346,0.179128092109066
1.12944,0.1574390910322737,1.17152,0.1852591135380429,csv_484.csv,1.0572546449451403,1.0927766965371528,2,0.15436514737177548,0.18121724754010904
1.13096,0.1588631560659598,1.17352,0.1869602820098854,csv_485.csv,1.057680130005846,1.0936665741337546,2,0.15611730998821025,0.1828884602814168
1.13248,0.1604863508204937,1.17552,0.1883840075780049,csv_486.csv,1.0582991515725246,1.094767569940549,2,0.15776888216524365,0.18466156916957915
1.134,0.1620035520024963,1.17752,0.1903866604877734,csv_487.csv,1.0590400089537395,1.096165286507064,2,0.15940131604736674,0.18657193270157246
1.13544,0.1633845385809529,1.17952,0.19171380298231,csv_488.csv,1.059639190894333,1.0971610895998325,2,0.16087505579542105,0.1882895913521144
1.13696,0.1647574377760279,1.18152,0.193408077597584,csv_489.csv,1.0603008932339966,1.098380655541655,2,0.16235587803878038,0.19026630194776445
1.13848,0.1663900958588391,1.18352,0.1950826615032707,csv_490.csv,1.0607027414133814,1.0991498375945714,2,0.1641886420588396,0.19238072497064365
1.14,0.1678018181790971,1.18552,0.196893016962577,csv_491.csv,1.0612953232966125,1.100524555594829,2,0.1658924552623591,0.1940621052280469
1.14144,0.1690390942348014,1.18752,0.1983003823270942,csv_492.csv,1.061915961787009,1.1016307812383128,2,0.1672038623321948,0.1959449562507482
1.14296,0.1704693496752303,1.18952,0.1999650575374801,csv_493.csv,1.0625772591728402,1.102817234797922,2,0.16870063012553854,0.197781726913294
1.14448,0.1719629446237979,1.19152,0.2021109900627116,csv_494.csv,1.0630917961117985,1.1035618665514255,2,0.1704435766118529,0.1997062050255589
1.146,0.1734540812811494,1.19352,0.2042256242833592,csv_495.csv,1.0637010213134823,1.1048384351807587,2,0.17209120912644604,0.20212427020474133
1.14744,0.1745543144075835,1.19552,0.205343242027111,csv_496.csv,1.0643588832912572,1.106004008903745,2,0.1734431613134637,0.2035369066665032
1.14896,0.1759714341956057,1.19752,0.2066403530272075,csv_497.csv,1.0649893057160091,1.1070869625327242,2,0.17511601620020734,0.20541562290936485
1.15048,0.1774083344846843,1.19952,0.2081232977343,csv_498.csv,1.0655357234035914,1.1078529790663822,2,0.17688396429888825,0.20745349078821468
1.152,0.1780569758292961,1.20152,0.2090752138877437,csv_499.csv,1.0661903737227325,1.1090964361777584,2,0.1780569758292961,0.2090752138877437
1.002,-0.0090683636152595,1.00152,-0.010386082256563,csv_599.csv,0.9995684832697448,1.0047264751486402,3,-0.00453418180762975,-0.0051930411282815
1.004,-0.0071998734052096,1.00248,-0.0084608741755406,csv_600.csv,0.9989227313684994,1.0047427905373567,3,-0.00828386555399815,-0.0083867482293728
1.006,-0.0053734034586112,1.00352,-0.0070628405712439,csv_601.csv,1.0007371341845752,1.004072864982153,3,-0.00670146340280825,-0.00744487502863495
1.008,-0.0035279101446556,1.00448,-0.0061678868276777,csv_602.csv,1.0029081263734727,1.0033819864050135,3,-0.00517705510935115,-0.0063326140282817
1.01,-0.001088025495029,1.00552,-0.0044918134109324,csv_603.csv,1.0047870776443937,1.0027642496154323,3,-0.0032543759011485498,-0.0051617010254464
1.012,0.000917323692331,1.00648,-0.0027278958818597,csv_604.csv,1.00613787782494,1.0023795627590326,3,-0.0014304160071237,-0.0035078740873614998
1.014,0.0029543778423975,1.00752,-0.0013042683832922,csv_605.csv,1.0081843237627213,1.0018601824208884,3,0.0003975362454528,-0.00248689221663465
1.016,0.0051762026223477,1.00848,-0.0003997000589646,csv_606.csv,1.0101527485908963,1.0014546733451266,3,0.00237726861984145,-0.0011651592649387
1.018,0.0075287980328172,1.00952,0.0013962036001038,csv_607.csv,1.0117666728831125,1.0009522019063968,3,0.00458652850550145,0.00027829268297924995
1.02,0.0098920823625813,1.01048,0.002808015882339,csv_608.csv,1.0127933605844257,1.0008688032157824,3,0.0067203259175708,0.0014135989927678465
1.022,0.0122494173687013,1.01152,0.0043423390583112,csv_609.csv,1.0143104636678697,1.0007228626010394,3,0.00885877326472115,0.0031290328197594
1.024,0.0147779750955761,1.01248,0.0059020886009124,csv_610.csv,1.0161564444638451,1.0003501344040036,3,0.0113054853751435,0.00447006448518455
1.026,0.0172642433802344,1.01352,0.0072751756452749,csv_611.csv,1.0176958090185142,1.0003430331325176,3,0.01345502994202875,0.0056326220834959
1.028,0.0196205633498836,1.01448,0.0091910713541072,csv_612.csv,1.0191723232651897,1.0002409708446447,3,0.01566855432084835,0.0072869719912183
1.03,0.0222168973733845,1.01552,0.0105916332140424,csv_613.csv,1.0202553406049597,1.000233038322349,3,0.01803667263618145,0.0088432447234981
1.032,0.0246222297515238,1.01648,0.0119480429758001,csv_614.csv,1.0218212853435351,1.0003265645141604,3,0.02040005559257215,0.010090951727969599
1.034,0.0272291196616808,1.01752,0.0135867477311883,csv_615.csv,1.0234919315733595,1.0002952745865774,3,0.02289507020668215,0.01152764148851605
1.036,0.0299233612734303,1.01848,0.0148887576912851,csv_616.csv,1.0248992551927767,1.000371372523968,3,0.0253823679227664,0.0129202743969375
1.038,0.0324780750575596,1.01952,0.0167255909884632,csv_617.csv,1.0258526738494012,1.0005150232883817,3,0.02787340546003285,0.014436472211488149
1.04,0.0348136272729212,1.02048,0.018244053814375,csv_618.csv,1.0273570332544453,1.0005844869330105,3,0.0300978342929943,0.01606180275525235
1.042,0.0375124719023554,1.02152,0.0197977817735438,csv_619.csv,1.028979444026731,1.000819944892431,3,0.03256076693185015,0.0175511171362169
1.044,0.0402412070431398,1.02248,0.0215791545743864,csv_620.csv,1.0304971919164212,1.0010163351689103,3,0.0352518881609094,0.019223132316104598
1.046,0.042751344504096,1.02352,0.0235384434247097,csv_621.csv,1.032089157046303,1.0012375962856446,3,0.03762534574126955,0.02111433049766545
1.048,0.0452678268680642,1.02448,0.0247676253543362,csv_622.csv,1.0328355653866983,1.0015325286010182,3,0.04009580457398475,0.022528183887745253
1.05,0.047802785133484,1.02552,0.0263590756443278,csv_623.csv,1.0346068148253358,1.0016140278602323,3,0.04262222983532845,0.0239462218924323
1.052,0.0504222752306961,1.02648,0.0284843915403439,csv_624.csv,1.0358330095382862,1.002060900109285,3,0.0450121695627504,0.0259725868340032
1.054,0.0527899363756521,1.02752,0.0301499496590477,csv_625.csv,1.0373712819909606,1.002371958589574,3,0.047345394841693755,0.02738754496535105
1.056,0.0553242103086899,1.02848,0.0319704139997749,csv_626.csv,1.0383865289203218,1.0025114827234316,3,0.049875342307398,0.029421884881478746
1.058,0.0578902020130869,1.02952,0.0337129745989578,csv_627.csv,1.040010159527483,1.0028538226130663,3,0.052381086394967996,0.03104504490700105
1.06,0.0603639651114825,1.03048,0.0353372328246407,csv_628.csv,1.0413335829283776,1.0030994601610068,3,0.054694278103433955,0.03276821780515965
1.062,0.0630189678882958,1.03152,0.0376214434181834,csv_629.csv,1.0427448664732062,1.003474871945309,3,0.057332741855103696,0.03445022986765165
1.064,0.0653220521410405,1.03248,0.0389572849266852,csv_630.csv,1.0436512493502053,1.0037567505928848,3,0.059626584467792704,0.0363347245906321
1.066,0.0676060282484731,1.03352,0.0407844829374382,csv_631.csv,1.0452812840232326,1.0039901319734932,3,0.06183301866611565,0.03795349120375335
1.068,0.0699317296262301,1.03448,0.0424521263046967,csv_632.csv,1.046691422597006,1.0045382788397488,3,0.06409137805910485,0.03929726655783475
1.07,0.0724462920278806,1.03552,0.0449361185990319,csv_633.csv,1.0480347871786808,1.004876460271282,3,0.0665858286589677,0.04172692853474225
1.072,0.0746556368447615,1.03648,0.0461174825868629,csv_634.csv,1.0495505942947378,1.0051400218774496,3,0.06880953143373955,0.04323623133718105
1.074,0.077128725616851,1.03752,0.0481926032485557,csv_635.csv,1.0503975252260478,1.0055346076348353,3,0.07116695294753009,0.0450286630329357
1.076,0.0795181866947704,1.03848,0.0502466022510754,csv_636.csv,1.051949058654143,1.0057693573787247,3,0.0735473105217879,0.04712341972244065
1.078,0.0816008834938298,1.03952,0.0517394213008906,csv_637.csv,1.053176791818794,1.0062456747690196,3,0.07562106126508715,0.048175936507016
1.08,0.083830972462045,1.04048,0.0529063422413324,csv_638.csv,1.0546811995488397,1.0066970500938572,3,0.07778215098318035,0.04990917273413565
1.082,0.0859826812516676,1.04152,0.0561825988231146,csv_639.csv,1.0556502010609738,1.0068523379085677,3,0.0800799123804581,0.05250312146662785
1.084,0.0881951090127508,1.04248,0.0575062258724439,csv_640.csv,1.056979468291434,1.0073400020049323,3,0.0821786868468399,0.05379081849037915
1.086,0.0905019135288502,1.04352,0.0590950555783609,csv_641.csv,1.058137343363461,1.0076898406497867,3,0.0844045964244037,0.0555954153804674
1.088,0.0928001944973813,1.04448,0.0611450120824187,csv_642.csv,1.0595691731532773,1.0080777575290367,3,0.08677454763824766,0.05739976638557205
1.09,0.0949294873033151,1.04552,0.062937098746525,csv_643.csv,1.0609214112215004,1.008604872145611,3,0.08883559953830686,0.0587848037977799
1.092,0.0968254892187269,1.04648,0.0641703214805136,csv_644.csv,1.0619004181986869,1.008698851431044,3,0.09086129157584555,0.060558490091605854
1.094,0.0992070147450644,1.04752,0.0664844080877864,csv_645.csv,1.0631018990709262,1.0092540310211005,3,0.0930167206841501,0.06268691691945649
1.096,0.1012476892115823,1.04848,0.0683885026036677,csv_646.csv,1.0646705747932796,1.0097204922763878,3,0.09523535005007355,0.0644268363230179
1.098,0.1033705840954395,1.04952,0.0698548477685105,csv_647.csv,1.0660100678341051,1.0099172187722851,3,0.09736401414821075,0.06598096681910985
1.1,0.1054525078430381,1.05048,0.0715849040292309,csv_648.csv,1.0668725360653073,1.0103701429810008,3,0.09949890945888179,0.0674132511673821
1.102,0.1076538872543233,1.05152,0.0729745945687426,csv_649.csv,1.068133757382783,1.0106537694108917,3,0.1017026048716505,0.06903574771756199
1.104,0.1093886647848326,1.05248,0.0741302431577043,csv_650.csv,1.0694957002315977,1.0111909727199375,3,0.10351531123111224,0.0705648965482083
1.106,0.1113778355598897,1.05352,0.0760464687164449,csv_651.csv,1.0708999205383178,1.0116583400009471,3,0.10551339288739835,0.07196342161518529
1.108,0.1135663162636869,1.05448,0.0775148790178377,csv_652.csv,1.0716841372027537,1.0117640003853752,3,0.10769275097308285,0.0736361346845314
1.11,0.1154906321002387,1.05552,0.0792866039624534,csv_653.csv,1.073113374170516,1.0122892779521775,3,0.10965127507573975,0.07528489620162976
1.112,0.117498203982973,1.05648,0.0802685593801897,csv_654.csv,1.0742665321695144,1.012591290202054,3,0.1116854292482828,0.07687608901460341
1.114,0.1195808534885452,1.05752,0.0823815543710992,csv_655.csv,1.075736596465947,1.0128796942679446,3,0.11389907920116396,0.0783094908569501
1.116,0.1215469994293184,1.05848,0.083295140576611,csv_656.csv,1.0768542140941555,1.013438317418306,3,0.11580587245582885,0.0796092773111297
1.118,0.1234852733474733,1.05952,0.0852793893514331,csv_657.csv,1.0779021773744506,1.0135618763887302,3,0.11776871268036895,0.0816562941756606
1.12,0.1254332648949279,1.06048,0.0866429442612218,csv_658.csv,1.079143388897291,1.0140969170881076,3,0.11970809784768291,0.08282942097994059
1.122,0.1272419505197457,1.06152,0.0882772181928396,csv_659.csv,1.080648180573106,1.0141473797545155,3,0.12163685084788695,0.08488661806631514
1.124,0.129047164320904,1.06248,0.0895571233512104,csv_660.csv,1.0819359586560662,1.0146461155547095,3,0.12348959312036994,0.08626955490986879
1.126,0.1310880767218324,1.06352,0.0910622585061829,csv_661.csv,1.0828199444247903,1.0148719699244797,3,0.125591039170669,0.08722691539794225
1.128,0.133029960118348,1.06448,0.0926462380045256,csv_662.csv,1.0840170233719275,1.015219072334532,3,0.1275661151071222,0.08911887348781344
1.13,0.1346921645117554,1.06552,0.0936012756308688,csv_663.csv,1.0853590184629889,1.0157532276866956,3,0.1293218796316754,0.0902979299706146
1.132,0.1364636876149101,1.06648,0.0952999151592974,csv_664.csv,1.0866868852942206,1.0161287989943124,3,0.1310728082055715,0.09164211956466284
1.134,0.1382812440090733,1.06752,0.0971167616848582,csv_665.csv,1.087447607183642,1.0163322982412115,3,0.13303220803691546,0.0932174240632663
1.136,0.1400351115776197,1.06848,0.0982599480996178,csv_666.csv,1.088460442509938,1.0169006579209707,3,0.13490801194940105,0.09460823986147629
1.138,0.1420207670452831,1.06952,0.0995825131366393,csv_667.csv,1.0899172991981103,1.0170994732603158,3,0.1368365604928531,0.09603439721566526
1.14,0.1439282639383635,1.07048,0.1009409230654977,csv_668.csv,1.091238072026954,1.0175675758570546,3,0.13883449524374436,0.09769103340511226
1.142,0.1455776832271805,1.07152,0.1023259742187368,csv_669.csv,1.0923935987238425,1.017991887833778,3,0.14059500328865077,0.09896217079730316
1.144,0.1474180358131749,1.07248,0.103539636877052,csv_670.csv,1.093282446087809,1.0181544780808631,3,0.14245006758251566,0.10009801931312731
1.146,0.1491560682876302,1.07352,0.104694398698913,csv_671.csv,1.0944712614402603,1.0186288675277946,3,0.14432731825549405,0.10139674530792385
1.148,0.1509286053324991,1.07448,0.1057803576713015,csv_672.csv,1.0959294051728103,1.0189828422094398,3,0.14614591743273542,0.1028023170443344
1.15,0.1527329796633105,1.07552,0.1081522765145549,csv_673.csv,1.097135655515222,1.0193300564222776,3,0.14789692585270764,0.10467246010719544
1.152,0.154480819162367,1.07648,0.1090822941699749,csv_674.csv,1.0979382103658546,1.019731435890203,3,0.14987010989092986,0.10572528418264146
1.154,0.1562288684277453,1.07752,0.1106791279324944,csv_675.csv,1.0993914452545757,1.0198461932948395,3,0.1517197270437107,0.10712361350146066
1.156,0.1577251176096003,1.07848,0.1117094116343462,csv_676.csv,1.1006871056067522,1.020332389315038,3,0.1533769566056323,0.10846187220795075
1.158,0.1595525244598875,1.07952,0.1129629089776347,csv_677.csv,1.1018360574594783,1.0205523170429591,3,0.15525541421918526,0.10984273982892415
1.16,0.1612029727761652,1.08048,0.1139178570049247,csv_678.csv,1.1031682019094746,1.0209321836194087,3,0.15696870409606561,0.1109781384200906
1.162,0.1627651978507023,1.08152,0.1153276026737024,csv_679.csv,1.1039394702030545,1.0212152877510132,3,0.15867501838610165,0.11252015116709925
1.164,0.1645920078177687,1.08248,0.1170384339140326,csv_680.csv,1.1053093760023058,1.021553352026252,3,0.16062407896342495,0.1141940009576671
1.166,0.1663570761371863,1.08352,0.1179288100118503,csv_681.csv,1.1064157789817073,1.0221379748752215,3,0.1625990292272885,0.1152538309355566
1.168,0.1678696785201912,1.08448,0.1193813859104199,csv_682.csv,1.1076666322944162,1.0225192169116486,3,0.16417092227296354,0.1165504590231087
1.17,0.1694962316049627,1.08552,0.1203627432586586,csv_683.csv,1.108439864134013,1.0227406023698726,3,0.16591237399833758,0.1177380971093509
1.172,0.1710520566883331,1.08648,0.1218814406232686,csv_684.csv,1.109858088715353,1.0231623085188093,3,0.16771945607835226,0.11955144557232605
1.174,0.1726985386574774,1.08752,0.1232550162271747,csv_685.csv,1.110980182223133,1.0234353388262258,3,0.1694375743794378,0.12092848998663816
1.176,0.1742593297540688,1.08848,0.1242963024480637,csv_686.csv,1.1120691200587365,1.0239614847785832,3,0.1711151604869437,0.12221686644373314
1.178,0.1760265547550347,1.08952,0.1261765561805619,csv_687.csv,1.11292533299556,1.0241438618795904,3,0.17300575222446646,0.12342896540092385
1.18,0.1774685767317299,1.09048,0.1268083805632801,csv_688.csv,1.1141663049927315,1.0245962249357676,3,0.17466778734660054,0.12485643883532424
1.182,0.1789601870515465,1.09152,0.1280996625007858,csv_689.csv,1.1153261744590752,1.0251004451962142,3,0.1762190390209063,0.1261347816154325
1.184,0.1805098660127646,1.09248,0.1292107999783701,csv_690.csv,1.116515096387216,1.0253872514164937,3,0.1779829449361341,0.12733832865775746
1.186,0.1821529649211185,1.09352,0.1308373337564793,csv_691.csv,1.117885828181708,1.025774604987328,3,0.1798096038596255,0.1288257776937261
1.188,0.1835270572914664,1.09448,0.1313795621917859,csv_692.csv,1.118650868657675,1.026132154937588,3,0.18131778523758618,0.12987822662019488
1.19,0.1852926849548994,1.09552,0.1332727941400924,csv_693.csv,1.120010419998178,1.026412047470009,3,0.18321903047355226,0.13170537531382195
1.192,0.1869170861859995,1.09648,0.1337236763405994,csv_694.csv,1.1210394753116135,1.0269366092165502,3,0.18516770363839224,0.13237145928748106
1.194,0.1883059761958779,1.09752,0.135084981109458,csv_695.csv,1.1224035994589188,1.0269685523489076,3,0.1868026204285978,0.1341261164176707
1.196,0.1897463820161732,1.09848,0.1360903496863375,csv_696.csv,1.123555613598699,1.0274367924177672,3,0.18849264654602899,0.1354620593839239
1.198,0.1914090186523488,1.09952,0.1374461975716793,csv_697.csv,1.1244194114246882,1.0276759655682013,3,0.19037790461273124,0.1368067264462302
1.2,0.1926023539349055,1.10048,0.1390802595525955,csv_698.csv,1.1254402583811638,1.0280821210840403,3,0.19199453113937034,0.13872482293180827
1.202,0.193169793609874,1.10152,0.1394648924766477,csv_699.csv,1.1266787172220083,1.0286193666007597,3,0.193169793609874,0.1394648924766477
1.002,-0.0100043591477453,1.00152,-0.0082019447703143,csv_799.csv,0.9987591833805622,1.0023571168827838,4,-0.00500217957387265,-0.00410097238515715
1.00296,-0.0088145956300248,1.00352,-0.0061453039133565,csv_800.csv,0.99685578606037,1.0023742349817977,4,-0.0084980488903765,-0.007529961094287951
1.004,-0.0075094520406752,1.00552,-0.0039178108381612,csv_801.csv,0.9969964320820272,1.0025955582787152,4,-0.00737350040862415,-0.0054189006711723
1.00496,-0.0063150609310149,1.00752,-0.0017395129137388,csv_802.csv,0.9972118872508826,1.0029621087833038,4,-0.00632404107749715,-0.0038536816334227
1.006,-0.0051889468377773,1.00952,0.0007543686878667,csv_803.csv,0.9979317848325996,1.0034328427465358,4,-0.0053213975694322,-0.0015368991487534
1.00696,-0.0038139495853727,1.01152,0.0024464059620754,csv_804.csv,0.9986137102859308,1.0041248727620502,4,-0.004131282480719,-0.00023806731978105017
1.008,-0.0025199447946156,1.01352,0.0052107304472515,csv_805.csv,0.9994452426587298,1.004856418784413,4,-0.0030591607016542998,0.0019690459236968
1.00896,-0.0013581852059,1.01552,0.0077557599319379,csv_806.csv,0.9999908865099488,1.0054647855722707,4,-0.0019026194566198998,0.00441889354352395
1.01,0.00042523939091,1.01752,0.0093977021119417,csv_807.csv,1.000732626758991,1.006287922337314,4,-0.00041649388909445,0.00612289822069215
1.01096,0.0018761308670329,1.01952,0.0116275273977881,csv_808.csv,1.0016232231800974,1.0072513341552602,4,0.0009498861450786788,0.0081953058757576
1.012,0.0033749272958186,1.02152,0.0139730237437614,csv_809.csv,1.0022225923162456,1.0083871500774322,4,0.0023651844441437498,0.01026609745378145
1.01296,0.0051608899764463,1.02352,0.0166044794211169,csv_810.csv,1.0026478988527887,1.0091247297309969,4,0.0038057493982658,0.01243699225642815
1.014,0.0062651958603603,1.02552,0.0185329317031539,csv_811.csv,1.0033552945595057,1.0101767223767015,4,0.00498536946003465,0.014459099266519448
1.01496,0.0080543248399616,1.02752,0.0210602232105608,csv_812.csv,1.003622482665883,1.011318285536103,4,0.00660382373216505,0.0166902599735493
1.016,0.0099571993858286,1.02952,0.0235693788154812,csv_813.csv,1.0042690305596182,1.012707038791186,4,0.00824354623037525,0.01885954528732015
1.01696,0.0117582664239575,1.03152,0.0258005744397892,csv_814.csv,1.0049577338829168,1.0138217787707455,4,0.010003159393827,0.0211156342956537
1.018,0.01366361698094,1.03352,0.0290594315818914,csv_815.csv,1.0051454891059617,1.0147838977875343,4,0.0117548613914012,0.02362648432972895
1.01896,0.0156014605283607,1.03552,0.0312155485642157,csv_816.csv,1.0058114830642888,1.016040748270844,4,0.0134735988430578,0.02576816151168875
1.02,0.0175263101901502,1.03752,0.0334378923291148,csv_817.csv,1.0060722140677647,1.0176285431213277,4,0.01534779353442695,0.0279145023620175
1.02096,0.0191492120206472,1.03952,0.0363261652457794,csv_818.csv,1.006469528414971,1.0189667412205832,4,0.0169133167385334,0.0305029448938669
1.022,0.0211679294018848,1.04152,0.039356099630299,csv_819.csv,1.0067723533718278,1.0199483058953194,4,0.0187966103027436,0.03305995759311035
1.02296,0.0234146842766971,1.04352,0.0419731748478394,csv_820.csv,1.0071325781856777,1.021306622943835,4,0.02095299938168045,0.035402109927358996
1.024,0.0253288447008704,1.04552,0.044730219127588,csv_821.csv,1.0075344412813845,1.022781542567043,4,0.02274675498309885,0.0379208630308684
1.02496,0.0270948172126481,1.04752,0.0476832679245111,csv_822.csv,1.0079024598163202,1.0242330989676227,4,0.02445192484611235,0.04067704454326285
1.026,0.0291204729425825,1.04952,0.0499822178446652,csv_823.csv,1.008086235275104,1.025576387536211,4,0.026303681313390302,0.042837075460701646
1.02696,0.0308949553262283,1.05152,0.0528124358453491,csv_824.csv,1.008454413572997,1.0266391477129957,4,0.028024390657146347,0.0457116252282528
1.028,0.0325174774294337,1.05352,0.0552354590897897,csv_825.csv,1.008608459579143,1.028196064047146,4,0.029686487014493702,0.04805740684180005
1.02896,0.0346830779381956,1.05552,0.0580486835759162,csv_826.csv,1.0089374046963866,1.0295866159659024,4,0.03168095387190185,0.0507423221895738
1.03,0.0364690242631589,1.05752,0.060139332544119,csv_827.csv,1.0094946603290873,1.0309414647667436,4,0.03350757013272655,0.052525374972665
1.03096,0.0384119122521669,1.05952,0.063122837395702,csv_828.csv,1.0095186685686954,1.0320416567974524,4,0.0353516921763974,0.056028831036120955
1.032,0.0402015495382284,1.06152,0.0652652943811868,csv_829.csv,1.0099421411684328,1.0333813056554888,4,0.037038490907433955,0.05737380294226495
1.03296,0.0418985786880533,1.06352,0.0677626571695382,csv_830.csv,1.010124299071924,1.0349141644937436,4,0.03870942223011045,0.0602648568648384
1.034,0.0436023887386736,1.06552,0.0707015588218279,csv_831.csv,1.0104782065932318,1.0362896162318167,4,0.040298007807706454,0.0628787405866897
1.03496,0.045255084185294,1.06752,0.0729546696969237,csv_832.csv,1.010739622698256,1.037216285707253,4,0.041946205003253606,0.0655528152960687
1.036,0.0473090409291875,1.06952,0.0751132712647597,csv_833.csv,1.0109272100076443,1.0386349624751965,4,0.04395195072241995,0.0679898895920404
1.03696,0.0488986635150203,1.07152,0.077787555289574,csv_834.csv,1.0112693093881329,1.040099329844589,4,0.0455081594194681,0.07005963233408785
1.038,0.0505715821494437,1.07352,0.0798073788414403,csv_835.csv,1.0116763303040726,1.0414187803977175,4,0.04720413806270665,0.07254015115924281
1.03896,0.052433360428367,1.07552,0.08236348039737,csv_836.csv,1.0118781784049435,1.0429576594527368,4,0.04910893824173085,0.0750564542180521
1.04,0.0538937214400374,1.07752,0.0848483810115194,csv_837.csv,1.0121514737943564,1.0437538746538375,4,0.05052271438020215,0.07754939771192315
1.04096,0.0552681269326823,1.07952,0.0867975675685875,csv_838.csv,1.0122951678462668,1.0453352644564229,4,0.0520473737451494,0.07965184250842786
1.042,0.0572187243512862,1.08152,0.0887696914832904,csv_839.csv,1.0125232713592285,1.046643927371039,4,0.0538977100545212,0.08189134616521129
1.04296,0.0588355441407905,1.08352,0.091321107535788,csv_840.csv,1.0129527008155068,1.0479764398885427,4,0.0555676061917307,0.08422156777585149
1.044,0.0606166488935213,1.08552,0.0936928814393963,csv_841.csv,1.0130035842097094,1.0489853681331196,4,0.057323738850102654,0.0867116684291728
1.04496,0.062164900713128,1.08752,0.0957474061775374,csv_842.csv,1.013373602868232,1.0504274343794742,4,0.0587797576299437,0.08897296952360989
1.046,0.0638545651831737,1.08952,0.0979396538839727,csv_843.csv,1.013751937127857,1.051736196718431,4,0.0603692887817011,0.09081431091433015
1.04696,0.0652045950213041,1.09152,0.0999848903437867,csv_844.csv,1.013999591308715,1.053015899861669,4,0.061787190193128796,0.09316934348895164
1.048,0.0668962669028288,1.09352,0.1018060322302958,csv_845.csv,1.0143668265002694,1.054473865132861,4,0.06341871687778494,0.09501600976458355
1.04896,0.0686041586769859,1.09552,0.1048010215722938,csv_846.csv,1.01447301164572,1.05545978646412,4,0.06518531839294345,0.0977142747124766
1.05,0.0703225617242762,1.09752,0.1064968022422424,csv_847.csv,1.014766020773728,1.0569274789400995,4,0.0667816118729498,0.0996766870121492
1.05096,0.0716563548214692,1.09952,0.1087851752388623,csv_848.csv,1.0152741256592828,1.058183795737281,4,0.06824452875275949,0.10193046291551215
1.052,0.0734206541290781,1.10152,0.1103910801525913,csv_849.csv,1.0153778344650486,1.059695234123447,4,0.06995799963123064,0.10385304382429425
1.05296,0.0748797874806411,1.10352,0.113422744495302,csv_850.csv,1.0157668314447093,1.060504312245691,4,0.07139397193341346,0.10645627843513875
1.054,0.0762319222073825,1.10552,0.1155574335628658,csv_851.csv,1.0159303566816174,1.062034666785967,4,0.0728314439482049,0.10852894476982385
1.05496,0.0782605109874387,1.10752,0.1171109814768782,csv_852.csv,1.0162483215040077,1.0633663268990312,4,0.07463219257636215,0.11050711685591355
1.056,0.0796762720729825,1.10952,0.1192538363875702,csv_853.csv,1.016664158357861,1.0646886216535572,4,0.07613813101142436,0.11236612657759029
1.05696,0.081141396129991,1.11152,0.1216102071598165,csv_854.csv,1.016925837956863,1.0661912979575026,4,0.07764868105413725,0.11493965449056284
1.058,0.0828705333209731,1.11352,0.123068819135783,csv_855.csv,1.0171893424922147,1.0670955648461875,4,0.07923480288736606,0.1165896612441767
1.05896,0.0840650617788027,1.11552,0.125821949009834,csv_856.csv,1.0176073106106491,1.068411715438239,4,0.08066039614112394,0.11895422247105596
1.06,0.0855948888877788,1.11752,0.1275923195739893,csv_857.csv,1.0177809072948485,1.0696997061358533,4,0.08204054006349185,0.12077431561570526
1.06096,0.0868909905097381,1.11952,0.1292954763542344,csv_858.csv,1.01815810576066,1.071187732656961,4,0.0834962551249955,0.122905059077901
1.062,0.0885633035904681,1.12152,0.1316543585352383,csv_859.csv,1.0182689656331507,1.0720986919182505,4,0.08516169882669755,0.12506427452160346
1.06296,0.0901914377556364,1.12352,0.1330782864541608,csv_860.csv,1.0185932330649174,1.0733977454359147,4,0.08670652369124604,0.126822475284938
1.064,0.091423717155881,1.12552,0.1349012305804503,csv_861.csv,1.019126845367512,1.0745667003598711,4,0.08802567713871445,0.1285653455279079
1.06496,0.0926885243269826,1.12752,0.1370044326395416,csv_862.csv,1.0193227019880715,1.076088308233781,4,0.0894182226395756,0.13053482627053958
1.066,0.0940858636139485,1.12952,0.1387460234607363,csv_863.csv,1.0195395711264137,1.0773148289218932,4,0.0907893942429713,0.13242752147157644
1.06696,0.0954900910002811,1.13152,0.1412050350307924,csv_864.csv,1.0198709497957168,1.078189101787026,4,0.0922616606169987,0.1347131376973255
1.068,0.0970506282884907,1.13352,0.1424858470972275,csv_865.csv,1.0200865701976682,1.0794190977342777,4,0.09388543154869455,0.13638450535464347
1.06896,0.0983335986219117,1.13552,0.1445785607965548,csv_866.csv,1.0203430010127403,1.0808030655103096,4,0.09523398050950435,0.13829507142567316
1.07,0.0998268781668776,1.13752,0.1461997015022375,csv_867.csv,1.0208026942390642,1.082161925403061,4,0.0967154874246202,0.1401853782284173
1.07096,0.1012542478329876,1.13952,0.1482631373932786,csv_868.csv,1.0209589244894823,1.0830713323169316,4,0.09812968683980265,0.14231538753366454
1.072,0.1025389324567945,1.14152,0.1499361414568351,csv_869.csv,1.0213991211089433,1.0842437805595284,4,0.09945928707376375,0.14423758435238743
1.07296,0.1038244784132385,1.14352,0.1516621170077327,csv_870.csv,1.0214882487992396,1.085652632752121,4,0.10078594673662485,0.1459088400213462
1.074,0.1053816235760727,1.14552,0.1536520092052772,csv_871.csv,1.02201700029579,1.0870333063358015,4,0.1023134071568845,0.14795530666946874
1.07496,0.1067757816863221,1.14752,0.1554526920138473,csv_872.csv,1.0223934485705608,1.08817006398764,4,0.10378659017191824,0.15004931710803535
1.076,0.1082096738140252,1.14952,0.1574189233790486,csv_873.csv,1.0223768951579577,1.0891711810771183,4,0.10519822977783745,0.1520174800292976
1.07696,0.1094891701452208,1.15152,0.1589593669609383,csv_874.csv,1.0228419159159865,1.0904363185605737,4,0.10655275890158615,0.153720734784978
1.078,0.1107644331181361,1.15352,0.1608569576396593,csv_875.csv,1.022942976484661,1.0919183121881393,4,0.1079415204308241,0.1555177928789071
1.07896,0.1119288741490526,1.15552,0.162697420639661,csv_876.csv,1.023266719950421,1.0931260728376424,4,0.10919117905457235,0.15767181515395323
1.08,0.1130953279119654,1.15752,0.1645741535623028,csv_877.csv,1.0235328083322646,1.0940157605015828,4,0.11037635596425235,0.15945009194045068
1.08096,0.1146396570323863,1.15952,0.1664310978940386,csv_878.csv,1.023769906987139,1.09543574573798,4,0.11198387346207725,0.1614424894291704
1.082,0.11584181314149,1.16152,0.1684021149969071,csv_879.csv,1.0241470308677918,1.0967535871181155,4,0.1132506854905064,0.16338003206221396
1.08296,0.11712500144096,1.16352,0.1697759086690972,csv_880.csv,1.02463577879408,1.0979300568478194,4,0.1146093503914016,0.16505945450501003
1.084,0.1185195454638761,1.16552,0.1714479214960686,csv_881.csv,1.0247554016048,1.0993147341360912,4,0.1160103199352094,0.1669822730583399
1.08496,0.1195996797449676,1.16752,0.1726727260601834,csv_882.csv,1.025171571504268,1.1000650802784222,4,0.11728060147525625,0.1686666841543063
1.086,0.1209695400379002,1.16952,0.1746176079097955,csv_883.csv,1.0252756199300643,1.1015011924205045,4,0.1186186266991285,0.1705025216973
1.08696,0.1221706231760112,1.17152,0.1764324077456702,csv_884.csv,1.0257573759385052,1.1027059477807315,4,0.11997030772039774,0.17233285576903384
1.088,0.1234769114648092,1.17352,0.1781999467162159,csv_885.csv,1.026175402204491,1.1038685569838056,4,0.1213418594944615,0.17421459005059395
1.08896,0.124688838802498,1.17552,0.1796322148764239,csv_886.csv,1.026278667150097,1.1047664825179588,4,0.1226629662122188,0.1759696337178758
1.09,0.1258677367627805,1.17752,0.1816602199888993,csv_887.csv,1.0266360119552864,1.1061409727428395,4,0.12396988537643161,0.17814032908733565
1.09096,0.1270276451070533,1.17952,0.1829728228723613,csv_888.csv,1.02691509208323,1.10745697259941,4,0.1252454020099364,0.179617610183684
1.092,0.1281491182312669,1.18152,0.1843203710806949,csv_889.csv,1.0271825646729211,1.108678738933608,4,0.1264755223146944,0.18152050484400817
1.09296,0.129384802762596,1.18352,0.1862976192706644,csv_890.csv,1.027574260892857,1.109535831083603,4,0.1276994120966152,0.18341932413092366
1.094,0.1308911677257967,1.18552,0.1884937777122479,csv_891.csv,1.0276787760256814,1.1109546491899018,4,0.1293759896212407,0.18638242708043407
1.09496,0.1320744055532341,1.18752,0.1893231684779902,csv_892.csv,1.0280873496345055,1.1122171207691975,4,0.1306938321030945,0.1874949340546589
1.096,0.1332630219310409,1.18952,0.1911406325680662,csv_893.csv,1.028573133393066,1.1133964851729767,4,0.13198375920996674,0.1885881465974621
1.09696,0.1345047173660756,1.19152,0.1925258866368083,csv_894.csv,1.02869472433526,1.1148682098486078,4,0.133347951871089,0.1905293199686124
1.098,0.1354529537566729,1.19352,0.1940107234650844,csv_895.csv,1.029058010119414,1.1156126920711824,4,0.1344230979208733,0.19224464245560396
1.09896,0.1365114317587686,1.19552,0.1957036718826069,csv_896.csv,1.029246046030967,1.1170649374298312,4,0.135718700896505,0.19446703530233733
1.1,0.1378847401410367,1.19752,0.1975395149784831,csv_897.csv,1.0296382274345346,1.1182444126662692,4,0.1371576556836409,0.19623304388905372
1.10096,0.1390988407129944,1.19952,0.1991074246230967,csv_898.csv,1.0300040495296017,1.1195859275176698,4,0.1387021973784343,0.19851662823039004
1.102,0.1398812833795927,1.20152,0.1998437970775894,csv_899.csv,1.0300648461943218,1.120486013783754,4,0.1398812833795927,0.1998437970775894
1.002,-0.0084487862993387,1.00152,-0.0109871657876305,csv_999.csv,0.9999566772366396,1.0053261163135514,5,-0.00422439314966935,-0.00549358289381525
1.004,-0.0066658412584896,1.00208,-0.0094144334175051,csv_1000.csv,1.0019234137224065,1.0013403341742175,5,-0.00813648081992435,-0.008020828142887449
1.006,-0.0047884882489228,1.00272,-0.0079926703698253,csv_1001.csv,1.0028761699702606,1.0012310844852053,5,-0.0066110122437041,-0.0067661607413739494
1.008,-0.0031130301512885,1.00328,-0.0070487219439563,csv_1002.csv,1.0040573911549098,1.0011008414361109,5,-0.00515613461629995,-0.00619957656341975
1.01,-0.0010065295547982,1.00392,-0.0055899926986407,csv_1003.csv,1.0051730166264643,1.0009078739651591,5,-0.0033515362325925004,-0.0052006123423987
1.012,0.0010405936742951,1.00448,-0.005399905671881,csv_1004.csv,1.0059117299010516,1.0009269262875142,5,-0.00161129354551525,-0.004322998839138149
1.014,0.0030989948236561,1.00512,-0.004331008730973,csv_1005.csv,1.0069656865046648,1.00079926479946,5,0.00019709600236664996,-0.0037041460840625
1.016,0.0053429216237197,1.00568,-0.002420957195683,csv_1006.csv,1.0083216141528908,1.0006295570062578,5,0.0022170605522750498,-0.00244333145338545
1.018,0.0076564121186445,1.00632,-0.0021249601350693,csv_1007.csv,1.0095894227536986,1.000463030438724,5,0.00434760973925685,-0.001930073629611
1.02,0.009774268374072,1.00688,-0.0012717676443549,csv_1008.csv,1.0105027665232251,1.0003397967005014,5,0.00619954033179055,-0.0011749393968921
1.022,0.0120415248543565,1.00752,-2.5486977753373017e-05,csv_1009.csv,1.0117595354871418,1.0001491403895273,5,0.008245365305394,0.00017944648036836348
1.024,0.0144090977181362,1.00808,0.001211049791806,csv_1010.csv,1.0130908901713718,1.0001027263117963,5,0.010296907421177351,0.00120783608458685
1.026,0.016570640347161,1.00872,0.0020268233258676,csv_1011.csv,1.0145735536077265,0.9998454902929388,5,0.012336782529232149,0.00171367485191235
1.028,0.0188465744926653,1.00928,0.0034883915638098,csv_1012.csv,1.015816675295322,0.9998066121440824,5,0.0145600950834699,0.00281052663228005
1.03,0.021231638064492,1.00992,0.0042636065255242,csv_1013.csv,1.0167988789602511,0.9997308272014512,5,0.016861661904969398,0.00413314239817725
1.032,0.0238099698220584,1.01048,0.0058235260428001,csv_1014.csv,1.018329376161022,0.999509951251382,5,0.01926842609343625,0.00543788644703175
1.034,0.0259937265020236,1.01112,0.0069670349848707,csv_1015.csv,1.0198435286297023,0.9992755760817372,5,0.02142717072370915,0.00642120692223965
1.036,0.0284085514669065,1.01168,0.0076337510564258,csv_1016.csv,1.0211444512429966,0.9992130077911318,5,0.023744803485497748,0.00711118749045665
1.038,0.0309041734180685,1.01232,0.0088184943026678,csv_1017.csv,1.0221337389036385,0.999028584104176,5,0.0260640013683207,0.00814295565244005
1.04,0.0330246224404083,1.01288,0.0098697090460991,csv_1018.csv,1.023467286981316,0.9990222102141756,5,0.0281962076501273,0.008908931590209099
1.042,0.0356966453550701,1.01352,0.011415154677096,csv_1019.csv,1.0251301837831597,0.9988381114199478,5,0.03066226782178165,0.0103403569985376
1.044,0.0381698576813952,1.01408,0.0124545727765478,csv_1020.csv,1.026539522340822,0.9987055663487748,5,0.03325415591262955,0.01167315496272805
1.046,0.0402237848668591,1.01472,0.0138070443355742,csv_1021.csv,1.0279584445247214,0.998720915725698,5,0.035042151178665396,0.0126105253006377
1.048,0.0424938379686916,1.01528,0.0148640744697448,csv_1022.csv,1.028906040993684,0.9986156888542046,5,0.0375461139274784,0.0137898536321501
1.05,0.0450172340055418,1.01592,0.0163415088350618,csv_1023.csv,1.030520645821711,0.9985138853580786,5,0.039907782347162954,0.01520536494980965
1.052,0.0472318904722132,1.01648,0.0173355024733099,csv_1024.csv,1.0318414490201109,0.9985405084399224,5,0.042086797111688154,0.0160399163982769
1.054,0.0497286114057859,1.01712,0.0184063638169906,csv_1025.csv,1.0333366116327969,0.9983890844532156,5,0.0444733619561519,0.0171531741410394
1.056,0.0522119829643481,1.01768,0.0196398858419344,csv_1026.csv,1.0342922005542865,0.9984574791526156,5,0.0468756555306771,0.01831951993461725
1.058,0.0544547602370864,1.01832,0.0208231625624958,csv_1027.csv,1.035866981246446,0.99841825477403,5,0.049037092980956695,0.01938469785599825
1.06,0.0568631774314619,1.01888,0.0218153627138123,csv_1028.csv,1.0373257185444331,0.998350102761386,5,0.0514619095368961,0.02028917592245615
1.062,0.0591884429209112,1.01952,0.0235457931823434,csv_1029.csv,1.0386634601500009,0.998453822797359,5,0.05365658026848205,0.021876050615546448
1.064,0.0613999167329446,1.02008,0.0243730582293703,csv_1030.csv,1.0402959066475612,0.9983365548213382,5,0.05587298886032925,0.02276324276872645
1.066,0.0635879877569082,1.02072,0.0255151395263952,csv_1031.csv,1.041248050971347,0.9982610032952146,5,0.0578787240807793,0.023710799062355653
1.068,0.0660066519720566,1.02128,0.0272902100879474,csv_1032.csv,1.0426513730649558,0.9983748372445994,5,0.06018384490932015,0.0252682104649567
1.07,0.0680541533082018,1.02192,0.0280662352058073,csv_1033.csv,1.0439866776556794,0.9983538953469716,5,0.06238652171671135,0.02632811710085975
1.072,0.0701734600395578,1.02248,0.0293397528552005,csv_1034.csv,1.0455459173047843,0.9983691579274568,5,0.0643725329146007,0.027390514910440103
1.074,0.0723886180580409,1.02312,0.0306975504611172,csv_1035.csv,1.046410179420194,0.9984959771722076,5,0.0665204745497464,0.02871761213486675
1.076,0.0747985812130198,1.02368,0.0322323067619245,csv_1036.csv,1.0478842148805037,0.9984558234043832,5,0.06885843950097334,0.03010242065537555
1.078,0.0767579860583493,1.02432,0.0331331633137075,csv_1037.csv,1.049183038014213,0.9986001853064168,5,0.0708871036878676,0.030979350965854947
1.08,0.0789641133416453,1.02488,0.0339507454512831,csv_1038.csv,1.0506649452072496,0.9986733531903424,5,0.07303157622529785,0.03205800827421925
1.082,0.0811734153973315,1.02552,0.0363618915506341,csv_1039.csv,1.0521286455877796,0.9986432135607368,5,0.07528361011436291,0.03380770583328435
1.084,0.0832295301036385,1.02608,0.0365571937693469,csv_1040.csv,1.0530130220579803,0.9988247854473672,5,0.0772673491338774,0.03454882242588385
1.086,0.0851973492485805,1.02672,0.0385263002100513,csv_1041.csv,1.0543004359345,0.9988810234384882,5,0.07911954200820939,0.0361361362105638
1.088,0.0874514159693739,1.02728,0.039574436617382,csv_1042.csv,1.0557574524437858,0.9989172822941168,5,0.0814228190804428,0.03738297685556215
1.09,0.0894583091905657,1.02792,0.040478463582724,csv_1043.csv,1.0572230091729669,0.9991220986636395,5,0.0834377950541957,0.03833617845424675
1.092,0.0914829883099877,1.02848,0.041424707137283,csv_1044.csv,1.058156249249794,0.9991119480170504,5,0.08544158395058785,0.0393972169370138
1.094,0.0937496433747589,1.02912,0.0438718286682681,csv_1045.csv,1.0594714077124667,0.9992176782585906,5,0.08763199211031214,0.04121682213387785
1.096,0.0956282364589735,1.02968,0.0446363228962032,csv_1046.csv,1.0607927295967077,0.999390378795927,5,0.0896453963145736,0.042226204080115196
1.098,0.0976405140436926,1.03032,0.0466747892210172,csv_1047.csv,1.06231349989269,0.999359361708487,5,0.09155487086364719,0.0437927003540422
1.1,0.099771125845281,1.03088,0.047845446446163,csv_1048.csv,1.0634771215964096,0.9996626435410808,5,0.09380003813247105,0.04467481660711055
1.102,0.1018673192203303,1.03152,0.048333286938507,csv_1049.csv,1.0644660710959264,0.999669702302269,5,0.09591440890714989,0.0456983237217429
1.104,0.1036196286217366,1.03208,0.0494515793104245,csv_1050.csv,1.065815515579448,0.999742828856505,5,0.09777162103819245,0.04713705854303335
1.106,0.1056494355594125,1.03272,0.0525001638508204,csv_1051.csv,1.0672774387726638,0.9999450701753806,5,0.09980604587836975,0.0492103202596627
1.108,0.1077771677787939,1.03328,0.0522546619743017,csv_1052.csv,1.0685963632780766,0.9999728787835374,5,0.10184359059983861,0.04989809750998435
1.11,0.1096247783083205,1.03392,0.0540824907130307,csv_1053.csv,1.0695474500309867,1.0000233254376392,5,0.1037207746337165,0.05128631435003505
1.112,0.1113690405477045,1.03448,0.0558163785045075,csv_1054.csv,1.0707615171213551,1.0003230694669296,5,0.10557530351073599,0.05300652188867715
1.114,0.1132871682285015,1.03512,0.05723424653452,csv_1055.csv,1.072342194806681,1.000183333758254,5,0.10758625756750785,0.0540012294017351
1.116,0.1151788960935281,1.03568,0.0582216162427591,csv_1056.csv,1.0736098968522447,1.000347526508611,5,0.10947343126676526,0.0555628711125782
1.118,0.1169137977694415,1.03632,0.0591198125873568,csv_1057.csv,1.0744949726821356,1.000514649491136,5,0.11125634864092425,0.05624340034536765
1.12,0.1190159643119347,1.03688,0.0605643482885294,csv_1058.csv,1.0757465131851554,1.0005293192368518,5,0.1134425895054581,0.057839577173652096
1.122,0.120729747475214,1.03752,0.0618277397390375,csv_1059.csv,1.0771643010562486,1.000724383204253,5,0.1152588601407785,0.0591483235331577
1.124,0.1224901660566069,1.03808,0.0625957432945977,csv_1060.csv,1.078494137384629,1.0008813598529502,5,0.1170210933907946,0.059829785838440896
1.126,0.1247001630309719,1.03872,0.064248175622582,csv_1061.csv,1.0797784617881936,1.000908506733727,5,0.11919787595198414,0.06182834960448895
1.128,0.1262986647719861,1.03928,0.0651705433823632,csv_1062.csv,1.080673228589128,1.0011048025852307,5,0.12096140555808749,0.06249499245328839
1.13,0.128102924613147,1.03992,0.067095260456809,csv_1063.csv,1.0820906771480112,1.0011386271221194,5,0.12276870306978951,0.0644269352866781
1.132,0.1299707202986305,1.04048,0.0682131691151339,csv_1064.csv,1.083494647586555,1.001234698753998,5,0.12466773851756219,0.06548444312439836
1.134,0.1316989539869493,1.04112,0.0695688510728172,csv_1065.csv,1.0846387375116604,1.0015017347326007,5,0.12645420516941375,0.0666221696909665
1.136,0.1332312382443839,1.04168,0.070751155997111,csv_1066.csv,1.0855468056810085,1.0014769191517685,5,0.12818620992217486,0.0676876845761073
1.138,0.1350759710637373,1.04232,0.0717023360119277,csv_1067.csv,1.0869274164610268,1.0016062709385054,5,0.13000932607082816,0.06898131525742265
1.14,0.1368907851362824,1.04288,0.0725558468051611,csv_1068.csv,1.0883060297721987,1.0017866445432708,5,0.1318789728529624,0.06970550020670635
1.142,0.13853759855395,1.04352,0.0743024920670662,csv_1069.csv,1.0895431113599074,1.0017142384006106,5,0.13369609755720957,0.07133026747276225
1.144,0.1404013716327557,1.04408,0.0749054251785904,csv_1070.csv,1.0909315904905887,1.001944338970079,5,0.135514327795986,0.07247835472985531
1.146,0.1422952139107764,1.04472,0.0760665012448437,csv_1071.csv,1.091775976613696,1.0020547783710718,5,0.1374816400138612,0.07353523238861334
1.148,0.1440208350280352,1.04528,0.0772096084552115,csv_1072.csv,1.093276268350949,1.0020400676121124,5,0.13933778071204417,0.0749232534137396
1.15,0.1455685676045628,1.04592,0.0781486857796093,csv_1073.csv,1.0943863414735584,1.0023194709556966,5,0.14095177343481802,0.07586154665230475
1.152,0.1474169241888513,1.04648,0.0795096240582229,csv_1074.csv,1.095791016223667,1.0023861015636104,5,0.14288236033851953,0.0770159529014524
1.154,0.1490129907093826,1.04712,0.0806295621539275,csv_1075.csv,1.0966414174778127,1.0023935320360278,5,0.14459946572148835,0.07817163612534225
1.156,0.1505718238556005,1.04768,0.0815019578299687,csv_1076.csv,1.0979715813531268,1.0027048298455268,5,0.14625385979252703,0.0796298657524076
1.158,0.152212941955062,1.04832,0.0833320606570871,csv_1077.csv,1.099229734265052,1.002726110066083,5,0.1480010587604152,0.0807663976963045
1.16,0.1537799288925999,1.04888,0.0839022722529218,csv_1078.csv,1.100480480406235,1.0029144020589738,5,0.14972294871711161,0.08159707956474424
1.162,0.1552203036765443,1.04952,0.0846445676356801,csv_1079.csv,1.1012735564268634,1.0030561723567786,5,0.15129720752095985,0.08281968094168124
1.164,0.1569304259297954,1.05008,0.0859229833039071,csv_1080.csv,1.102715812198535,1.0030096472068577,5,0.15318692472308026,0.08386795259464175
1.166,0.1588050023190182,1.05072,0.0873033644725042,csv_1081.csv,1.1039352487908214,1.0031649537081,5,0.15503666094706806,0.08507708376619785
1.168,0.1602544467129583,1.05128,0.0881772401433647,csv_1082.csv,1.1051182444912897,1.0034104982372265,5,0.15671696342498576,0.0864201401213405
1.17,0.1619370652416235,1.05192,0.0895001735215922,csv_1083.csv,1.1066191297407966,1.0033827556593058,5,0.15842848556546055,0.08765346848558556
1.172,0.1637277344124608,1.05248,0.0907889682174052,csv_1084.csv,1.107464145663816,1.0035841322915298,5,0.16030253788372745,0.08906770320496946
1.174,0.1652246010699091,1.05312,0.0918111117699749,csv_1085.csv,1.1087490600531011,1.003717118853232,5,0.1620059910655749,0.08999981279122646
1.176,0.1666621620884163,1.05368,0.092522811355759,csv_1086.csv,1.1099772240776913,1.0037797910809958,5,0.16361657821388792,0.0908737691096008
1.178,0.168385007570612,1.05432,0.0935642085401814,csv_1087.csv,1.1113366584957989,1.004039201561454,5,0.16542567716407897,0.09200171540304064
1.18,0.169802311113538,1.05488,0.095276918913597,csv_1088.csv,1.112172988249216,1.004083817027445,5,0.16700893031887704,0.09344082349097521
1.182,0.1712723499491562,1.05552,0.0961265920062046,csv_1089.csv,1.1135264753435263,1.004158479998872,5,0.1686460518559215,0.0944275396531788
1.184,0.1730568311612947,1.05608,0.0963535691843449,csv_1090.csv,1.114645012793462,1.0044423341021869,5,0.1705295321308783,0.09509089763211234
1.186,0.1745013457018259,1.05672,0.097817832112366,csv_1091.csv,1.1160700497123552,1.0044277984331598,5,0.17221714843165492,0.0965516709970055
1.188,0.1759334043201438,1.05728,0.0989683937903721,csv_1092.csv,1.1173233303110783,1.0046822311991428,5,0.17386066713539383,0.09756960278231369
1.19,0.1775515450758648,1.05792,0.0994434588882942,csv_1093.csv,1.1182094963079772,1.0047970601025331,5,0.17555852066981886,0.0983036735199507
1.192,0.1791498373461415,1.05848,0.1012168354442165,csv_1094.csv,1.1193873131340937,1.004848393455828,5,0.1774578888962443,0.10021832317136115
1.194,0.1805098977388123,1.05912,0.1013612390948612,csv_1095.csv,1.120667360222648,1.0050940319397952,5,0.17908828201512705,0.10058461083043314
1.196,0.182052200234775,1.05968,0.102523466343722,csv_1096.csv,1.1220427891641938,1.0051484681816163,5,0.1807889697103057,0.10187348318817066
1.198,0.1837021981791145,1.06032,0.1042890828875219,csv_1097.csv,1.123218756144718,1.005307662586484,5,0.18266081376756477,0.10331061444993435
1.2,0.1848702595264826,1.06088,0.1047213871196251,csv_1098.csv,1.1240623754448922,1.00550630156334,5,0.1841854727876636,0.1043139489306599
1.202,0.1853954062576975,1.06152,0.1045567205301454,csv_1099.csv,1.125372648774266,1.0055212565946785,5,0.1853954062576975,0.1045567205301454
1.002,-0.0103061403907604,1.00152,-0.0069529932613456,csv_1199.csv,1.0025643993965676,0.9996772320870784,6,-0.0051530701953802,-0.0034764966306728
1.00256,-0.0094809003695976,1.00352,-0.0043108911082496,csv_1200.csv,1.001336696268338,0.999736910940614,6,-0.0047404501847988,-0.0021554455541248
1.0032,-0.0081901072992676,1.00552,-0.0023743838525012,csv_1201.csv,1.0006109987405607,1.0008320138883595,6,-0.0075661103774017,-0.005124141385715051
1.00376,-0.0076328594693367,1.00752,-0.0008279255576947,csv_1202.csv,1.0004945200923197,1.0017185212812425,6,-0.0068901333807186,-0.00394136814218665
1.0044,-0.0067751083285657,1.00952,0.0015611251515954,csv_1203.csv,1.0002877567902644,1.0024625762212975,6,-0.0063266710880306,-0.0017651039845099996
1.00496,-0.0055050665566466,1.01152,0.0035845616535211,csv_1204.csv,1.0000242642556,1.0034703143515218,6,-0.00517954213371855,-5.086327432329992e-05
1.0056,-0.0047409653882259,1.01352,0.0060605511147703,csv_1205.csv,0.99999520526867,1.0046552524891084,6,-0.0044717714990405,0.00204031260073035
1.00616,-0.003676281987958,1.01552,0.0082561759149337,csv_1206.csv,0.99978675467905,1.005804330797172,6,-0.00358120454051655,0.00407199631485915
1.0068,-0.0025767826988016,1.01752,0.0100959422634729,csv_1207.csv,0.99977632111379,1.0068788168635292,6,-0.00255811191971875,0.0056946852394768495
1.00736,-0.0017069993066408,1.01952,0.012054232347879,csv_1208.csv,0.9998329267709892,1.0076508078737412,6,-0.0017612094664396002,0.0079912742904592
1.008,-0.0007005525154454,1.02152,0.0141101564124106,csv_1209.csv,0.9995595468898468,1.0089449550715162,6,-0.00093160780341215,0.00978550921421905
1.00856,0.0005499641402486,1.02352,0.0160632537046269,csv_1210.csv,0.9995943015188968,1.010176404791928,6,0.00021740343169379998,0.011922169272721201
1.0092,0.0014920285118041,1.02552,0.0184572336794796,csv_1211.csv,0.999542477575362,1.0113462500563233,6,0.001054870089237,0.013710217203031751
1.00976,0.0027391648873897,1.02752,0.0207352421738503,csv_1212.csv,0.9994148906630316,1.0122249875368023,6,0.0022578216266275,0.01590116638201135
1.0104,0.0040063184066292,1.02952,0.0227740475486765,csv_1213.csv,0.9995032077449676,1.0135445961282985,6,0.003435765440804,0.0181203076395729
1.01096,0.0051430295909737,1.03152,0.0250612096404443,csv_1214.csv,0.9993552601993492,1.0149757005764728,6,0.0044803331474244,0.020020001684304248
1.0116,0.0067539294182073,1.03352,0.0276334627433575,csv_1215.csv,0.9993271376468088,1.0161969429425828,6,0.0058405515791651996,0.022396969274210553
1.01216,0.0077591490638309,1.03552,0.0293690704852881,csv_1216.csv,0.9994243334814504,1.0175501640015407,6,0.0068082556550536,0.0241440060195608
1.0128,0.0092133794382609,1.03752,0.03169819626437,csv_1217.csv,0.9993315639708742,1.018451060099581,6,0.008176780487191601,0.0263353635184089
1.01336,0.0106330428276742,1.03952,0.0336897723970625,csv_1218.csv,0.9993591953995564,1.0198935895579495,6,0.009552367665638349,0.0283792885567858
1.014,0.0118051451079463,1.04152,0.0358925809330844,csv_1219.csv,0.9994619725205502,1.0211620892059352,6,0.01061863782261615,0.030479494035775503
1.01456,0.0133906543427227,1.04352,0.0393393339721574,csv_1220.csv,0.9993621706531024,1.0225562051957129,6,0.01212812087170765,0.033224497689809
1.0152,0.0149939257304574,1.04552,0.041695301548664,csv_1221.csv,0.9994720133412898,1.0234159660064917,6,0.013601544131088151,0.0354661652505252
1.01576,0.0163080578740203,1.04752,0.0439192818139182,csv_1222.csv,0.9995038735579774,1.0249477032476255,6,0.014847448850704652,0.03777048946683355
1.0164,0.0182020474187055,1.04952,0.0467864278008771,csv_1223.csv,0.9994860336821604,1.0263533218433183,6,0.01662087775549985,0.0404042042262011
1.01696,0.0194234492183469,1.05152,0.0493712050067499,csv_1224.csv,0.9996604920889418,1.027370412010306,6,0.01790850767975545,0.042717444913000446
1.0176,0.0208210676354158,1.05352,0.0513112089784918,csv_1225.csv,0.9995470289338386,1.0288949283708306,6,0.0191429608561734,0.0448745190616816
1.01816,0.0226203271755776,1.05552,0.0546040875022871,csv_1226.csv,0.9995858913202962,1.03036180511466,6,0.02085800040050085,0.0474472445360742
1.0188,0.0238061130381705,1.05752,0.0566793702328557,csv_1227.csv,0.9996594160677374,1.0313618265330402,6,0.022012665769067748,0.04988187481081155
1.01936,0.0251344371361996,1.05952,0.059595532172481,csv_1228.csv,0.9995891189355286,1.0326849075102909,6,0.02331717119192325,0.05258996403136805
1.02,0.0265976010752164,1.06152,0.0621505677632036,csv_1229.csv,0.999686260246622,1.0342909715743458,6,0.0247655130126508,0.05473889407786775
1.02056,0.0279223704765076,1.06352,0.0639031421859882,csv_1230.csv,0.9996900025926646,1.035309648281806,6,0.02604246248555435,0.056691251989661295
1.0212,0.0292780824300789,1.06552,0.0663163294873005,csv_1231.csv,0.9996082009520731,1.036755969958273,6,0.0273251648718114,0.05923178505127045
1.02176,0.0305662583642137,1.06752,0.0689474681797701,csv_1232.csv,0.9998255197722202,1.0380894489807195,6,0.0286506097160606,0.0616060205759272
1.0224,0.0321346143825231,1.06952,0.0716048042424868,csv_1233.csv,0.9997621820537148,1.0390733654152604,6,0.0300651980873333,0.0643511552403411
1.02296,0.0336132785649408,1.07152,0.074112990069419,csv_1234.csv,0.9997727187558664,1.040689319506757,6,0.0315596016408471,0.06678063234599946
1.0236,0.0347627725877294,1.07352,0.0759605805235209,csv_1235.csv,0.999943772329561,1.042002522007433,6,0.0327186785886033,0.06877952694253864
1.02416,0.0362383331350442,1.07552,0.0785698050946026,csv_1236.csv,0.9998568577953324,1.0429941356590464,6,0.03420130016851895,0.07084332165331775
1.0248,0.0377361917733883,1.07752,0.0802817267704696,csv_1237.csv,0.9999556135208384,1.0443821020445596,6,0.0357219126396121,0.07334241185871075
1.02536,0.0386914794258834,1.07952,0.082672763152896,csv_1238.csv,1.0000187408423495,1.0458945006397975,6,0.0366596888438954,0.07550910736455241
1.026,0.0403369522702427,1.08152,0.0854205750596093,csv_1239.csv,0.9999355181587566,1.0468574539527409,6,0.0381916953013562,0.0786031555657378
1.02656,0.0415020844757703,1.08352,0.0872491178090945,csv_1240.csv,1.0001777328826185,1.0481157917898314,6,0.039409214354955605,0.08029149636135795
1.0272,0.0426065637691377,1.08552,0.0890232871095815,csv_1241.csv,1.000139833812609,1.0495947709936684,6,0.04042299833659075,0.08222799901584779
1.02776,0.0440902940693245,1.08752,0.091383722780053,csv_1242.csv,1.0001295025021466,1.050503857052,6,0.0418981621112528,0.08445025750060225
1.0284,0.045359290064006,1.08952,0.0929329841511234,csv_1243.csv,1.0002832799680517,1.051972356554291,6,0.0431719341460338,0.08635974584184315
1.02896,0.0465166208146937,1.09152,0.0957576046580115,csv_1244.csv,1.0002598806282152,1.0532869216479024,6,0.04430869756121805,0.08905611000982061
1.0296,0.0480007347832961,1.09352,0.0978860262153296,csv_1245.csv,1.000376574527618,1.0547494636246662,6,0.04580698351592545,0.0911170107747077
1.03016,0.0490630823012997,1.09552,0.0999125631080248,csv_1246.csv,1.0004555195278613,1.055646605400007,6,0.04687062518955535,0.09323200433273485
1.0308,0.0505280484943991,1.09752,0.1022713010082002,csv_1247.csv,1.0003515833065315,1.057139910267904,6,0.048248446246315496,0.09502676790973225
1.03136,0.0516451943630544,1.09952,0.1038879154558268,csv_1248.csv,1.0005888459937382,1.058406000712976,6,0.049427314648168394,0.0969785685568259
1.032,0.0530047493065799,1.10152,0.106121079153457,csv_1249.csv,1.0005665530885834,1.059403957650618,6,0.0507166216684527,0.09913626636950545
1.03256,0.0542709869086157,1.10352,0.1080756759121823,csv_1250.csv,1.0005167691007195,1.060941802810893,6,0.05202351989544455,0.1015657005579702
1.0332,0.0552239001324648,1.10552,0.1099468533170553,csv_1251.csv,1.0007303766259257,1.0622421261032398,6,0.05294168196336585,0.1035602723295979
1.03376,0.0564292368271164,1.10752,0.1118056396999155,csv_1252.csv,1.0006864747381474,1.063217257466498,6,0.0541902579111036,0.1050851902402439
1.0344,0.0578226077963868,1.10952,0.1133477303232255,csv_1253.csv,1.0007366643196982,1.064537090234862,6,0.05555220259892055,0.1067774778647485
1.03496,0.0587614443600663,1.11152,0.1156527054973614,csv_1254.csv,1.0008846206519104,1.0660734000389531,6,0.0565007947060593,0.10916377472078401
1.0356,0.0601987936909538,1.11352,0.1177512913228768,csv_1255.csv,1.0008168867080798,1.067034358816017,6,0.0578919526110771,0.1113310714438024
1.03616,0.0613585691098741,1.11552,0.1196471459258243,csv_1256.csv,1.0010092032750997,1.0683469030429356,6,0.0592092471617537,0.11333084361015386
1.0368,0.0624150714374862,1.11752,0.1213961144572985,csv_1257.csv,1.001048566286087,1.069713477130516,6,0.060232793274546254,0.11495677595670956
1.03736,0.0638896859179991,1.11952,0.1237259794390271,csv_1258.csv,1.0010257705169936,1.070644705951128,6,0.0615707573617334,0.11699010369529694
1.038,0.0650689883361259,1.12152,0.1254370407004562,csv_1259.csv,1.001160975596671,1.0721653625182674,6,0.06280261496318834,0.1191538082680361
1.03856,0.0659370491615404,1.12352,0.1270063483538274,csv_1260.csv,1.0011698627389742,1.0733745102401282,6,0.0637156754432251,0.12079037252839456
1.0392,0.0671782231858778,1.12552,0.1289803787895617,csv_1261.csv,1.001147186394607,1.0743156488962182,6,0.06491219712448755,0.12254808252044415
1.03976,0.0681419225762549,1.12752,0.1307072306606116,csv_1262.csv,1.0013594776731325,1.0756630532787423,6,0.06593657519212255,0.12450506758334545
1.0404,0.0692144064460816,1.12952,0.1328270085445563,csv_1263.csv,1.001269600376427,1.0768141852777031,6,0.06698180032748025,0.12657030863178315
1.04096,0.0703990504555933,1.13152,0.133969808892807,csv_1264.csv,1.0014410069870991,1.0782548711005515,6,0.06818820245025126,0.1280019519515346
1.0416,0.0714237794419987,1.13352,0.1366871900622399,csv_1265.csv,1.0015043522302585,1.0792568386827588,6,0.06923421029071819,0.13046966287019285
1.04216,0.0727690375643183,1.13552,0.1384570612434367,csv_1266.csv,1.0014173730410647,1.08080714892544,6,0.07059477052401181,0.13235713990937342
1.0428,0.0737433259664982,1.13752,0.1402338987510245,csv_1267.csv,1.0015583113276074,1.0816300064073547,6,0.07165628816721059,0.13411591266666406
1.04336,0.0749023847029775,1.13952,0.1412135234116891,csv_1268.csv,1.0016561258802097,1.0829473524144375,6,0.07278365785327155,0.1358419804518812
1.044,0.0762312688347186,1.14152,0.1432961190061636,csv_1269.csv,1.0016647104655605,1.0841684920091506,6,0.0741369613860029,0.1375475175363868
1.04456,0.0771126291908735,1.14352,0.1454944475895224,csv_1270.csv,1.0018877334915135,1.0855274763537457,6,0.0751173054291189,0.13976304254980604
1.0452,0.0782964687075133,1.14552,0.1463316295199988,csv_1271.csv,1.0018398613974804,1.0868522622997256,6,0.07624966772003985,0.14132699407153693
1.04576,0.0795694242618371,1.14752,0.1488280857767527,csv_1272.csv,1.0019174872226722,1.0877699071497098,6,0.07755390500414905,0.14341264586901248
1.0464,0.0802674524873988,1.14952,0.1508122515406872,csv_1273.csv,1.0021068419326404,1.0889320174110084,6,0.07837053509815975,0.14541153947732685
1.04696,0.0814299249269072,1.15152,0.1520308434645649,csv_1274.csv,1.0020386722850707,1.0903890672181322,6,0.0794674172839636,0.14693051090962922
1.0476,0.0825799367148535,1.15352,0.1540722195416398,csv_1275.csv,1.0022196323601458,1.0917123369720432,6,0.08071396936602995,0.14887340788609665
1.04816,0.0834877044624946,1.15552,0.1553537735296473,csv_1276.csv,1.0022787906414965,1.0925834314459624,6,0.081652874603794,0.15037482449212555
1.0488,0.0847735341579672,1.15752,0.1573626433149024,csv_1277.csv,1.0022706452943253,1.0938407276681357,6,0.08292578520740981,0.15246054090068312
1.04936,0.0858040818307056,1.15952,0.1586066497467109,csv_1278.csv,1.002509549569401,1.095152758873301,6,0.0840942377715406,0.1540067239513391
1.05,0.0868088807394536,1.16152,0.1604811423165545,csv_1279.csv,1.0024459434414812,1.0965355621671131,6,0.08508628049369504,0.15593177608106812
1.05056,0.0880063119335933,1.16352,0.1625487577399036,csv_1280.csv,1.0025051265382094,1.097418368862375,6,0.08632937527404874,0.15813930174371754
1.0512,0.0889801962720412,1.16552,0.163834750990808,csv_1281.csv,1.002746630331113,1.098594338144555,6,0.08739228782880215,0.15946255409534688
1.05176,0.0900429926621664,1.16752,0.165423978182721,csv_1282.csv,1.0027184972408578,1.0998964929442212,6,0.08845940078418704,0.16111008023565448
1.0524,0.0910416734686375,1.16952,0.1667187389017692,csv_1283.csv,1.002875931788245,1.1012604456124908,6,0.08950650749422054,0.16284083950071143
1.05296,0.0919833056302676,1.17152,0.1684904003699314,csv_1284.csv,1.0030055869401198,1.1024340492448177,6,0.09047472983885475,0.16473649584693023
1.0536,0.0930634020656216,1.17352,0.1702840521939702,csv_1285.csv,1.0029420612607796,1.103422538789263,6,0.09159840698189414,0.1665219232245384
1.05416,0.0938934451345304,1.17552,0.1719936969997778,csv_1286.csv,1.003166367938487,1.104644792854221,6,0.09253476058822716,0.16847033940543285
1.0548,0.0950569413795104,1.17752,0.1734727138424914,csv_1287.csv,1.0031775600672437,1.1061248375340365,6,0.0936591448729034,0.1700154684907549
1.05536,0.0963778429617666,1.17952,0.1751277137668749,csv_1288.csv,1.0032753900919134,1.107323601911839,6,0.09507353755095105,0.17194478250486295
1.056,0.097147407907362,1.18152,0.1766173046155064,csv_1289.csv,1.003426854570992,1.1081883182231782,6,0.09591601585117245,0.1737310061720964
1.05656,0.0982718466288126,1.18352,0.1787312559257229,csv_1290.csv,1.003466118786152,1.1094182963725785,6,0.09707504906887435,0.17586861887935606
1.0572,0.0994101263366951,1.18552,0.1800976717935168,csv_1291.csv,1.003540670334425,1.1108532875293908,6,0.09833464751499504,0.17743502971627728
1.05776,0.1002134866609249,1.18752,0.1813947195472228,csv_1292.csv,1.0037294126933136,1.112074780535218,6,0.0992034587674611,0.17926948073274515
1.0584,0.1012424144113007,1.18952,0.1829073755639034,csv_1293.csv,1.0036539428839522,1.11300616139291,6,0.10027132009301826,0.18087975952966975
1.05896,0.1022424212746069,1.19152,0.1848750893604995,csv_1294.csv,1.0038802546318106,1.1141650709553783,6,0.10146820562212716,0.18276807256524552
1.0596,0.102996199982574,1.19352,0.1863700284820308,csv_1295.csv,1.0039305753556174,1.1155486747902197,6,0.10233032541667925,0.18474331352936535
1.06016,0.1039270422226608,1.19552,0.1881754836637036,csv_1296.csv,1.0039200081143809,1.116909894177621,6,0.1033712166458319,0.1864430662044031
1.0608,0.1049801718239853,1.19752,0.1893490626043826,csv_1297.csv,1.0041671544131017,1.1180845672982191,6,0.10457011748508904,0.18851305534384705
1.06136,0.1059076831793836,1.19952,0.1909828723526698,csv_1298.csv,1.0041536797042934,1.1190100089838235,6,0.10566744923271125,0.19015250653840687
1.062,0.1066159489122829,1.20152,0.191809950672258,csv_1299.csv,1.0041966365706363,1.1203912834916876,6,0.1066159489122829,0.191809950672258
