frame,axis_0_2,axis_1_3,correct_force_0_2,correct_force_1_3,cycle,strain_x,strain_y,stress_x_mpa,stress_y_mpa,lambda_clamps_X,lambda_clamps_Y,mean_stress_x_mpa,mean_stress_y_mpa,file,lambda_DIC_F_xx,labmda_DIC_F_yy,mean_lambda_DIC_F_xx,mean_labmda_DIC_F_yy
1,0.0,0.0,-0.0018473544973544,0.028066099759521,1,0.0,0.0,-0.0002932308725959,0.0044549364697652,1.0,1.0,-0.0002932308725959,0.0044549364697652,data0.csv,1.0,1.0,1.0,1.0
2,0.04,0.04,0.0139059901738473,0.0836901709672804,1,0.5714285714285714,0.5714285714285714,0.0022073000275948,0.0132841541217905,1.0057142857142858,1.0057142857142858,-0.005722000470808,-0.0253718055948866,data1.csv,1.0103285046306718,1.004425887511933,1.0141725152325525,1.0292730826428356
3,0.08,0.08,0.0242134829410691,0.1605139518665284,1,1.1428571428571428,1.1428571428571428,0.0038434099906458,0.0254784050581791,1.0114285714285711,1.0114285714285711,-0.0044813142370614,-0.0190176544415991,data2.csv,1.0164728912390133,1.0055821939636431,1.0181403336449737,1.0293287627020165
4,0.12,0.12,0.0318675789089582,0.2742217761913806,1,1.7142857142857142,1.7142857142857142,0.0050583458585647,0.0435272660621239,1.0171428571428571,1.0171428571428571,-0.0035453150669743,-0.0083637450145621,data3.csv,1.022773150842864,1.007254223189014,1.0227935976049056,1.0291787615850585
5,0.16,0.16,0.0395125510204081,0.3820238458831029,1,2.2857142857142856,2.2857142857142856,0.0062718334953028,0.0606387056957306,1.022857142857143,1.022857142857143,-0.0028112764532363,0.0016930330922168,data4.csv,1.0275920527119051,1.0092240578161125,1.0270947342801235,1.0293837947054152
6,0.2,0.2,0.0499348567779602,0.4855589454567081,1,2.857142857142857,2.857142857142857,0.0079261677425333,0.0770728484851917,1.0285714285714285,1.0285714285714285,-0.001653675178032,0.0111282038276747,data5.csv,1.033234930976472,1.011950388844489,1.0305084719357342,1.0305484488739414
7,0.24,0.24,0.0598544217687074,0.5996281587325094,1,3.4285714285714284,3.4285714285714284,0.0095007018680487,0.095179072814684,1.0342857142857145,1.0342857142857145,-0.0005625264519236,0.0216519346702835,data6.csv,1.039258544684129,1.0147355355565175,1.0350134274939662,1.0314345392860647
8,0.28,0.28,0.0683044022206583,0.7077496854153728,1,4.000000000000001,4.000000000000001,0.0108419686064536,0.112341219907202,1.04,1.04,0.0002466960694147,0.0316101871928344,data7.csv,1.043965756694288,1.0176212061020269,1.0391355318541047,1.0322668413721359
9,0.32,0.32,0.0779413756613756,0.8269950718051882,1,4.571428571428571,4.571428571428571,0.012371646930377,0.1312690590166965,1.0457142857142858,1.0457142857142858,0.0010665970176916,0.0424300497924775,data8.csv,1.0480914631718483,1.0198504330475815,1.0432648412802643,1.0329834430538223
10,0.36,0.36,0.0909447181171319,0.9558583932946872,1,5.142857142857143,5.142857142857143,0.0144356695424018,0.1517235544912202,1.0514285714285714,1.0514285714285714,0.0023349927455017,0.0540259096252598,data9.csv,1.053956067883548,1.0234454387833578,1.0473264470962125,1.0345638474814463
11,0.4,0.4,0.1057246031746031,1.07626052252121,1,5.714285714285714,5.714285714285714,0.0167816830435877,0.1708350035747952,1.0571428571428572,1.0571428571428572,0.0037908163265306,0.0656840739413529,data10.csv,1.0594435722526925,1.0264065355139973,1.052087885842047,1.036142984569457
12,0.44,0.44,0.120577969348659,1.2159393310562152,1,6.285714285714286,6.285714285714286,0.0191393602140728,0.193006243024796,1.062857142857143,1.062857142857143,0.0051008324572911,0.0784485421051263,data11.csv,1.0641633031641264,1.0288728847551956,1.0569139171108177,1.0378161582101209
13,0.48,0.48,0.1360771756978653,1.3537029943514407,1,6.857142857142857,6.857142857142857,0.0215995516980738,0.2148734911668953,1.0685714285714285,1.0685714285714285,0.0063282362318183,0.0913584876401722,data12.csv,1.069271040583459,1.032487643767519,1.0620800753754058,1.0400510489609627
14,0.52,0.52,0.1552669188365001,1.5050124140711705,1,7.428571428571429,7.428571428571429,0.0246455426724603,0.2388908593763762,1.0742857142857145,1.0742857142857145,0.0080994964153635,0.1057551034856879,data13.csv,1.075502996165603,1.0358282783097248,1.06662495878839,1.041506964343498
15,0.56,0.56,0.1761510582010582,1.6530833423001468,1,8.000000000000002,8.000000000000002,0.0279604854287394,0.2623941813174836,1.08,1.08,0.0100657618091937,0.1197735297686898,data14.csv,1.0812579512565117,1.03932188193338,1.0727633601545263,1.0439111546657087
16,0.6,0.6,0.1980790620846039,1.813576172661652,1,8.571428571428571,8.571428571428571,0.0314411209658101,0.2878692337558177,1.0857142857142856,1.0857142857142856,0.0118571057779068,0.1345243260696746,data15.csv,1.0859322845646648,1.0415046076136991,1.0787741651866471,1.0454799909951824
17,0.64,0.64,0.2188702233980011,1.969650476004908,1,9.142857142857142,9.142857142857142,0.03474130530127,0.3126429326991918,1.0914285714285714,1.0914285714285714,0.0134603653310702,0.1491952622371219,data16.csv,1.0917999510053782,1.045246046829144,1.0837733593147822,1.048050710949006
18,0.68,0.68,0.2478762999452654,2.142037156442517,1,9.714285714285714,9.714285714285714,0.0393454444357564,0.3400058978480185,1.0971428571428572,1.0971428571428572,0.0159588108642472,0.1656720127433623,data17.csv,1.097910397314221,1.04921078428193,1.0906024411314628,1.0503738616018605
19,0.72,0.72,0.2773084291187739,2.313115010679935,1,10.285714285714286,10.285714285714286,0.0440172109712339,0.3671611128063389,1.1028571428571428,1.1028571428571428,0.0186167336575206,0.1808325465633788,data18.csv,1.102221162145748,1.0512983544176266,1.0965242032386935,1.0521075668602706
20,0.76,0.76,0.3077148148148148,2.492381461199845,1,10.857142857142858,10.857142857142858,0.0488436213991769,0.3956161049523564,1.1085714285714283,1.1085714285714283,0.0212229252279881,0.1969969417560942,data19.csv,1.1096672172430166,1.0549330738187987,1.1039420806656441,1.0544363707457962
21,0.8,0.8,0.3405279146141215,2.6766383946631933,1,11.428571428571429,11.428571428571429,0.0540520499387494,0.4248632372481259,1.1142857142857143,1.1142857142857143,0.0238844665823515,0.2132755621183136,data20.csv,1.1157145096903438,1.058457241182586,1.1090382069036462,1.0567167059642546
22,0.84,0.84,0.3798327160493827,2.871067437074408,1,12.0,12.0,0.0602909073094258,0.4557249900118107,1.12,1.12,0.0272943779902712,0.2300750273193786,data21.csv,1.1214319276488038,1.0621025524620753,1.116093364848207,1.0591066045282491
23,0.88,0.88,0.4180008112440378,3.05619784185068,1,12.571428571428571,12.571428571428571,0.0663493351181012,0.4851107685477269,1.1257142857142857,1.1257142857142857,0.0307065815592186,0.2475145008348628,data22.csv,1.1255745224619955,1.0646814467805052,1.1225362542731645,1.061099389412167
24,0.92,0.92,0.4604003010399562,3.253138887156528,1,13.142857142857142,13.142857142857142,0.0730794128634851,0.5163712519296076,1.1314285714285717,1.1314285714285717,0.0343809596209706,0.266468349090169,data23.csv,1.131923112134004,1.0685841851454854,1.1300846490721135,1.0641251934134321
25,0.96,0.96,0.5044270557029178,3.461285533705662,1,13.714285714285714,13.714285714285714,0.0800677866195107,0.549410402175502,1.137142857142857,1.137142857142857,0.0381876404053014,0.2872484969203516,data24.csv,1.1377385445252872,1.0717101823711257,1.1352134074346845,1.0663985238761888
26,1.0,1.0,0.5565544973544974,3.6703631243635946,1,14.285714285714286,14.285714285714286,0.088341983707063,0.5825973213275547,1.1428571428571428,1.1428571428571428,0.0429785769470742,0.3095235218194663,data25.csv,1.144012038098892,1.0755480689886086,1.1422185923914845,1.069623602957862
27,1.04,1.04,0.5790424192665572,3.6882795420155214,1,14.857142857142858,14.857142857142858,0.0919114951216757,0.5854411971453208,1.1485714285714286,1.1485714285714286,0.0455009955542151,0.3169197430189327,data26.csv,1.149048272553185,1.076917508082446,1.1487936121107176,1.07182600504682
28,1.08,1.08,0.6149039408866995,3.773184410736696,1,15.428571428571429,15.428571428571429,0.0976038001407459,0.5989181604343962,1.1542857142857144,1.1542857142857144,0.0491107730022617,0.3302933566994737,data27.csv,1.159129830973662,1.0784461945459412,1.1561492788064307,1.0735307871905517
29,1.12,1.12,0.673422619047619,3.981044172148034,1,16.000000000000004,16.000000000000004,0.1068924792139077,0.6319117733568308,1.16,1.16,0.0545149806836314,0.3544542720129553,data28.csv,1.1674301273914085,1.081508570969756,1.1640737476116856,1.0768702672534038
30,1.16,1.16,0.7239318555008211,4.117925942422168,1,16.57142857142857,16.57142857142857,0.1149098183334636,0.6536390384797093,1.1657142857142857,1.1657142857142857,0.0595625053524419,0.3733383440239159,data29.csv,1.179620769961092,1.0833947939139734,1.1741553650905527,1.0793767831633332
31,1.2,1.2,0.7791800766283524,4.243501462889948,1,17.142857142857142,17.142857142857142,0.1236793772425956,0.6735716607761822,1.1714285714285717,1.1714285714285717,0.0653520343003101,0.3927264862809573,data30.csv,1.1857385230273907,1.085423454295695,1.1811905923237005,1.0823371458331033
32,1.24,1.24,0.8582061667578909,4.504960413555512,1,17.714285714285715,17.714285714285715,0.136223201072681,0.715073081516748,1.177142857142857,1.177142857142857,0.0732130643232174,0.4233420611671198,data31.csv,1.1934452473628168,1.0883883138000503,1.1873484861961507,1.0847440462039684
33,1.28,1.28,0.9421652983032294,4.774059366143641,1,18.285714285714285,18.285714285714285,0.1495500473497189,0.7577872009751812,1.1828571428571428,1.1828571428571428,0.0816730330559923,0.4556379942642312,data32.csv,1.1998607786339668,1.0919491874373608,1.1943662551891758,1.0881147275186973
34,1.32,1.32,1.0356182266009852,5.057706160692054,1,18.857142857142858,18.857142857142858,0.1643838454922198,0.8028105016971514,1.1885714285714286,1.1885714285714286,0.0914487410053912,0.4907567167620635,data33.csv,1.2042660770796196,1.0942722859118208,1.2003420788134531,1.0912434626429
35,1.36,1.36,1.132818253968254,5.337634112185378,1,19.428571428571427,19.428571428571427,0.1798124212648022,0.847243509870695,1.1942857142857144,1.1942857142857144,0.1019049537652438,0.5269675137872406,data34.csv,1.210411412751579,1.097863422929462,1.2071633964424686,1.0947896709528693
36,1.4,1.4,1.2395471487360377,5.649517570517743,1,20.0,20.0,0.1967535156723869,0.896748820717102,1.2,1.2,0.1136022344465906,0.5663808106484761,data35.csv,1.2163749265010648,1.1011719379249494,1.2123194582121388,1.0979956741391101
37,1.44,1.44,1.3492873015873017,5.967471160626738,1,20.571428571428573,20.571428571428573,0.2141725875535399,0.9472176445439268,1.2057142857142855,1.2057142857142855,0.1260178842929253,0.6082392849976258,data36.csv,1.2219754475760902,1.104414131855208,1.2184827961220364,1.1009770102067704
38,1.48,1.48,1.4727243386243385,6.292902820609604,1,21.142857142857142,21.142857142857142,0.2337657680356093,0.998873463588826,1.2114285714285713,1.2114285714285713,0.1404160836224328,0.6520253362099536,data37.csv,1.2258351057035402,1.1067265475951953,1.2239295976571702,1.1043733522353383
39,1.52,1.52,1.5958500957854405,6.618539308173067,1,21.714285714285715,21.714285714285715,0.253309539013562,1.050561794948106,1.217142857142857,1.217142857142857,0.1555191350060671,0.6981556145552781,data38.csv,1.231013959738981,1.109923142055257,1.228663153860206,1.1069960538520272
40,1.56,1.56,1.7293772486772483,6.9517992264609125,1,22.285714285714285,22.285714285714285,0.2745043251868648,1.1034601946763354,1.2228571428571429,1.2228571428571429,0.1724517264547368,0.7472173665078913,data39.csv,1.2360179363126929,1.1127342281132266,1.2342491891510439,1.110371081143776
41,1.6,1.6,1.8779742747673784,7.325827209926051,1,22.857142857142858,22.857142857142858,0.2980911547249807,1.162829715861278,1.2285714285714286,1.2285714285714286,0.1918941958222199,0.8025324065663493,data40.csv,1.2411844284470768,1.1153147356812216,1.2400054231164166,1.1129709131428775
42,1.64,1.64,2.043057744937056,7.752938793588848,1,23.428571428571427,23.428571428571427,0.324294880148739,1.2306252053315632,1.2342857142857142,1.2342857142857142,0.2144363645841478,0.8647265069512405,data41.csv,1.2448742201682346,1.1168841276780428,1.2451059349703861,1.1155139128255709
43,1.68,1.68,2.206295767195768,8.170522950424775,1,24.0,24.0,0.3502056773326615,1.2969084048293296,1.24,1.24,0.2387977450239355,0.931125220236935,data42.csv,1.2501120560586207,1.119319895237535,1.2495299482295203,1.1183075178999775
44,1.72,1.72,2.379757252326218,8.612318100740104,1,24.571428571428573,24.571428571428573,0.377739246400987,1.367034619165096,1.2457142857142858,1.2457142857142858,0.2658651749333194,1.0040212364414842,data43.csv,1.25496077831338,1.1209767253671843,1.2545149043877875,1.119997143893451
45,1.76,1.76,2.5553624338624337,9.048876532032155,1,25.142857142857142,25.142857142857142,0.4056130847400688,1.4363296082590722,1.2514285714285711,1.2514285714285711,0.2950613663941523,1.0828485332610365,data44.csv,1.2583673988509656,1.1222036090322145,1.2589354926213001,1.1218635779062065
46,1.8,1.8,2.7438634373289545,9.51077402883712,1,25.714285714285715,25.714285714285715,0.4355338789411039,1.5096466712439875,1.2571428571428571,1.2571428571428571,0.3291982893767695,1.1720861101738165,data45.csv,1.2630126946972888,1.1236862292473262,1.2635830055431432,1.1238851614707845
47,1.84,1.84,2.9255407772304323,9.921173595540209,1,26.285714285714285,26.285714285714285,0.4643715519413384,1.5747894596095569,1.262857142857143,1.262857142857143,0.3652791244211604,1.2682000129294642,data46.csv,1.26733286167305,1.1250093108387276,1.267113229283503,1.1249333857366364
48,1.88,1.88,3.1224592592592595,10.350231220219433,1,26.857142857142858,26.857142857142858,0.4956284538506761,1.6428938444792751,1.268571428571429,1.268571428571429,0.4073986310573612,1.378711402703208,data47.csv,1.2717162235751849,1.1263222467039158,1.2713568530006685,1.126100653414083
49,1.92,1.92,3.3189262506841817,10.762857397615551,1,27.428571428571427,27.428571428571427,0.5268136905847908,1.7083900631135798,1.2742857142857142,1.2742857142857142,0.4552010209873647,1.504350963311839,data48.csv,1.274691869879821,1.1268312326086958,1.2747612974009965,1.1269754836084043
50,1.96,1.96,3.531693650793651,11.177883822842524,1,28.0,28.0,0.56058629377677,1.7742672734670677,1.28,1.28,0.5117872042814572,1.648723140647379,data49.csv,1.2791433010033213,1.1281010792708277,1.279024608262989,1.128152261604773
51,2.0,2.0,3.507733716475096,11.052525798776903,1,28.571428571428573,28.571428571428573,0.5567831295992216,1.7543691744090324,1.2857142857142858,1.2857142857142858,0.5567831295992216,1.7543691744090324,data50.csv,1.281284803414767,1.1289895329287496,1.281284803414767,1.1289895329287496
52,1.96,1.96,2.9168251231527096,9.596027749314448,1,28.0,28.0,0.4629881147861444,1.5231790078276903,1.28,1.28,0.5117872042814572,1.648723140647379,data51.csv,1.278905915522657,1.1282034439387183,1.279024608262989,1.128152261604773
53,1.92,1.92,2.416606613756614,8.19196474011362,1,27.428571428571427,27.428571428571427,0.3835883513899387,1.3003118635100983,1.2742857142857142,1.2742857142857142,0.4552010209873647,1.504350963311839,data52.csv,1.274830724922172,1.127119734608113,1.2747612974009965,1.1269754836084043
54,1.88,1.88,2.010763492063492,7.021532453840989,1,26.857142857142858,26.857142857142858,0.3191688082640463,1.1145289609271412,1.268571428571429,1.268571428571429,0.4073986310573612,1.378711402703208,data53.csv,1.270997482426152,1.12587906012425,1.2713568530006685,1.126100653414083
55,1.84,1.84,1.6769761904761904,6.058146567371041,1,26.285714285714285,26.285714285714285,0.2661866969009825,0.9616105662493716,1.262857142857143,1.262857142857143,0.3652791244211604,1.2682000129294642,data54.csv,1.266893596893956,1.124857460634545,1.267113229283503,1.1249333857366364
56,1.8,1.8,1.4040350088183422,5.257510959352962,1,25.714285714285715,25.714285714285715,0.2228626998124352,0.8345255491036448,1.2571428571428571,1.2571428571428571,0.3291982893767695,1.1720861101738165,data55.csv,1.2641533163889975,1.124084093694243,1.2635830055431432,1.1238851614707845
57,1.76,1.76,1.1624107827038863,4.5950149870569055,1,25.142857142857142,25.142857142857142,0.1845096480482359,0.729367458263001,1.2514285714285711,1.2514285714285711,0.2950613663941523,1.0828485332610365,data56.csv,1.2595035863916346,1.1215235467801985,1.2589354926213001,1.1218635779062065
58,1.72,1.72,0.9701439518336072,4.038349478422598,1,24.571428571428573,24.571428571428573,0.1539911034656519,0.6410078537178726,1.2457142857142858,1.2457142857142858,0.2658651749333194,1.0040212364414842,data57.csv,1.2540690304621949,1.1190175624197176,1.2545149043877875,1.119997143893451
59,1.68,1.68,0.80255582010582,3.561654824560605,1,24.0,24.0,0.1273898127152095,0.5653420356445404,1.24,1.24,0.2387977450239355,0.931125220236935,data58.csv,1.24894784040042,1.11729514056242,1.2495299482295203,1.1183075178999775
60,1.64,1.64,0.6588404488232075,3.142615193996783,1,23.428571428571427,23.428571428571427,0.1045778490195567,0.4988278085709179,1.2342857142857142,1.2342857142857142,0.2144363645841478,0.8647265069512405,data59.csv,1.245337649772538,1.114143697973099,1.2451059349703861,1.1155139128255709
61,1.6,1.6,0.5398925925925926,2.7860811128099496,1,22.857142857142858,22.857142857142858,0.0856972369194591,0.4422350972714206,1.2285714285714286,1.2285714285714286,0.1918941958222199,0.8025324065663493,data60.csv,1.2388264177857566,1.1106270906045337,1.2400054231164166,1.1129709131428775
62,1.56,1.56,0.4435145046524357,2.463139591538517,1,22.285714285714285,22.285714285714285,0.0703991277226088,0.3909745383394471,1.2228571428571429,1.2228571428571429,0.1724517264547368,0.7472173665078913,data61.csv,1.2324804419893949,1.108007934174325,1.2342491891510439,1.110371081143776
63,1.52,1.52,0.3636910052910053,2.178221435223436,1,21.714285714285715,21.714285714285715,0.0577287309985722,0.3457494341624501,1.217142857142857,1.217142857142857,0.1555191350060671,0.6981556145552781,data62.csv,1.2263123479814306,1.1040689656487972,1.228663153860206,1.1069960538520272
64,1.48,1.48,0.296518315018315,1.922616415635812,1,21.142857142857142,21.142857142857142,0.0470663992092563,0.3051772088310813,1.2114285714285713,1.2114285714285713,0.1404160836224328,0.6520253362099536,data63.csv,1.2220240896108003,1.1020201568754813,1.2239295976571702,1.1043733522353383
65,1.44,1.44,0.2385380405035577,1.696343830343347,1,20.571428571428573,20.571428571428573,0.0378631810323107,0.2692609254513249,1.2057142857142855,1.2057142857142855,0.1260178842929253,0.6082392849976258,data64.csv,1.2149901446679825,1.097539888558333,1.2184827961220364,1.1009770102067704
66,1.4,1.4,0.1918410052910052,1.486880643653056,1,20.0,20.0,0.0304509532207944,0.2360128005798501,1.2,1.2,0.1136022344465906,0.5663808106484761,data65.csv,1.2082639899232126,1.094819410353271,1.2123194582121388,1.0979956741391101
67,1.36,1.36,0.1511841634738186,1.3021565615338535,1,19.428571428571427,19.428571428571427,0.0239974862656854,0.2066915177037863,1.1942857142857144,1.1942857142857144,0.1019049537652438,0.5269675137872406,data66.csv,1.203915380133358,1.0917159189762764,1.2071633964424686,1.0947896709528693
68,1.32,1.32,0.1166359100669445,1.1258284705099468,1,18.857142857142858,18.857142857142858,0.0185136365185626,0.1787029318269757,1.1885714285714286,1.1885714285714286,0.0914487410053912,0.4907567167620635,data67.csv,1.1964180805472866,1.0882146393739789,1.2003420788134531,1.0912434626429
69,1.28,1.28,0.0869149182022745,0.9669793615856724,1,18.285714285714285,18.285714285714285,0.0137960187622657,0.1534887875532813,1.1828571428571428,1.1828571428571428,0.0816730330559923,0.4556379942642312,data68.csv,1.1888717317443849,1.0842802676000338,1.1943662551891758,1.0881147275186973
70,1.24,1.24,0.0642784437146506,0.8291495571501978,1,17.714285714285715,17.714285714285715,0.010202927573754,0.1316110408174917,1.177142857142857,1.177142857142857,0.0732130643232174,0.4233420611671198,data69.csv,1.1812517250294847,1.0810997786078862,1.1873484861961507,1.0847440462039684
71,1.2,1.2,0.0442555555555555,0.7048522642501149,1,17.142857142857142,17.142857142857142,0.0070246913580246,0.1118813117857325,1.1714285714285717,1.1714285714285717,0.0653520343003101,0.3927264862809573,data70.csv,1.1766426616200103,1.0792508373705112,1.1811905923237005,1.0823371458331033
72,1.16,1.16,0.0265557119399483,0.5861371922791725,1,16.57142857142857,16.57142857142857,0.0042151923714203,0.0930376495681226,1.1657142857142857,1.1657142857142857,0.0595625053524419,0.3733383440239159,data71.csv,1.1686899602200136,1.0753587724126927,1.1741553650905527,1.0793767831633332
73,1.12,1.12,0.0134661375661375,0.4850796552152031,1,16.000000000000004,16.000000000000004,0.0021374821533551,0.0769967706690798,1.16,1.16,0.0545149806836314,0.3544542720129553,data72.csv,1.1607173678319629,1.0722319635370514,1.1640737476116856,1.0768702672534038
74,1.08,1.08,0.0038917989417989,0.3885118836766736,1,15.428571428571429,15.428571428571429,0.0006177458637776,0.0616685529645513,1.1542857142857144,1.1542857142857144,0.0491107730022617,0.3302933566994737,data73.csv,1.1531687266391994,1.0686153798351623,1.1561492788064307,1.0735307871905517
75,1.04,1.04,-0.0057298752834467,0.3049092200230311,1,14.857142857142858,14.857142857142858,-0.0009095040132455,0.0483982888925446,1.1485714285714286,1.1485714285714286,0.0455009955542151,0.3169197430189327,data74.csv,1.1485389516682505,1.066734502011194,1.1487936121107176,1.07182600504682
76,1.0,1.0,-0.0150244278213626,0.2296332505616815,1,14.285714285714286,14.285714285714286,-0.0023848298129146,0.036449722311378,1.1428571428571428,1.1428571428571428,0.0429785769470742,0.3095235218194663,data75.csv,1.140425146684077,1.0636991369271156,1.1422185923914845,1.069623602957862
77,0.96,0.96,-0.0232627865961199,0.1580455274907677,1,13.714285714285714,13.714285714285714,-0.0036925058089079,0.0250865916652012,1.137142857142857,1.137142857142857,0.0381876404053014,0.2872484969203516,data76.csv,1.1326882703440817,1.061086865381252,1.1352134074346845,1.0663985238761888
78,0.92,0.92,-0.027200209815727,0.1043623113796017,1,13.142857142857142,13.142857142857142,-0.0043174936215439,0.0165654462507304,1.1314285714285717,1.1314285714285717,0.0343809596209706,0.266468349090169,data77.csv,1.1282461860102229,1.059666201681379,1.1300846490721135,1.0641251934134321
79,0.88,0.88,-0.0310978835978835,0.062484868668592,1,12.571428571428571,12.571428571428571,-0.004936171999664,0.0099182331219987,1.1257142857142857,1.1257142857142857,0.0307065815592186,0.2475145008348628,data78.csv,1.1194979860843333,1.057517332043829,1.1225362542731645,1.061099389412167
80,0.84,0.84,-0.035923553371966,0.0278779071497632,1,12.0,12.0,-0.0057021513288834,0.0044250646269465,1.12,1.12,0.0272943779902712,0.2300750273193786,data79.csv,1.11075480204761,1.0561106565944232,1.116093364848207,1.0591066045282491
81,0.8,0.8,-0.0395836356764928,0.0106336880275589,1,11.428571428571429,11.428571428571429,-0.0062831167740464,0.0016878869885014,1.1142857142857143,1.1142857142857143,0.0238844665823515,0.2132755621183136,data80.csv,1.1023619041169488,1.054976170745923,1.1090382069036462,1.0567167059642546
82,0.76,0.76,-0.0403059569421638,-0.0102199950730576,1,10.857142857142858,10.857142857142858,-0.0063977709432006,-0.0016222214401678,1.1085714285714283,1.1085714285714283,0.0212229252279881,0.1969969417560942,data81.csv,1.0982169440882716,1.053939667672794,1.1039420806656441,1.0544363707457962
83,0.72,0.72,-0.0427375850340136,-0.0346249239813616,1,10.285714285714286,10.285714285714286,-0.0067837436561926,-0.0054960196795812,1.1028571428571428,1.1028571428571428,0.0186167336575206,0.1808325465633788,data82.csv,1.0908272443316387,1.0529167793029146,1.0965242032386935,1.0521075668602706
84,0.68,0.68,-0.046795283055751,-0.0545697958761516,1,9.714285714285714,9.714285714285714,-0.007427822707262,-0.0086618723612939,1.0971428571428572,1.0971428571428572,0.0159588108642472,0.1656720127433623,data83.csv,1.0832944849487045,1.0515369389217912,1.0906024411314628,1.0503738616018605
85,0.64,0.64,-0.0492696202265167,-0.089790171817173,1,9.142857142857142,9.142857142857142,-0.0078205746391296,-0.014252408224948,1.0914285714285714,1.0914285714285714,0.0134603653310702,0.1491952622371219,data84.csv,1.0757467676241863,1.050855375068868,1.0837733593147822,1.048050710949006
86,0.6,0.6,-0.0486795292829775,-0.1185696641837514,1,8.571428571428571,8.571428571428571,-0.0077269094099964,-0.0188205816164684,1.0857142857142856,1.0857142857142856,0.0118571057779068,0.1345243260696746,data85.csv,1.0716160458086297,1.0494553743766657,1.0787741651866471,1.0454799909951824
87,0.56,0.56,-0.049322459405218,-0.1439368672146552,1,8.000000000000002,8.000000000000002,-0.007828961810352,-0.022847121780104,1.08,1.08,0.0100657618091937,0.1197735297686898,data86.csv,1.0642687690525408,1.0485004273980372,1.0727633601545263,1.0439111546657087
88,0.52,0.52,-0.0532132640029191,-0.1724981101515013,1,7.428571428571429,7.428571428571429,-0.0084465498417331,-0.0273806524050002,1.0742857142857145,1.0742857142857145,0.0080994964153635,0.1057551034856879,data87.csv,1.057746921411177,1.0471856503772714,1.06662495878839,1.041506964343498
89,0.48,0.48,-0.0563413991769547,-0.202586050085271,1,6.857142857142857,6.857142857142857,-0.0089430792344372,-0.0321565158865509,1.0685714285714285,1.0685714285714285,0.0063282362318183,0.0913584876401722,data88.csv,1.054889110167353,1.0476144541544063,1.0620800753754058,1.0400510489609627
90,0.44,0.44,-0.0563074803867907,-0.227487700531623,1,6.285714285714286,6.285714285714286,-0.0089376952994905,-0.0361091588145433,1.062857142857143,1.062857142857143,0.0051008324572911,0.0784485421051263,data89.csv,1.0496645310575088,1.046759431665046,1.0569139171108177,1.0378161582101209
91,0.4,0.4,-0.0579603174603174,-0.2486411908601629,1,5.714285714285714,5.714285714285714,-0.0092000503905265,-0.0394668556920893,1.0571428571428572,1.0571428571428572,0.0037908163265306,0.0656840739413529,data90.csv,1.0447321994314014,1.0458794336249169,1.052087885842047,1.036142984569457
92,0.36,0.36,-0.0615238095238095,-0.2751319320164143,1,5.142857142857143,5.142857142857143,-0.0097656840513983,-0.0436717352407006,1.0514285714285714,1.0514285714285714,0.0023349927455017,0.0540259096252598,data91.csv,1.0406968263088772,1.0456822561795345,1.0473264470962125,1.0345638474814463
93,0.32,0.32,-0.0645022532384601,-0.2923764444199719,1,4.571428571428571,4.571428571428571,-0.0102384528949936,-0.0464089594317415,1.0457142857142858,1.0457142857142858,0.0010665970176916,0.0424300497924775,data92.csv,1.0384382193886803,1.0461164530600628,1.0432648412802643,1.0329834430538223
94,0.28,0.28,-0.0651960317460317,-0.3094613267856579,1,4.000000000000001,4.000000000000001,-0.010348576467624,-0.049120845521533,1.04,1.04,0.0002466960694147,0.0316101871928344,data93.csv,1.0343053070139212,1.046912476642245,1.0391355318541047,1.0322668413721359
95,0.24,0.24,-0.0669422550629447,-0.3268137818869373,1,3.4285714285714284,3.4285714285714284,-0.0106257547718959,-0.051875203474117,1.0342857142857145,1.0342857142857145,-0.0005625264519236,0.0216519346702835,data94.csv,1.0307683103038032,1.048133543015612,1.0350134274939662,1.0314345392860647
96,0.2,0.2,-0.070771164021164,-0.3453435772280059,1,2.857142857142857,2.857142857142857,-0.0112335180985974,-0.0548164408298422,1.0285714285714285,1.0285714285714285,-0.001653675178032,0.0111282038276747,data95.csv,1.0277820128949964,1.0491465089033938,1.0305084719357342,1.0305484488739414
97,0.16,0.16,-0.074934634331186,-0.3606916289211715,1,2.2857142857142856,2.2857142857142856,-0.0118943864017755,-0.057252639511297,1.022857142857143,1.022857142857143,-0.0028112764532363,0.0016930330922168,data96.csv,1.026597415848342,1.049543531594718,1.0270947342801235,1.0293837947054152
98,0.12,0.12,-0.0765385487528344,-0.3796049633748639,1,1.7142857142857142,1.7142857142857142,-0.0121489759925133,-0.0602547560912482,1.0171428571428571,1.0171428571428571,-0.0035453150669743,-0.0083637450145621,data97.csv,1.0228140443669471,1.051103299981103,1.0227935976049056,1.0291787615850585
99,0.08,0.08,-0.0806780423280423,-0.4001363978306777,1,1.1428571428571428,1.1428571428571428,-0.0128060384647686,-0.0635137139413774,1.0114285714285711,1.0114285714285711,-0.0044813142370614,-0.0190176544415991,data98.csv,1.019807776050934,1.0530753314403898,1.0181403336449737,1.0293287627020165
100,0.04,0.04,-0.0860031961060286,-0.4033749214628517,1,0.5714285714285714,0.5714285714285714,-0.0136513009692108,-0.0640277653115637,1.0057142857142858,1.0057142857142858,-0.005722000470808,-0.0253718055948866,data99.csv,1.0180165258344334,1.054120277773738,1.0141725152325525,1.0292730826428356
101,0.0,0.0,-0.0818111314611314,-0.3710605559141202,2,0.0,0.0,-0.0129858938827192,-0.0588985009387492,1.0,1.0,-0.0129858938827192,-0.0588985009387492,data100.csv,1.015047687943753,1.05415557097002,1.015047687943753,1.05415557097002
102,0.03,0.04,-0.0495250684181718,-0.2427630943786979,2,0.4285714285714285,0.5714285714285714,-0.0078611219711383,-0.0385338245045552,1.0042857142857142,1.0057142857142858,-0.0105556837038774,-0.0537430587719719,data101.csv,1.0186291470082245,1.0528994733117742,1.0182823763443924,1.055936153168429
103,0.06,0.08,-0.0314122303622303,-0.1434919197531813,2,0.8571428571428571,1.1428571428571428,-0.0049860683114651,-0.0227764951989176,1.008571428571429,1.0114285714285711,-0.0086128702932053,-0.0452389562234813,data102.csv,1.0205500593208516,1.0515148153423133,1.0203436790329694,1.0556010635272073
104,0.09,0.12,-0.0218862401282352,-0.0741017698975247,2,1.2857142857142858,1.7142857142857142,-0.0034740063695611,-0.0117621856980197,1.012857142857143,1.0171428571428571,-0.0074904930286898,-0.0380510982650072,data103.csv,1.0214763525808173,1.0503798568831466,1.0211948453195054,1.0541722515914196
105,0.12,0.16,-0.0157047619047619,-0.0270056349086152,2,1.7142857142857142,2.2857142857142856,-0.0024928193499622,-0.0042866087156532,1.0171428571428571,1.022857142857143,-0.00680938697318,-0.0326814759977335,data104.csv,1.0243632941131051,1.0495532774091527,1.023293578554544,1.0529068295327662
106,0.15,0.2,-0.0115106732348111,-0.0014764483007086,2,2.142857142857143,2.857142857142857,-0.0018270909896525,-0.0002343568731283,1.0214285714285714,1.0285714285714285,-0.0063165580043365,-0.0288872483379513,data105.csv,1.026452119447046,1.0478691128934288,1.0243278483914713,1.0517974269066581
107,0.18,0.24,-0.0069122222222222,0.0149836599463874,2,2.571428571428572,3.4285714285714284,-0.0010971781305114,0.0023783587216487,1.0257142857142858,1.0342857142857145,-0.0056717888347335,-0.0262192035832761,data106.csv,1.030229710999168,1.0465581816178535,1.0271677144943498,1.05033969409134
108,0.21,0.28,-0.0038169038496624,0.047193349011595,2,3.0,4.000000000000001,-0.0006058577539146,0.0074910077796182,1.03,1.04,-0.0051711909540316,-0.0219577256686826,data107.csv,1.0313301813274842,1.0450765159352091,1.0286476603243928,1.0491107023331403
109,0.24,0.32,-0.0012417989417989,0.0797652259716374,2,3.4285714285714284,4.571428571428571,-0.0001971109431426,0.0126611469796249,1.0342857142857145,1.0457142857142858,-0.0048140010367705,-0.0183296582213996,data108.csv,1.034517886924802,1.043597234620355,1.0314009576960292,1.0480288405401343
110,0.27,0.36,0.0023981937602627,0.1161516624816288,2,3.857142857142857,5.142857142857143,0.0003806656762321,0.0184367718224807,1.0385714285714285,1.0514285714285714,-0.0044585006811823,-0.0135093891618562,data109.csv,1.038072802507299,1.042161361921973,1.0333832727312116,1.0472220518605024
111,0.3,0.4,0.0057724867724867,0.1547327939098574,2,4.285714285714286,5.714285714285714,0.0009162677416645,0.0245607609380726,1.042857142857143,1.0571428571428572,-0.0039882943673255,-0.0094932499286372,data110.csv,1.0408590858085405,1.040658103831961,1.0359846618604616,1.0461920048726134
112,0.33,0.44,0.0095126984126984,0.2035065870846119,2,4.714285714285714,6.285714285714286,0.0015099521289997,0.0323026328705733,1.0471428571428572,1.062857142857143,-0.003574876992091,-0.0037970019527038,data111.csv,1.0418154719644566,1.0405924029264946,1.0378554901429313,1.046199961269286
113,0.36,0.48,0.0146470717022441,0.2651787874809054,2,5.142857142857143,6.857142857142857,0.0023249320162292,0.0420918710287151,1.0514285714285714,1.0685714285714285,-0.0030801052677958,0.0031026469475515,data112.csv,1.0459166672737172,1.0398265174760997,1.0410524567987427,1.0457265692463198
114,0.39,0.52,0.0201311087653452,0.3349999262381944,2,5.571428571428571,7.428571428571429,0.0031954140897373,0.05317459146638,1.0557142857142856,1.0742857142857145,-0.0024526610376559,0.0107396934940745,data113.csv,1.048707985863799,1.0396835016173285,1.0441121119368924,1.046398281575938
115,0.42,0.56,0.0260817551541689,0.4087836338198571,2,6.0,8.000000000000002,0.0041399611355823,0.064886291082517,1.06,1.08,-0.0017758736529946,0.018713275187687,data114.csv,1.051874832054299,1.0402228295458678,1.0475218079196922,1.0468176692985214
116,0.45,0.6,0.0316833333333333,0.4977279260938982,2,6.428571428571429,8.571428571428571,0.0050291005291005,0.0790044327133171,1.0642857142857145,1.0857142857142856,-0.001252371209385,0.0281107138006285,data115.csv,1.0542998347927004,1.0405745789409466,1.0512307352413433,1.047572511298737
117,0.48,0.64,0.0388743951833607,0.5886073155585979,2,6.857142857142857,9.142857142857142,0.0061705389179937,0.0934297326283488,1.0685714285714285,1.0914285714285714,-0.0007284944154637,0.0374773418371948,data116.csv,1.0592845930039874,1.0415950049287883,1.0553361746673091,1.0485108752107444
118,0.51,0.68,0.0487579365079365,0.6967121280467564,2,7.285714285714286,9.714285714285714,0.0077393550012597,0.1105892266740883,1.072857142857143,1.0971428571428572,0.0002328126105395,0.0483727069454667,data117.csv,1.0643877892036842,1.0431263974114766,1.0604100887185783,1.0498191243884591
119,0.54,0.72,0.0581481481481481,0.8120846483816534,2,7.714285714285714,10.285714285714286,0.0092298647854203,0.1289023251399449,1.0771428571428572,1.1028571428571428,0.001214264718233,0.0596568214437103,data118.csv,1.0663447370372494,1.04397244293521,1.0643609355233332,1.050880373784925
120,0.57,0.76,0.0686689049182891,0.9327014731151068,2,8.142857142857142,10.857142857142858,0.0108998261775062,0.1480478528754137,1.0814285714285714,1.1085714285714283,0.0022796560970675,0.0712442373077621,data119.csv,1.0722230176216954,1.0457667396704398,1.0704145305859112,1.052397169121615
121,0.6,0.8,0.0791499726327312,1.0689885720069403,2,8.571428571428571,11.428571428571429,0.0125634877194811,0.1696807257153873,1.0857142857142856,1.1142857142857143,0.0031554091106733,0.0838141849584102,data120.csv,1.078405920530794,1.0477316168771975,1.0753478643037828,1.053574097085342
122,0.63,0.84,0.0927356960408684,1.2111885443974235,2,9.0,12.0,0.0147199517525187,0.1922521499043529,1.09,1.12,0.0043668871976206,0.0966304984727645,data121.csv,1.0849705310722464,1.050742567715646,1.0811208181755658,1.055551490539219
123,0.66,0.88,0.1087641025641025,1.3523653910845763,2,9.428571428571429,12.571428571428571,0.0172641432641432,0.214661173188028,1.0942857142857143,1.1257142857142857,0.0059150665669549,0.1086467500235593,data122.csv,1.0876343756219025,1.0522774542248097,1.0854170602904,1.0567960586883638
124,0.69,0.92,0.1253716670576276,1.5150397698673104,2,9.857142857142858,13.142857142857142,0.0199002646123218,0.2404825031535413,1.0985714285714283,1.1314285714285717,0.0074946996861141,0.1240031574708314,data123.csv,1.0946591539603332,1.0556258068959563,1.0926331371421645,1.0589678177187203
125,0.72,0.96,0.1453686553548622,1.6784058687562946,2,10.285714285714286,13.714285714285714,0.023074389738867,0.2664136299613165,1.1028571428571428,1.137142857142857,0.0092350826665277,0.1400066094826866,data124.csv,1.1020901800338856,1.0586256967011043,1.0985965020979105,1.0613982052572908
126,0.75,1.0,0.1675287414965986,1.8572171232931631,2,10.714285714285714,14.285714285714286,0.0265918637296188,0.2947963687766925,1.1071428571428572,1.1428571428571428,0.011310209180674,0.1587156895225849,data125.csv,1.109009643496654,1.0615417189150322,1.1050807418006539,1.0637046844400257
127,0.78,1.04,0.1896208655876143,2.028611742382563,2,11.142857142857142,14.857142857142858,0.0300985500932721,0.3220018638702481,1.1114285714285714,1.1485714285714286,0.013489995949727,0.1776744214621715,data126.csv,1.112808315102441,1.0644743104324694,1.1100968092052068,1.0667924153887076
128,0.81,1.08,0.214428507571611,2.217020014513721,2,11.571428571428571,15.428571428571429,0.0340362710431128,0.3519079388117018,1.1157142857142857,1.1542857142857144,0.0159760290237849,0.1987511138276919,data127.csv,1.119719965598137,1.0671535909797545,1.1163335994937897,1.068667544846708
129,0.84,1.12,0.2443706744511342,2.4181078081677456,2,12.0,16.000000000000004,0.0387889959446244,0.3838266362171024,1.12,1.16,0.0190102912031848,0.2216140993303058,data128.csv,1.126675024023313,1.070884207552984,1.1228530967164514,1.0720915356982434
130,0.87,1.16,0.2759142857142856,2.6202102421900384,2,12.428571428571429,16.57142857142857,0.0437959183673469,0.4159063876492124,1.1242857142857143,1.1657142857142857,0.0223085579910976,0.2456226371347659,data129.csv,1.1330182012144123,1.074434249623104,1.129177714631835,1.0757183179085306
131,0.9,1.2,0.3081048166392994,2.820154278797261,2,12.857142857142858,17.142857142857142,0.0489055264506824,0.4476435363170255,1.1285714285714286,1.1714285714285717,0.0258451273229598,0.2698879869208336,data130.csv,1.1365424930357029,1.076312242559312,1.1341247945945137,1.078416071642748
132,0.93,1.24,0.3435806878306878,3.0322988405502627,2,13.285714285714286,17.714285714285715,0.0545366171159821,0.4813172762778194,1.1328571428571428,1.177142857142857,0.0296313723020071,0.2962823788949651,data131.csv,1.1427379651182092,1.0810591487668093,1.1396788451043793,1.081736395235517
133,0.96,1.28,0.3832515051997811,3.245114735565536,2,13.714285714285714,18.285714285714285,0.0608335722539335,0.5150975770738946,1.137142857142857,1.1828571428571428,0.0337761400856638,0.3227901439259588,data132.csv,1.1494509237254178,1.0850668675183996,1.1455329123947546,1.0856084923761837
134,0.99,1.32,0.4277575259989053,3.479022196198737,2,14.142857142857142,18.857142857142858,0.0678980199998262,0.5522257454283709,1.1414285714285717,1.1885714285714286,0.0388129765741971,0.3526143706407186,data133.csv,1.1553163718193111,1.088157710468975,1.1514563847397714,1.0886992852563184
135,1.02,1.36,0.472811111111111,3.7101404099138193,2,14.571428571428571,19.428571428571427,0.0750493827160493,0.5889111761767968,1.1457142857142857,1.1942857142857144,0.0441512765600066,0.3839797445347791,data134.csv,1.1577389185204408,1.090600692945782,1.1557504098116702,1.0917700161451074
136,1.05,1.4,0.5234272030651341,3.9592565132228006,2,15.0,20.0,0.0830836830262117,0.62845341479727,1.15,1.2,0.0503108110847574,0.417797903697208,data135.csv,1.163388227063923,1.0948773286743665,1.1608673400596956,1.0951614328745056
137,1.08,1.44,0.5791002645502645,4.218748087528073,2,15.428571428571429,20.571428571428573,0.0919206769127404,0.6696425535758846,1.1542857142857144,1.2057142857142855,0.0569594175260568,0.4535140990244005,data136.csv,1.1691826471935185,1.0988568377466,1.1666310814369694,1.0986369149373436
138,1.11,1.48,0.6392988505747127,4.490656682405614,2,15.85714285714286,21.142857142857142,0.1014760080277321,0.7128026480008912,1.1585714285714286,1.2114285714285713,0.0644526256649956,0.4919520881618568,data137.csv,1.1744952667772923,1.1029368955271994,1.172008968924586,1.1030700141129766
139,1.14,1.52,0.7037140415140415,4.761927132333561,2,16.285714285714285,21.714285714285715,0.1117006415101653,0.7558614495767557,1.1628571428571428,1.217142857142857,0.0728091438756463,0.5319544680254094,data138.csv,1.1767851002283374,1.1047416283038718,1.1749002837319162,1.1047292041107515
140,1.17,1.56,0.7697764094143404,5.060017981571066,2,16.714285714285715,22.285714285714285,0.1221867316530699,0.8031774573922329,1.1671428571428573,1.2228571428571429,0.0820231796422272,0.575988164807046,data139.csv,1.18175056557862,1.109000403014849,1.1803347232035226,1.1087618361481923
141,1.2,1.6,0.8434644225506294,5.370817808959579,2,17.142857142857142,22.857142857142858,0.133883241674703,0.8525107633269173,1.1714285714285717,1.2285714285714286,0.0922619786100902,0.6236977923175313,data140.csv,1.1866385929393402,1.1122719827896208,1.1853945183714498,1.112151039327932
142,1.23,1.64,0.92209126984127,5.710836513742521,2,17.571428571428573,23.428571428571427,0.1463636936255984,0.9064819863083368,1.1757142857142855,1.2342857142857142,0.1035022393376252,0.6759451800639678,data141.csv,1.1891223127244046,1.1149599638532763,1.188783618594785,1.1154904768601164
143,1.26,1.68,1.0020641860192354,6.072023120673472,2,18.0,24.0,0.1590578073046405,0.963813193757694,1.18,1.24,0.1160478420918936,0.733367167712762,data142.csv,1.1933495286348474,1.1180733490597017,1.1925751411483914,1.1178780997798279
144,1.29,1.72,1.0947500881834211,6.4736058181522536,2,18.428571428571427,24.571428571428573,0.1737698552672097,1.0275564790717864,1.1842857142857142,1.2457142857142858,0.1307187779042367,0.7977408913237893,data143.csv,1.1969720130759325,1.1202229859700144,1.1968569159347624,1.1205059351069173
145,1.32,1.76,1.192656814449918,6.885313559043855,2,18.857142857142858,25.142857142857142,0.1893106054682409,1.0929069141339451,1.1885714285714286,1.2514285714285711,0.1472479373188185,0.8698756857177425,data144.csv,1.201240425439236,1.121950777749683,1.201299297813172,1.1229307027564421
146,1.35,1.8,1.29186070060208,7.32709261109905,2,19.285714285714285,25.714285714285715,0.2050572540638222,1.1630305731903254,1.1928571428571428,1.2571428571428571,0.1650065594564773,0.9511237827351152,data145.csv,1.2037862721590784,1.1237981330274929,1.2036288483961863,1.124360925692236
147,1.38,1.84,1.4023309523809524,7.85729966319615,2,19.714285714285715,26.285714285714285,0.2225922146636432,1.2471904227295476,1.197142857142857,1.262857142857143,0.1854546275300242,1.048613490621749,data146.csv,1.2074440383684022,1.1251242495002476,1.207584176928725,1.1262758297784552
148,1.41,1.88,1.5228210180623976,8.447579452988599,2,20.142857142857142,26.857142857142858,0.2417176219146662,1.340885627458508,1.2014285714285715,1.268571428571429,0.2089152934937886,1.1636043522118806,data147.csv,1.2111030424391245,1.1274698383256814,1.2113122059529349,1.1275902506601132
149,1.44,1.92,1.6487434318555008,9.055766660179236,2,20.571428571428573,27.428571428571427,0.2617053066437303,1.4374232793935295,1.2057142857142855,1.2742857142857142,0.2347745349736318,1.2929747504041005,data148.csv,1.2139216347123087,1.1286875651556825,1.214445017410938,1.1289921782926562
150,1.47,1.96,1.7934343915343915,9.709451326138726,2,21.0,28.0,0.2846721256403796,1.5411827501807502,1.21,1.28,0.2658001805660535,1.4463276300892298,data149.csv,1.217543917018295,1.1296974052289683,1.2169798239614456,1.1299695751137921
151,1.5,2.0,1.831811986863711,9.846190783385318,2,21.428571428571427,28.571428571428573,0.2907638074386843,1.5628874259341774,1.2142857142857142,1.2857142857142858,0.2907638074386843,1.5628874259341774,data150.csv,1.2198098957185708,1.1315855610252987,1.2198098957185708,1.1315855610252987
152,1.47,1.96,1.5556478835978835,8.514276812985571,2,21.0,28.0,0.2469282354917275,1.3514725099977096,1.21,1.28,0.2658001805660535,1.4463276300892298,data151.csv,1.2164157309045964,1.130241744998616,1.2169798239614456,1.1299695751137921
153,1.44,1.92,1.3094157088122604,7.235715194912427,2,20.571428571428573,27.428571428571427,0.2078437633035334,1.148526221414671,1.2057142857142855,1.2742857142857142,0.2347745349736318,1.2929747504041005,data152.csv,1.214968400109567,1.12929679142963,1.214445017410938,1.1289921782926562
154,1.41,1.88,1.10951167995934,6.213835384881095,2,20.142857142857142,26.857142857142858,0.1761129650729111,0.9863230769652532,1.2014285714285715,1.268571428571429,0.2089152934937886,1.1636043522118806,data153.csv,1.2115213694667453,1.1277106629945448,1.2113122059529349,1.1275902506601132
155,1.38,1.84,0.9343973544973544,5.355230318637889,2,19.714285714285715,26.285714285714285,0.1483170403964054,0.8500365585139507,1.197142857142857,1.262857142857143,0.1854546275300242,1.048613490621749,data154.csv,1.2077243154890478,1.1274274100566628,1.207584176928725,1.1262758297784552
156,1.35,1.8,0.7872219485495348,4.657067051363399,2,19.285714285714285,25.714285714285715,0.1249558648491325,0.7392169922799047,1.1928571428571428,1.2571428571428571,0.1650065594564773,0.9511237827351152,data155.csv,1.2034714246332945,1.1249237183569791,1.2036288483961863,1.124360925692236
157,1.32,1.76,0.6626671957671958,4.075120080999701,2,18.857142857142858,25.142857142857142,0.1051852691693961,0.6468444573015399,1.1885714285714286,1.2514285714285711,0.1472479373188185,0.8698756857177425,data156.csv,1.201358170187108,1.123910627763201,1.201299297813172,1.1229307027564421
158,1.29,1.72,0.5523065134099617,3.5779294125274914,2,18.428571428571427,24.571428571428573,0.0876677005412637,0.5679253035757923,1.1842857142857142,1.2457142857142858,0.1307187779042367,0.7977408913237893,data157.csv,1.1967418187935923,1.1207888842438205,1.1968569159347624,1.1205059351069173
159,1.26,1.68,0.4601386243386243,3.1684031925073297,2,18.0,24.0,0.0730378768791467,0.5029211416678301,1.18,1.24,0.1160478420918936,0.733367167712762,data158.csv,1.1918007536619353,1.117682850499954,1.1925751411483914,1.1178780997798279
160,1.23,1.64,0.3820369458128079,2.806072755063472,2,17.571428571428573,23.428571428571427,0.060640785049652,0.4454083738195987,1.1757142857142855,1.2342857142857142,0.1035022393376252,0.6759451800639678,data159.csv,1.1884449244651658,1.1160209898669564,1.188783618594785,1.1154904768601164
161,1.2,1.6,0.3190365079365079,2.4877743742413165,2,17.142857142857142,22.857142857142858,0.0506407155454774,0.3948848213081454,1.1714285714285717,1.2285714285714286,0.0922619786100902,0.6236977923175313,data160.csv,1.1841504438035595,1.1120300958662432,1.1853945183714498,1.112151039327932
162,1.17,1.56,0.263715654077723,2.1974328949977115,2,16.714285714285715,22.285714285714285,0.0418596276313846,0.348798872221859,1.1671428571428573,1.2228571428571429,0.0820231796422272,0.575988164807046,data161.csv,1.1789188808284252,1.1085232692815357,1.1803347232035226,1.1087618361481923
163,1.14,1.52,0.2136811713191023,1.9406991647865963,2,16.285714285714285,21.714285714285715,0.0339176462411273,0.3080474864740629,1.1628571428571428,1.217142857142857,0.0728091438756463,0.5319544680254094,data162.csv,1.173015467235495,1.1047167799176312,1.1749002837319162,1.1047292041107515
164,1.11,1.48,0.1728042328042328,1.7079396284337822,2,15.85714285714286,21.142857142857142,0.0274292433022591,0.2711015283228226,1.1585714285714286,1.2114285714285713,0.0644526256649956,0.4919520881618568,data163.csv,1.1695226710718798,1.1032031326987537,1.172008968924586,1.1030700141129766
165,1.08,1.44,0.1385883962780514,1.4955295601793743,2,15.428571428571429,20.571428571428573,0.0219981581393732,0.2373856444729165,1.1542857142857144,1.2057142857142855,0.0569594175260568,0.4535140990244005,data164.csv,1.1640795156804202,1.098416992128087,1.1666310814369694,1.0986369149373436
166,1.05,1.4,0.1104890166028097,1.3049970733620209,2,15.0,20.0,0.0175379391433031,0.2071423925971461,1.15,1.2,0.0503108110847574,0.417797903697208,data165.csv,1.158346453055468,1.095445537074645,1.1608673400596956,1.0951614328745056
167,1.02,1.36,0.0834949735449735,1.1280043712243977,2,14.571428571428571,19.428571428571427,0.013253170403964,0.1790483128927615,1.1457142857142857,1.1942857142857144,0.0441512765600066,0.3839797445347791,data166.csv,1.1537619011028994,1.0929393393444324,1.1557504098116702,1.0917700161451074
168,0.99,1.32,0.0612859788359788,0.9639188738743186,2,14.142857142857142,18.857142857142858,0.009727933148568,0.1530029958530664,1.1414285714285717,1.1885714285714286,0.0388129765741971,0.3526143706407186,data167.csv,1.1475963976602317,1.0892408600436618,1.1514563847397714,1.0886992852563184
169,0.96,1.28,0.042327859879584,0.8220410779015459,2,13.714285714285714,18.285714285714285,0.0067187079173942,0.1304827107780231,1.137142857142857,1.1828571428571428,0.0337761400856638,0.3227901439259588,data168.csv,1.1416149010640917,1.0861501172339678,1.1455329123947546,1.0856084923761837
170,0.93,1.24,0.0297746031746031,0.7008591335262988,2,13.285714285714286,17.714285714285715,0.0047261274880322,0.1112474815121109,1.1328571428571428,1.177142857142857,0.0296313723020071,0.2962823788949651,data169.csv,1.1366197250905496,1.082413641704225,1.1396788451043793,1.081736395235517
171,0.9,1.2,0.0175437876299945,0.5804343564052437,2,12.857142857142858,17.142857142857142,0.0027847281952372,0.0921324375246418,1.1285714285714286,1.1714285714285717,0.0258451273229598,0.2698879869208336,data170.csv,1.1317070961533244,1.0805199007261843,1.1341247945945137,1.078416071642748
172,0.87,1.16,0.0051735449735449,0.4746349857080124,2,12.428571428571429,16.57142857142857,0.0008211976148483,0.0753388866203194,1.1242857142857143,1.1657142857142857,0.0223085579910976,0.2456226371347659,data171.csv,1.1253372280492575,1.077002386193957,1.129177714631835,1.0757183179085306
173,0.84,1.12,-0.0048410052910052,0.3742298433941087,2,12.0,16.000000000000004,-0.0007684135382547,0.0594015624435093,1.12,1.16,0.0190102912031848,0.2216140993303058,data172.csv,1.1190311694095898,1.0732988638435026,1.1228530967164514,1.0720915356982434
174,0.81,1.08,-0.0131305418719211,0.2872440197151977,2,11.571428571428571,15.428571428571429,-0.002084212995543,0.0455942888436821,1.1157142857142857,1.1542857142857144,0.0159760290237849,0.1987511138276919,data173.csv,1.1129472333894426,1.0701814987136615,1.1163335994937897,1.068667544846708
175,0.78,1.04,-0.0196469166210545,0.210085968040798,2,11.142857142857142,14.857142857142858,-0.0031185581938181,0.0333469790540949,1.1114285714285714,1.1485714285714286,0.013489995949727,0.1776744214621715,data174.csv,1.1073853033079724,1.0691105203449458,1.1100968092052068,1.0667924153887076
176,0.75,1.0,-0.0250201058201058,0.1426005646914078,2,10.714285714285714,14.285714285714286,-0.0039714453682707,0.0226350102684774,1.1071428571428572,1.1428571428571428,0.011310209180674,0.1587156895225849,data175.csv,1.1011518401046538,1.0658676499650193,1.1050807418006539,1.0637046844400257
177,0.72,0.96,-0.0290066137566137,0.0856774107255574,2,10.285714285714286,13.714285714285714,-0.0046042244058116,0.0135995890040567,1.1028571428571428,1.137142857142857,0.0092350826665277,0.1400066094826866,data176.csv,1.0951028241619352,1.0641707138134775,1.0985965020979105,1.0613982052572908
178,0.69,0.92,-0.0309384510125889,0.0474000142651665,2,9.857142857142858,13.142857142857142,-0.0049108652400934,0.0075238117881216,1.0985714285714283,1.1314285714285717,0.0074946996861141,0.1240031574708314,data177.csv,1.0906071203239958,1.0623098285414845,1.0926331371421645,1.0589678177187203
179,0.66,0.88,-0.0342342638204707,0.0165836592122721,2,9.428571428571429,12.571428571428571,-0.0054340101302334,0.0026323268590908,1.0942857142857143,1.1257142857142857,0.0059150665669549,0.1086467500235593,data178.csv,1.0831997449588977,1.0613146631519177,1.0854170602904,1.0567960586883638
180,0.63,0.84,-0.0377129173508483,0.0063557363594098,2,9.0,12.0,-0.0059861773572775,0.0010088470411761,1.09,1.12,0.0043668871976206,0.0966304984727645,data179.csv,1.0772711052788853,1.060360413362792,1.0811208181755658,1.055551490539219
181,0.6,0.8,-0.0393918178382464,-0.0129298415309716,2,8.571428571428571,11.428571428571429,-0.0062526694981343,-0.0020523557985669,1.0857142857142856,1.1142857142857143,0.0031554091106733,0.0838141849584102,data180.csv,1.0722898080767715,1.0594165772934865,1.0753478643037828,1.053574097085342
182,0.57,0.76,-0.039945238095238,-0.0350240830373029,2,8.142857142857142,10.857142857142858,-0.0063405139833711,-0.0055593782598893,1.0814285714285714,1.1085714285714283,0.0022796560970675,0.0712442373077621,data181.csv,1.0686060435501268,1.0590275985727902,1.0704145305859112,1.052397169121615
183,0.54,0.72,-0.0428484126984127,-0.0604086981909037,2,7.714285714285714,10.285714285714286,-0.0068013353489543,-0.0095886822525243,1.0771428571428572,1.1028571428571428,0.001214264718233,0.0596568214437103,data182.csv,1.062377134009417,1.0577883046346404,1.0643609355233332,1.050880373784925
184,0.51,0.68,-0.045824497615138,-0.0872160205338761,2,7.285714285714286,9.714285714285714,-0.0072737297801806,-0.0138438127831549,1.072857142857143,1.0971428571428572,0.0002328126105395,0.0483727069454667,data183.csv,1.0564323882334723,1.0565118513654417,1.0604100887185783,1.0498191243884591
185,0.48,0.64,-0.0480534248182031,-0.1163928084099432,2,6.857142857142857,9.142857142857142,-0.0076275277489211,-0.0184750489539592,1.0685714285714285,1.0914285714285714,-0.0007284944154637,0.0374773418371948,data184.csv,1.0513877563306306,1.0554267454927004,1.0553361746673091,1.0485108752107444
186,0.45,0.6,-0.0474632105715849,-0.1435329322059788,2,6.428571428571429,8.571428571428571,-0.0075338429478706,-0.0227830051120601,1.0642857142857145,1.0857142857142856,-0.001252371209385,0.0281107138006285,data185.csv,1.0481616356899863,1.0545704436565275,1.0512307352413433,1.047572511298737
187,0.42,0.56,-0.0484577631819011,-0.1729963664550015,2,6.0,8.000000000000002,-0.0076917084415716,-0.027459740707143,1.06,1.08,-0.0017758736529946,0.018713275187687,data186.csv,1.0431687837850854,1.0534125090511748,1.0475218079196922,1.0468176692985214
188,0.39,0.52,-0.0510346378398102,-0.1996797882128545,2,5.571428571428571,7.428571428571429,-0.0081007361650492,-0.0316952044782308,1.0557142857142856,1.0742857142857145,-0.0024526610376559,0.0107396934940745,data187.csv,1.0395162380099856,1.0531130615345474,1.0441121119368924,1.046398281575938
189,0.36,0.48,-0.0534563980764719,-0.2260854359417562,2,5.142857142857143,6.857142857142857,-0.0084851425518209,-0.035886577133612,1.0514285714285714,1.0685714285714285,-0.0030801052677958,0.0031026469475515,data188.csv,1.0361882463237682,1.05162662101654,1.0410524567987427,1.0457265692463198
190,0.33,0.44,-0.054556148513045,-0.2513488116886811,2,4.714285714285714,6.285714285714286,-0.0086597061131817,-0.0398966367759811,1.0471428571428572,1.062857142857143,-0.003574876992091,-0.0037970019527038,data189.csv,1.033895508321406,1.0518075196120773,1.0378554901429313,1.046199961269286
191,0.3,0.4,-0.0560249958007894,-0.2743477430106871,2,4.285714285714286,5.714285714285714,-0.0088928564763157,-0.0435472607953471,1.042857142857143,1.0571428571428572,-0.0039882943673255,-0.0094932499286372,data190.csv,1.0311102379123829,1.051725905913266,1.0359846618604616,1.0461920048726134
192,0.27,0.36,-0.0585753023431594,-0.2863699659210173,2,3.857142857142857,5.142857142857143,-0.0092976670385967,-0.0454555501461932,1.0385714285714285,1.0514285714285714,-0.0044585006811823,-0.0135093891618562,data191.csv,1.0286937429551242,1.052282741799032,1.0333832727312116,1.0472220518605024
193,0.24,0.32,-0.0594146141215106,-0.3107189195612728,2,3.4285714285714284,4.571428571428571,-0.0094308911303985,-0.0493204634224242,1.0342857142857145,1.0457142857142858,-0.0048140010367705,-0.0183296582213996,data192.csv,1.0282840284672567,1.0524604464599137,1.0314009576960292,1.0480288405401343
194,0.21,0.28,-0.0613401021711366,-0.3238606924369959,2,3.0,4.000000000000001,-0.0097365241541486,-0.0514064591169834,1.03,1.04,-0.0051711909540316,-0.0219577256686826,data193.csv,1.0259651393213014,1.0531448887310713,1.0286476603243928,1.0491107023331403
195,0.18,0.24,-0.0645523170954205,-0.3453456250956668,2,2.571428571428572,3.4285714285714284,-0.0102463995389556,-0.054816765888201,1.0257142857142858,1.0342857142857145,-0.0056717888347335,-0.0262192035832761,data194.csv,1.0241057179895314,1.0541212065648269,1.0271677144943498,1.05033969409134
196,0.15,0.2,-0.0680779576198295,-0.3625028807574784,2,2.142857142857143,2.857142857142857,-0.0108060250190205,-0.0575401398027743,1.0214285714285714,1.0285714285714285,-0.0063165580043365,-0.0288872483379513,data195.csv,1.0222035773358964,1.0557257409198872,1.0243278483914713,1.0517974269066581
197,0.12,0.16,-0.070093513957307,-0.3847809626628275,2,1.7142857142857142,2.2857142857142856,-0.0111259545963979,-0.0610763432798139,1.0171428571428571,1.022857142857143,-0.00680938697318,-0.0326814759977335,data196.csv,1.022223862995983,1.0562603816563798,1.023293578554544,1.0529068295327662
198,0.09,0.12,-0.0724939720332577,-0.4053420682415675,2,1.2857142857142858,1.7142857142857142,-0.0115069796878186,-0.0643400108319948,1.012857142857143,1.0171428571428571,-0.0074904930286898,-0.0380510982650072,data197.csv,1.0209133380581936,1.0579646462996928,1.0211948453195054,1.0541722515914196
199,0.06,0.08,-0.0771099353321575,-0.4265189286626841,2,0.8571428571428571,1.1428571428571428,-0.0122396722749456,-0.0677014172480451,1.008571428571429,1.0114285714285711,-0.0086128702932053,-0.0452389562234813,data198.csv,1.0201372987450872,1.059687311712101,1.0203436790329694,1.0556010635272073
200,0.03,0.04,-0.0834765462506841,-0.4343994461481484,2,0.4285714285714285,0.5714285714285714,-0.0132502454366165,-0.0689522930393886,1.0042857142857142,1.0057142857142858,-0.0105556837038774,-0.0537430587719719,data199.csv,1.0179356056805604,1.0589728330250838,1.0182823763443924,1.055936153168429
201,0.0,0.0,-0.0771792556102901,-0.4077134622599035,3,0.0,0.0,-0.0122506754936968,-0.064716422580937,1.0,1.0,-0.0122506754936968,-0.064716422580937,data200.csv,1.01660214724247,1.0600004795061986,1.01660214724247,1.0600004795061986
202,0.04,0.03,-0.0439556011676701,-0.3121042331594373,3,0.5714285714285714,0.4285714285714285,-0.0069770795504238,-0.0495403544697519,1.0057142857142858,1.0042857142857142,-0.0112709996727511,-0.0579605889422106,data201.csv,1.022516089871102,1.0596262791024662,1.0241762582749996,1.0588786931687078
203,0.08,0.06,-0.0238106185002736,-0.2205636395716139,3,1.1428571428571428,0.8571428571428571,-0.0037794632540116,-0.0350101015193037,1.0114285714285711,1.008571428571429,-0.009128503755087,-0.0501084114438279,data202.csv,1.027012437270319,1.058003548194541,1.02842154561085,1.0573839342611988
204,0.12,0.09,-0.0129609925196132,-0.153039565501505,3,1.7142857142857142,1.2857142857142858,-0.0020573003999386,-0.0242919945240484,1.0171428571428571,1.012857142857143,-0.0077882815961633,-0.0433026930082996,data203.csv,1.0293568615116544,1.057341751453439,1.0317709008319165,1.0564180664138059
205,0.16,0.12,-0.0057294061302681,-0.101868541197813,3,2.2857142857142856,1.7142857142857142,-0.000909429544487,-0.0161696097139385,1.022857142857143,1.0171428571428571,-0.006977251035426,-0.0379579508244275,data204.csv,1.033235874984302,1.05727045983549,1.0342437457167648,1.0559377077836913
206,0.2,0.15,4.953475643130769e-05,-0.0671592230289886,3,2.857142857142857,2.142857142857143,7.862659751001222e-06,-0.0106601941315854,1.0285714285714285,1.0214285714285714,-0.0062701965478765,-0.0337030775188692,data205.csv,1.036790167132129,1.0554019235558865,1.0379750809814445,1.0543721983006324
207,0.24,0.18,0.0054676062762269,-0.0378992347896557,3,3.4285714285714284,2.571428571428572,0.0008678740120995,-0.0060157515539136,1.0342857142857145,1.0257142857142858,-0.0055141614755736,-0.0300873543241487,data206.csv,1.040557113593079,1.053657215691286,1.0414676017398032,1.053292393249716
208,0.28,0.21,0.0088174603174603,-0.0155932160862028,3,4.000000000000001,3.0,0.0013995968757873,-0.0024751136644766,1.04,1.03,-0.0049877491652259,-0.0268375577680425,data207.csv,1.0444323058660887,1.0527975004732273,1.0451400669022788,1.0521504515694424
209,0.32,0.24,0.0131392081736909,-0.0036976835051182,3,4.571428571428571,3.4285714285714284,0.0020855885989985,-0.0005869338897013,1.0457142857142858,1.0342857142857145,-0.0044170192555524,-0.0247652028690543,data208.csv,1.0492730962001255,1.0519412911928727,1.0487383623869548,1.0514178744275038
210,0.36,0.27,0.0175818867776995,0.0068202258046618,3,5.142857142857143,3.857142857142857,0.0027907756789999,0.0010825755245494,1.0514285714285714,1.0385714285714285,-0.003793858995888,-0.022887826229174,data209.csv,1.054050047298457,1.0510187460862317,1.053414138628709,1.050375159111439
211,0.4,0.3,0.0207228243021346,0.0268285356806262,3,5.714285714285714,4.285714285714286,0.003289337190815,0.0042584977270835,1.0571428571428572,1.042857142857143,-0.003333909638781,-0.0195038054552017,data210.csv,1.058593363183517,1.0493301479874555,1.057654763284295,1.049114342193496
212,0.44,0.33,0.0224811165845648,0.0480586052397701,3,6.285714285714286,4.714285714285714,0.0035684312038991,0.0076283500380587,1.062857142857143,1.0471428571428572,-0.0031092178463552,-0.0165626351518734,data211.csv,1.0642482633481074,1.048284526544244,1.0628548445376442,1.0481803475042433
213,0.48,0.36,0.0265544973544973,0.0724660746322032,3,6.857142857142857,5.142857142857143,0.0042149995800789,0.0115025515289211,1.0685714285714285,1.0514285714285714,-0.0025666956278885,-0.0138093423849206,data212.csv,1.0697025687017745,1.0467464840792813,1.0667674946321761,1.047549635338223
214,0.52,0.39,0.0320311224489795,0.0914417816773664,3,7.428571428571429,5.571428571428571,0.0050843051506316,0.0145145685202168,1.0742857142857145,1.0557142857142856,-0.0019986087270765,-0.0108352227524051,data213.csv,1.075515096547891,1.045815403703645,1.0720005457222868,1.046968336535623
215,0.56,0.42,0.0374165501023738,0.1193517475984498,3,8.000000000000002,6.0,0.0059391349368847,0.0189447218410237,1.08,1.06,-0.001283653615649,-0.0065830505443725,data214.csv,1.080398868833244,1.04490903473047,1.076720592022945,1.0464464147316175
216,0.6,0.45,0.0406466885604816,0.1469596025315953,3,8.571428571428571,6.428571428571429,0.0064518553270605,0.0233269210367611,1.0857142857142856,1.0642857142857145,-0.0009464032830793,-0.0033294189868144,data215.csv,1.0863214323829138,1.0439586062688266,1.0813418370995032,1.0462744117275196
217,0.64,0.48,0.0448570956160241,0.1863787316394664,3,9.142857142857142,6.857142857142857,0.0071201739073054,0.0295839256570581,1.0914285714285714,1.0685714285714285,-0.0005377336560726,0.0014172828691115,data216.csv,1.0924806355798868,1.0435393231603554,1.0872935744444134,1.0462968264774088
218,0.68,0.51,0.0511735827664399,0.2295834497261417,3,9.714285714285714,7.285714285714286,0.0081227909153079,0.0364418174168478,1.0971428571428572,1.072857142857143,0.0001321108872911,0.0064260240344596,data217.csv,1.0974684526526886,1.043110579122814,1.0926738564509504,1.045934133574825
219,0.72,0.54,0.0590407218442932,0.2793853505244326,3,10.285714285714286,7.714285714285714,0.0093715431498878,0.0443468810356242,1.1028571428571428,1.0771428571428572,0.0010225974930506,0.0127044985407117,data218.csv,1.103929245712752,1.0427171120402834,1.0991412472421949,1.0466051123181292
220,0.76,0.57,0.0665892172961138,0.3379780482428576,3,10.857142857142858,8.142857142857142,0.0105697170311291,0.053647309244898,1.1085714285714283,1.0814285714285714,0.0017475988077459,0.0190335501516656,data219.csv,1.11024629426804,1.0425752402458788,1.104529122278995,1.046212019996517
221,0.8,0.6,0.0745560846560846,0.4058243456673544,3,11.428571428571429,8.571428571428571,0.0118342991517594,0.0644165628043419,1.1142857142857143,1.0857142857142856,0.0024372629899601,0.025545570585753,data220.csv,1.1160338145171205,1.0438291952083008,1.1110784748703626,1.0473954492850392
222,0.84,0.63,0.0843148148148148,0.471444536457924,3,12.0,9.0,0.0133833039388594,0.0748324661044324,1.12,1.09,0.0034064370898271,0.032525249743601,data221.csv,1.121345184475235,1.043399724930508,1.117886056177325,1.0474243344720504
223,0.88,0.66,0.0965068418171866,0.5475121123777588,3,12.571428571428571,9.428571428571429,0.0153185463201883,0.0869066845044061,1.1257142857142857,1.0942857142857143,0.0046502101570422,0.0408059000753056,data222.csv,1.1286752123916215,1.0447211336811872,1.1256449588396475,1.0484664545606606
224,0.92,0.69,0.1105445032333921,0.6342503920177964,3,13.142857142857142,9.857142857142858,0.0175467465449828,0.1006746653996502,1.1314285714285717,1.0985714285714283,0.0060419562271718,0.0488979866768121,data223.csv,1.1356015680428004,1.0448941904720015,1.1308677609718305,1.0487056598104232
225,0.96,0.72,0.1263181262543331,0.7265198887439746,3,13.714285714285714,10.285714285714286,0.0200504962308465,0.1153206172609483,1.137142857142857,1.1028571428571428,0.0075130284127274,0.0577556323586315,data224.csv,1.1407382595335271,1.0453013777932545,1.1371888208108267,1.0488492000205838
226,1.0,0.75,0.1438125342090859,0.8140027775259784,3,14.285714285714286,10.714285714285714,0.0228273863823945,0.1292067900834886,1.1428571428571428,1.1071428571428572,0.0092260629714257,0.0655459258047261,data225.csv,1.1486630298587637,1.0460184933778849,1.1453117633329297,1.0497440495934627
227,1.04,0.78,0.1626907785336356,0.919626223796944,3,14.857142857142858,11.142857142857142,0.025823933100577,0.1459724164757053,1.1485714285714286,1.1114285714285714,0.0109307865121357,0.075311959252321,data226.csv,1.1555682026419969,1.0480520085084897,1.1510423529081275,1.050720533266293
228,1.08,0.81,0.1845177887246853,1.0388758259604487,3,15.428571428571429,11.571428571428571,0.0292885378928071,0.1649009247556268,1.1542857142857144,1.1157142857142857,0.0129763275193918,0.087097842870832,data227.csv,1.1631216895669576,1.0489158587488467,1.158618670996381,1.0515487199183813
229,1.12,0.84,0.2103656273620559,1.1556851045331364,3,16.000000000000004,12.0,0.0333913694225485,0.1834420800846248,1.16,1.12,0.0153954831491679,0.0991221349306708,data228.csv,1.1685636551284262,1.0505472091897063,1.165420014508869,1.0527947894850553
230,1.16,0.87,0.2383675424192665,1.2765875287475574,3,16.57142857142857,12.428571428571429,0.037836117844328,0.2026329410710408,1.1657142857142857,1.1242857142857143,0.018220570050072,0.1123359780548387,data229.csv,1.176408857810839,1.0522585300556229,1.1734236039387933,1.0545541549097859
231,1.2,0.9,0.2690772486772487,1.4016873929222111,3,17.142857142857142,12.857142857142858,0.042710674393214,0.2224900623686049,1.1714285714285717,1.1285714285714286,0.0213640290970124,0.127344236610327,data230.csv,1.1831149230159657,1.054688351481182,1.1787812280493544,1.0560118079764247
232,1.24,0.93,0.305008122214403,1.5527901439628669,3,17.714285714285715,13.285714285714286,0.0484139876530798,0.2464746260258518,1.177142857142857,1.1328571428571428,0.02486567620115,0.1443700347361225,data231.csv,1.19089657022796,1.0571448644018056,1.186467949429698,1.058563608012864
233,1.28,0.96,0.3428131271665754,1.704190184778357,3,18.285714285714285,13.714285714285714,0.0544147820899326,0.2705063785362471,1.1828571428571428,1.137142857142857,0.0286298207661097,0.16197483978394,data232.csv,1.1959101303447564,1.0588493227115787,1.1928465528112093,1.0599035011619087
234,1.32,0.99,0.389683360700602,1.8586222819227864,3,18.857142857142858,14.142857142857142,0.0618545016985082,0.2950194098290137,1.1885714285714286,1.1414285714285717,0.0335591270565271,0.1819101784313177,data233.csv,1.203490942702101,1.0612496617019362,1.1991955001202037,1.0621464549135058
235,1.36,1.02,0.4400886243386243,2.018346105836182,3,19.428571428571427,14.571428571428571,0.069855337196607,0.3203723977517749,1.1942857142857144,1.1457142857142857,0.0392765292883558,0.2037077596536317,data234.csv,1.2106611715293745,1.062942199407418,1.2066867783099455,1.063930394754806
236,1.4,1.05,0.4976171319102353,2.1922009145381725,3,20.0,15.0,0.0789868463349579,0.3479683991330432,1.2,1.15,0.0455183664781364,0.2256834568223441,data235.csv,1.2154021079947936,1.063957021620335,1.2129455804359597,1.0656388584872885
237,1.44,1.08,0.5566018062397373,2.3670539163843025,3,20.571428571428573,15.428571428571429,0.0883494930539265,0.3757228438705242,1.2057142857142855,1.1542857142857144,0.0521165874608676,0.2492140815832249,data236.csv,1.2222374687558226,1.0663037686240249,1.220107677287635,1.0677460201536948
238,1.48,1.11,0.6246275132275132,2.539939551053404,3,21.142857142857142,15.85714285714286,0.0991472243218275,0.4031650081037149,1.2114285714285713,1.1585714285714286,0.0600660709579702,0.2740654527112726,data237.csv,1.2292236028140595,1.0687595645201462,1.2259422407117264,1.0699283122695848
239,1.52,1.14,0.7001499726327313,2.7349799731380955,3,21.714285714285715,16.285714285714285,0.1111349162909097,0.4341238052600152,1.217142857142857,1.1628571428571428,0.0692111341343689,0.3029333848571041,data238.csv,1.236180100383984,1.0710725239585754,1.2329548686931817,1.0720301646703216
240,1.56,1.17,0.788387037037037,2.9480856276525005,3,22.285714285714285,16.714285714285715,0.1251407995296884,0.467950099627381,1.2228571428571429,1.1671428571428573,0.0799885759753028,0.3334614447040264,data239.csv,1.2403191248812733,1.0732692409838955,1.2386041111427337,1.0745566912760487
241,1.6,1.2,0.8833870994905477,3.1530868688568243,3,22.857142857142858,17.142857142857142,0.1402201745223091,0.5004899791836229,1.2285714285714286,1.1714285714285717,0.0917171540981064,0.3643997274710275,data240.csv,1.2468786885119667,1.076081745560768,1.245547302546459,1.0772056299105548
242,1.64,1.23,0.98879126984127,3.3616674521350323,3,23.428571428571427,17.571428571428573,0.1569509952128999,0.533598008275402,1.2342857142857142,1.1757142857142855,0.1056543629797597,0.3984155826085801,data241.csv,1.253777955673557,1.0786205526397137,1.2511722441963324,1.079305927395798
243,1.68,1.26,1.1075719759168037,3.591071488450895,3,24.0,18.0,0.1758050755423498,0.570011347373158,1.24,1.18,0.1220636875439831,0.4368030222559086,data242.csv,1.257295000573877,1.0788158990376353,1.2563913372400324,1.0806663281658326
244,1.72,1.29,1.2356679894179896,3.838395404508857,3,24.571428571428573,18.428571428571427,0.1961377760980936,0.6092691118268028,1.2457142857142858,1.1842857142857142,0.1400088603342571,0.4772615792539887,data243.csv,1.263852832194008,1.0823479381934065,1.2626692104249617,1.0830273346484232
245,1.76,1.32,1.374231253420909,4.080294583415786,3,25.142857142857142,18.857142857142858,0.2181319449874458,0.6476658068913946,1.2514285714285711,1.1885714285714286,0.1602585555294914,0.5197904431434143,data244.csv,1.2695270535326135,1.0851009491678152,1.2688310457086827,1.085711107703238
246,1.8,1.35,1.5238333333333334,4.317287163239692,3,25.714285714285715,19.285714285714285,0.2418783068783069,0.685283676704713,1.2571428571428571,1.1928571428571428,0.1841449987402368,0.5666891846218166,data245.csv,1.2747391688317675,1.0874362107100055,1.2731114392241052,1.0878097855336764
247,1.84,1.38,1.6868297755883963,4.58281182914025,3,26.285714285714285,19.714285714285715,0.2677507580299041,0.727430449069881,1.262857142857143,1.197142857142857,0.2118285896734172,0.619130085117171,data246.csv,1.2785435066496862,1.0886283140524862,1.2781016874980708,1.08939630911922
248,1.88,1.41,1.869472751322752,4.876547883205099,3,26.857142857142858,20.142857142857142,0.2967417065591669,0.7740552195563649,1.268571428571429,1.2014285714285715,0.2436939173711204,0.676493353815872,data247.csv,1.2836908471398638,1.0921943880945002,1.283319511803345,1.0928578695708135
249,1.92,1.44,2.0630826491516148,5.160142180318371,3,27.428571428571427,20.571428571428573,0.3274734363732722,0.8190701873521226,1.2742857142857142,1.2057142857142855,0.2812871507053225,0.7388049152152858,data248.csv,1.2893192325466376,1.0949512814148996,1.287720759288019,1.0942844802315927
250,1.96,1.47,2.2689187192118223,5.4401783486954125,3,28.0,21.0,0.360145828446321,0.8635203728087957,1.28,1.21,0.3268316304810557,0.8102952296657966,data249.csv,1.292253076538053,1.0962197929255997,1.2915444998224967,1.0962129861926335
251,2.0,1.5,2.31161164021164,5.516284090256499,3,28.571428571428573,21.428571428571427,0.3669224825732761,0.8756006492470634,1.2857142857142858,1.2142857142857142,0.3669224825732761,0.8756006492470634,data250.csv,1.2955402413141333,1.098770770584971,1.2955402413141333,1.098770770584971
252,1.96,1.47,1.84915982484948,4.769541545093625,3,28.0,21.0,0.2935174325157905,0.7570700865227976,1.28,1.21,0.3268316304810557,0.8102952296657966,data251.csv,1.2908359231069404,1.0962061794596674,1.2915444998224967,1.0962129861926335
253,1.92,1.44,1.4811354497354496,4.148799751394229,3,27.428571428571427,20.571428571428573,0.2351008650373729,0.658539643078449,1.2742857142857142,1.2057142857142855,0.2812871507053225,0.7388049152152858,data252.csv,1.2861222860294006,1.093617679048286,1.287720759288019,1.0942844802315927
254,1.88,1.41,1.201070607553366,3.647268374874888,3,26.857142857142858,20.142857142857142,0.1906461281830739,0.5789314880753791,1.268571428571429,1.2014285714285715,0.2436939173711204,0.676493353815872,data253.csv,1.282948176466826,1.093521351047127,1.283319511803345,1.0928578695708135
255,1.84,1.38,0.9822104542966612,3.2182272433361057,3,26.285714285714285,19.714285714285715,0.1559064213169303,0.5108297211644612,1.262857142857143,1.197142857142857,0.2118285896734172,0.619130085117171,data254.csv,1.2776598683464555,1.090164304185954,1.2781016874980708,1.08939630911922
256,1.8,1.35,0.7963936507936509,2.8229965629951974,3,25.714285714285715,19.285714285714285,0.1264116906021668,0.4480946925389202,1.2571428571428571,1.1928571428571428,0.1841449987402368,0.5666891846218166,data255.csv,1.2714837096164429,1.0881833603573472,1.2731114392241052,1.0878097855336764
257,1.76,1.32,0.6450265462506841,2.4690650001912338,3,25.142857142857142,18.857142857142858,0.1023851660715371,0.3919150793954339,1.2514285714285711,1.1885714285714286,0.1602585555294914,0.5197904431434143,data256.csv,1.268135037884752,1.0863212662386608,1.2688310457086827,1.085711107703238
258,1.72,1.29,0.5284436507936507,2.1751004940914,3,24.571428571428573,18.428571428571427,0.0838799445704207,0.3452540466811746,1.2457142857142858,1.1842857142857142,0.1400088603342571,0.4772615792539887,data257.csv,1.2614855886559155,1.0837067311034398,1.2626692104249617,1.0830273346484232
259,1.68,1.26,0.4304304871373837,1.9126465919735527,3,24.0,18.0,0.0683222995456164,0.3035946971386593,1.24,1.18,0.1220636875439831,0.4368030222559086,data258.csv,1.2554876739061878,1.0825167572940302,1.2563913372400324,1.0806663281658326
260,1.64,1.23,0.3424537037037037,1.658368888733077,3,23.428571428571427,17.571428571428573,0.0543577307466196,0.2632331569417582,1.2342857142857142,1.1757142857142855,0.1056543629797597,0.3984155826085801,data259.csv,1.248566532719108,1.079991302151882,1.2511722441963324,1.079305927395798
261,1.6,1.2,0.2722490421455938,1.4383496972781231,3,22.857142857142858,17.142857142857142,0.0432141336739037,0.2283094757584322,1.2285714285714286,1.1714285714285717,0.0917171540981064,0.3643997274710275,data260.csv,1.2442159165809512,1.0783295142603415,1.245547302546459,1.0772056299105548
262,1.56,1.17,0.2194690202517788,1.2535285756182333,3,22.285714285714285,16.714285714285715,0.0348363524209172,0.1989727897806719,1.2228571428571429,1.1671428571428573,0.0799885759753028,0.3334614447040264,data261.csv,1.2368890974041942,1.075844141568202,1.2386041111427337,1.0745566912760487
263,1.52,1.14,0.1719103174603174,1.081980676061416,3,21.714285714285715,16.285714285714285,0.0272873519778281,0.171742964454193,1.217142857142857,1.1628571428571428,0.0692111341343689,0.3029333848571041,data262.csv,1.2297296370023794,1.072987805382068,1.2329548686931817,1.0720301646703216
264,1.48,1.11,0.1322049808429118,0.9132851531086308,3,21.142857142857142,15.85714285714286,0.0209849175941129,0.1449658973188302,1.2114285714285713,1.1585714285714286,0.0600660709579702,0.2740654527112726,data263.csv,1.2226608786093935,1.0710970600190235,1.2259422407117264,1.0699283122695848
265,1.44,1.08,0.1000671957671957,0.7730435115643323,3,20.571428571428573,15.428571428571429,0.0158836818678088,0.1227053192959257,1.2057142857142855,1.1542857142857144,0.0521165874608676,0.2492140815832249,data264.csv,1.217977885819447,1.0691882716833645,1.220107677287635,1.0677460201536948
266,1.4,1.05,0.0759142857142857,0.6514106414233636,3,20.0,15.0,0.0120498866213151,0.103398514511645,1.2,1.15,0.0455183664781364,0.2256834568223441,data265.csv,1.2104890528771255,1.067320695354242,1.2129455804359597,1.0656388584872885
267,1.36,1.02,0.0547956446946594,0.5483716657995775,3,19.428571428571427,14.571428571428571,0.0086977213801046,0.0870431215554885,1.1942857142857144,1.1457142857142857,0.0392765292883558,0.2037077596536317,data266.csv,1.2027123850905166,1.064918590102194,1.2066867783099455,1.063930394754806
268,1.32,0.99,0.0331616402116402,0.4334459663118173,3,18.857142857142858,14.142857142857142,0.005263752414546,0.0688009470336217,1.1885714285714286,1.1414285714285717,0.0335591270565271,0.1819101784313177,data267.csv,1.1949000575383064,1.0630432481250756,1.1991955001202037,1.0621464549135058
269,1.28,0.96,0.0179226144864075,0.3366927964992878,3,18.285714285714285,13.714285714285714,0.0028448594422869,0.0534433010316329,1.1828571428571428,1.137142857142857,0.0286298207661097,0.16197483978394,data268.csv,1.1897829752776623,1.0609576796122384,1.1928465528112093,1.0599035011619087
270,1.24,0.93,0.0082993979200875,0.2662722937122782,3,17.714285714285715,13.285714285714286,0.0013173647492202,0.0422654434463933,1.177142857142857,1.1328571428571428,0.02486567620115,0.1443700347361225,data269.csv,1.182039328631436,1.0599823516239224,1.186467949429698,1.058563608012864
271,1.2,0.9,0.000109517945109,0.2028499883679096,3,17.142857142857142,12.857142857142858,1.7383800810952384e-05,0.0321984108520491,1.1714285714285717,1.1285714285714286,0.0213640290970124,0.127344236610327,data270.csv,1.1744475330827433,1.0573352644716674,1.1787812280493544,1.0560118079764247
272,1.16,0.87,-0.0087883597883597,0.1388457947434115,3,16.57142857142857,12.428571428571429,-0.001394977744184,0.0220390150386367,1.1657142857142857,1.1242857142857143,0.018220570050072,0.1123359780548387,data271.csv,1.170438350066748,1.0568497797639491,1.1734236039387933,1.0545541549097859
273,1.12,0.84,-0.0163825396825396,0.0932537955933174,3,16.000000000000004,12.0,-0.0026004031242126,0.014802189776717,1.16,1.12,0.0153954831491679,0.0991221349306708,data272.csv,1.1622763738893114,1.0550423697804043,1.165420014508869,1.0527947894850553
274,1.08,0.81,-0.0210160619803476,0.058556994212035,3,15.428571428571429,11.571428571428571,-0.0033358828540234,0.0092947609860373,1.1542857142857144,1.1157142857142857,0.0129763275193918,0.087097842870832,data273.csv,1.1541156524258045,1.054181581087916,1.158618670996381,1.0515487199183813
275,1.04,0.78,-0.0249628684807256,0.0293044627823016,3,14.857142857142858,11.142857142857142,-0.0039623600763056,0.0046515020289367,1.1485714285714286,1.1114285714285714,0.0109307865121357,0.075311959252321,data274.csv,1.146516503174258,1.0533890580240963,1.1510423529081275,1.050720533266293
276,1.0,0.75,-0.0275641407691216,0.0118758876135708,3,14.285714285714286,10.714285714285714,-0.0043752604395431,0.0018850615259636,1.1428571428571428,1.1071428571428572,0.0092260629714257,0.0655459258047261,data275.csv,1.1419604968070955,1.0534696058090405,1.1453117633329297,1.0497440495934627
277,0.96,0.72,-0.0316539682539682,0.0012010789747828,3,13.714285714285714,10.285714285714286,-0.0050244394053917,0.0001906474563147,1.137142857142857,1.1028571428571428,0.0075130284127274,0.0577556323586315,data276.csv,1.1336393820881263,1.052397022247913,1.1371888208108267,1.0488492000205838
278,0.92,0.69,-0.0344158547710271,-0.0181357598899639,3,13.142857142857142,9.857142857142858,-0.0054628340906392,-0.002878692046026,1.1314285714285717,1.0985714285714283,0.0060419562271718,0.0488979866768121,data277.csv,1.1261339539008606,1.0525171291488449,1.1308677609718305,1.0487056598104232
279,0.88,0.66,-0.0379141938384549,-0.033357771428908,3,12.571428571428571,9.428571428571429,-0.0060181260061039,-0.0052948843537949,1.1257142857142857,1.0942857142857143,0.0046502101570422,0.0408059000753056,data278.csv,1.1226147052876734,1.052211775440134,1.1256449588396475,1.0484664545606606
280,0.84,0.63,-0.0413937074829932,-0.0616263896885506,3,12.0,9.0,-0.0065704297592052,-0.0097819666172302,1.12,1.09,0.0034064370898271,0.032525249743601,data279.csv,1.1144269278794148,1.051448944013593,1.117886056177325,1.0474243344720504
281,0.8,0.6,-0.0438465709825863,-0.0839501562868662,3,11.428571428571429,8.571428571428571,-0.006959773171839,-0.0133254216328359,1.1142857142857143,1.0857142857142856,0.0024372629899601,0.025545570585753,data280.csv,1.106123135223605,1.050961703361778,1.1110784748703626,1.0473954492850392
282,0.76,0.57,-0.0445694723185144,-0.0981553163318713,3,10.857142857142858,8.142857142857142,-0.0070745194156372,-0.0155802089415668,1.1085714285714283,1.0814285714285714,0.0017475988077459,0.0190335501516656,data281.csv,1.09881195028995,1.0498487997471555,1.104529122278995,1.046212019996517
283,0.72,0.54,-0.0461559934318555,-0.1193086689114653,3,10.285714285714286,7.714285714285714,-0.0073263481637865,-0.0189378839542008,1.1028571428571428,1.0771428571428572,0.0010225974930506,0.0127044985407117,data282.csv,1.0943532487716376,1.050493112595975,1.0991412472421949,1.0466051123181292
284,0.68,0.51,-0.0495089855865717,-0.14861554689195,3,9.714285714285714,7.285714285714286,-0.0078585691407256,-0.0235897693479285,1.0971428571428572,1.072857142857143,0.0001321108872911,0.0064260240344596,data283.csv,1.0878792602492122,1.0487576880268357,1.0926738564509504,1.045934133574825
285,0.64,0.48,-0.0516325396825396,-0.1685209674886617,3,9.142857142857142,6.857142857142857,-0.0081956412194507,-0.0267493599188351,1.0914285714285714,1.0685714285714285,-0.0005377336560726,0.0014172828691115,data284.csv,1.08210651330894,1.0490543297944623,1.0872935744444134,1.0462968264774088
286,0.6,0.45,-0.0525713699272812,-0.1889102817654576,3,8.571428571428571,6.428571428571429,-0.0083446618932192,-0.02998575901039,1.0857142857142856,1.0642857142857145,-0.0009464032830793,-0.0033294189868144,data285.csv,1.0763622418160927,1.0485902171862125,1.0813418370995032,1.0462744117275196
287,0.56,0.42,-0.0535905856595511,-0.2022981844575437,3,8.000000000000002,6.0,-0.0085064421681827,-0.0321108229297688,1.08,1.06,-0.001283653615649,-0.0065830505443725,data286.csv,1.073042315212646,1.0479837947327648,1.076720592022945,1.0464464147316175
288,0.52,0.39,-0.0572135924101441,-0.2279655883576704,3,7.428571428571429,5.571428571428571,-0.0090815226047847,-0.036185014025027,1.0742857142857145,1.0557142857142856,-0.0019986087270765,-0.0108352227524051,data287.csv,1.0684859948966825,1.0481212693676012,1.0720005457222868,1.046968336535623
289,0.48,0.36,-0.058894862265894,-0.246463788682203,3,6.857142857142857,5.142857142857143,-0.0093483908358561,-0.0391212362987623,1.0685714285714285,1.0514285714285714,-0.0025666956278885,-0.0138093423849206,data288.csv,1.063832420562578,1.048352786597165,1.0667674946321761,1.047549635338223
290,0.44,0.33,-0.0616572614486407,-0.2567478081533758,3,6.285714285714286,4.714285714285714,-0.0097868668966096,-0.0407536203418056,1.062857142857143,1.0471428571428572,-0.0031092178463552,-0.0165626351518734,data289.csv,1.061461425727181,1.0480761684642426,1.0628548445376442,1.0481803475042433
291,0.4,0.3,-0.0627300857507754,-0.2725764844161681,3,5.714285714285714,4.285714285714286,-0.009957156468377,-0.043266108637487,1.0571428571428572,1.042857142857143,-0.003333909638781,-0.0195038054552017,data290.csv,1.056716163385073,1.0488985363995365,1.057654763284295,1.049114342193496
292,0.36,0.27,-0.0653845101258894,-0.2952068362922539,3,5.142857142857143,3.857142857142857,-0.010378493670776,-0.0468582279828974,1.0514285714285714,1.0385714285714285,-0.003793858995888,-0.022887826229174,data291.csv,1.0527782299589612,1.049731572136646,1.053414138628709,1.050375159111439
293,0.32,0.24,-0.0687936507936508,-0.3083438726449665,3,4.571428571428571,3.4285714285714284,-0.0109196271101033,-0.0489434718484073,1.0457142857142858,1.0342857142857145,-0.0044170192555524,-0.0247652028690543,data292.csv,1.0482036285737844,1.0508944576621349,1.0487383623869548,1.0514178744275038
294,0.28,0.21,-0.0716630997993067,-0.3225600117911334,3,4.000000000000001,3.0,-0.0113750952062391,-0.0512000018716084,1.04,1.03,-0.0049877491652259,-0.0268375577680425,data293.csv,1.0458478279384689,1.0515034026656576,1.0451400669022788,1.0521504515694424
295,0.24,0.18,-0.0749460408684546,-0.3412014296946188,3,3.4285714285714284,2.571428571428572,-0.0118961969632467,-0.0541589570943839,1.0342857142857145,1.0257142857142858,-0.0055141614755736,-0.0300873543241487,data294.csv,1.0423780898865274,1.052927570808146,1.0414676017398032,1.053292393249716
296,0.2,0.15,-0.0790540112596762,-0.3574995537087647,3,2.857142857142857,2.142857142857143,-0.0125482557555041,-0.0567459609061531,1.0285714285714285,1.0214285714285714,-0.0062701965478765,-0.0337030775188692,data295.csv,1.0391599948307602,1.0533424730453784,1.0379750809814445,1.0543721983006324
297,0.16,0.12,-0.0821839569160997,-0.3764016391899744,3,2.2857142857142856,1.7142857142857142,-0.013045072526365,-0.0597462919349165,1.022857142857143,1.0171428571428571,-0.006977251035426,-0.0379579508244275,data296.csv,1.0352516164492274,1.0546049557318928,1.0342437457167648,1.0559377077836913
298,0.12,0.09,-0.0851713555920452,-0.3925743664030706,3,1.7142857142857142,1.2857142857142858,-0.0135192627923881,-0.0623133914925508,1.0171428571428571,1.012857142857143,-0.0077882815961633,-0.0433026930082996,data297.csv,1.0341849401521788,1.0554943813741726,1.0317709008319165,1.0564180664138059
299,0.08,0.06,-0.0912085288138243,-0.4108023446206189,3,1.1428571428571428,0.8571428571428571,-0.0144775442561625,-0.0652067213683522,1.0114285714285711,1.008571428571429,-0.009128503755087,-0.0501084114438279,data298.csv,1.0298306539513808,1.0567643203278567,1.02842154561085,1.0573839342611988
300,0.04,0.03,-0.0980589947089947,-0.4181991875124176,3,0.5714285714285714,0.4285714285714285,-0.0155649197950785,-0.0663808234146694,1.0057142857142858,1.0042857142857142,-0.0112709996727511,-0.0579605889422106,data299.csv,1.025836426678897,1.0581311072349495,1.0241762582749996,1.0588786931687078
301,0.0,0.0,-0.0928523809523809,-0.3901982154544727,4,0.0,0.0,-0.0147384731670445,-0.0619362246753131,1.0,1.0,-0.0147384731670445,-0.0619362246753131,data300.csv,1.024074460996949,1.0577747006934104,1.024074460996949,1.0577747006934104
302,0.02,0.04,-0.0662465790914066,-0.2691818269455563,4,0.2857142857142857,0.5714285714285714,-0.0105153300145089,-0.0427272741183422,1.002857142857143,1.0057142857142858,-0.0111849556766086,-0.0578479219658291,data301.csv,1.0242445299847889,1.0573496711642687,1.0228460037167497,1.0607182637644517
303,0.04,0.08,-0.0472608465608465,-0.1662738046529149,4,0.5714285714285714,1.1428571428571428,-0.0075017216763248,-0.0263926674052245,1.0057142857142858,1.0114285714285711,-0.0092051068192283,-0.0479255716808947,data302.csv,1.0260601534608949,1.0555721478230968,1.0239106964671327,1.0593802741085887
304,0.06,0.12,-0.0386680988870644,-0.0938998748821917,4,0.8571428571428571,1.7142857142857142,-0.0061377934741372,-0.0149047420447923,1.008571428571429,1.0171428571428571,-0.0083770476840009,-0.0406300136211039,data303.csv,1.0261525017962487,1.0544398793846093,1.0237225983148783,1.0580933121115064
305,0.08,0.16,-0.0314043878854223,-0.046514779338037,4,1.1428571428571428,2.2857142857142856,-0.0049848234738765,-0.0073832983076249,1.0114285714285711,1.022857142857143,-0.007451326081731,-0.0347864395034808,data304.csv,1.027292267399186,1.053475161866113,1.024473229021764,1.0566668032623472
306,0.1,0.2,-0.0266494252873563,-0.0103620266991817,4,1.4285714285714286,2.857142857142857,-0.0042300675059295,-0.0016447661427272,1.0142857142857142,1.0285714285714285,-0.0069224565092107,-0.0301118481274378,data305.csv,1.027680771570942,1.0518829861103935,1.0241057187520988,1.0557709572182001
307,0.12,0.24,-0.0227636054421768,0.0062044880169167,4,1.7142857142857142,3.4285714285714284,-0.0036132707051074,0.0009848393677645,1.0171428571428571,1.0342857142857145,-0.0063155658632728,-0.0272989548900214,data306.csv,1.0291864965626676,1.050734022671079,1.0251119723771414,1.054613687613026
308,0.14,0.28,-0.021023535851122,0.0261144700715765,4,2.0000000000000004,4.000000000000001,-0.0033370691827177,0.0041451539796153,1.02,1.04,-0.0060827244478037,-0.0247534223610227,data307.csv,1.0305879846463797,1.0498400442037017,1.025441212709631,1.0534811977920122
309,0.16,0.32,-0.0178253764753764,0.0534248266386263,4,2.2857142857142856,4.571428571428571,-0.0028294248373613,0.0084801312124803,1.022857142857143,1.0457142857142858,-0.0057119700342489,-0.0206268514742625,data308.csv,1.0328115498811057,1.0485472690648296,1.0269969911606749,1.0522944826710061
310,0.18,0.36,-0.0173090325018896,0.0796646600579372,4,2.571428571428572,5.142857142857143,-0.0027474654764904,0.0126451841361805,1.0257142857142858,1.0514285714285714,-0.0055965755104706,-0.0169564258617294,data309.csv,1.0334494823359734,1.047155650071378,1.0271402672711352,1.0512217484926745
311,0.2,0.4,-0.0110295566502463,0.1061978252657068,4,2.857142857142857,5.714285714285714,-0.0017507232778168,0.0168567976612233,1.0285714285714285,1.0571428571428572,-0.0048546175387992,-0.0132589795909067,data310.csv,1.035663562571956,1.0454651315138956,1.0287141149511463,1.0504315385942786
312,0.22,0.44,-0.010503557744937,0.1405087459334761,4,3.142857142857143,6.285714285714286,-0.0016672313880852,0.0223029755449962,1.0314285714285714,1.062857142857143,-0.0047074851652027,-0.0096089167709496,data311.csv,1.0360269671821138,1.0447275127238642,1.028766351230598,1.049999011606968
313,0.24,0.48,-0.0068449735449735,0.1803951378320414,4,3.4285714285714284,6.857142857142857,-0.0010865037372973,0.0286341488622287,1.0342857142857145,1.0685714285714285,-0.0043458679768203,-0.0045665947448716,data312.csv,1.0375259203333145,1.044731615958914,1.0301369992078513,1.0499663541396094
314,0.26,0.52,-0.0041707717569786,0.2348932307902704,4,3.7142857142857135,7.428571428571429,-0.0006620272630124,0.0372846398079794,1.0371428571428571,1.0742857142857145,-0.0040586737796742,0.0014845868686772,data313.csv,1.037737930287048,1.0446167248294511,1.0306086780821793,1.0501057327329422
315,0.28,0.56,0.0002074536711236,0.2940868363469715,4,4.000000000000001,8.000000000000002,3.292915414660317e-05,0.046680450213805,1.04,1.08,-0.0036103515814888,0.008657369647076,data314.csv,1.040344862730467,1.0442358904171438,1.0332817764353948,1.050362695957953
316,0.3,0.6,0.0019820105820105,0.3627735207029317,4,4.285714285714286,8.571428571428571,0.0003146048542873,0.0575830985242748,1.042857142857143,1.0857142857142856,-0.0034547115142353,0.0162317184542275,data315.csv,1.0393935082321306,1.044302957645202,1.033864572463623,1.051064682942621
317,0.32,0.64,0.0074953931764276,0.4433266955705694,4,4.571428571428571,9.142857142857142,0.0011897449486393,0.0703693167572332,1.0457142857142858,1.0914285714285714,-0.002970365881559,0.0246148537933732,data316.csv,1.041511477669964,1.0447298485039913,1.035822271171353,1.051044831828145
318,0.34,0.68,0.0118275132275132,0.5414348742131865,4,4.857142857142857,9.714285714285714,0.0018773830519862,0.0859420435259026,1.0485714285714285,1.0971428571428572,-0.0025775744160097,0.0347828826028863,data317.csv,1.0419921635411633,1.0451868846392374,1.0379784933259946,1.0522305448133373
319,0.36,0.72,0.0202094671201814,0.6381473372443888,4,5.142857142857143,10.285714285714286,0.0032078519238383,0.1012932281340299,1.0514285714285714,1.1028571428571428,-0.0016309458821741,0.0442679137193278,data318.csv,1.0453067390994326,1.0472090315203932,1.0417147576354275,1.0536002203826569
320,0.38,0.76,0.0251243764172335,0.7397908793141252,4,5.428571428571429,10.857142857142858,0.0039879962567037,0.1174271237006548,1.0542857142857145,1.1085714285714283,-0.0011228868972633,0.0544663879611855,data319.csv,1.0456452595412464,1.0475079263407745,1.0436392497372469,1.053879703450432
321,0.4,0.8,0.033891461412151,0.8666647662454773,4,5.714285714285714,11.428571428571429,0.0053795970495477,0.1375658359119805,1.0571428571428572,1.1142857142857143,-0.000280783833329,0.0667081790469757,data320.csv,1.0489151324451356,1.0502594715289997,1.046836193426338,1.0555151714555306
322,0.42,0.84,0.0417465566473502,0.9969739741362426,4,6.0,12.0,0.0066264375630714,0.1582498371644829,1.06,1.12,0.0003944150166435,0.0787707944669643,data321.csv,1.0515975296664322,1.0521479560189029,1.0497939513010848,1.0571658190468192
323,0.44,0.88,0.0518160189746396,1.1297053227569782,4,6.285714285714286,12.571428571428571,0.0082247649166094,0.1793183051995203,1.062857142857143,1.1257142857142857,0.0014423354271466,0.0907657110174876,data322.csv,1.0555109949084995,1.054502665034475,1.0539058417228717,1.0587636784841346
324,0.46,0.92,0.0601449735449735,1.273058492588682,4,6.571428571428571,13.142857142857142,0.0095468211976148,0.2020727766013781,1.0657142857142856,1.1314285714285717,0.0021508486749319,0.1030324587138716,data323.csv,1.0573222306283914,1.0562487614801523,1.0560228720276967,1.060227926342112
325,0.48,0.96,0.0726272486772486,1.4321351444048995,4,6.857142857142857,13.714285714285714,0.0115281347106743,0.2273230387944285,1.0685714285714285,1.137142857142857,0.0031470493547213,0.1183586192425338,data324.csv,1.0626512726195312,1.059372881937758,1.061197134122183,1.062617787496439
326,0.5,1.0,0.0843163656267104,1.5997291992372442,4,7.142857142857143,14.285714285714286,0.0133835500994778,0.2539252697201975,1.0714285714285714,1.1428571428571428,0.0042835640003127,0.1356189593643796,data325.csv,1.0666300460504867,1.0629627060488227,1.0657291749941926,1.0653241730189476
327,0.52,1.04,0.1007134282065316,1.76740890636409,4,7.428571428571429,14.857142857142858,0.0159862584454812,0.2805410962482683,1.0742857142857145,1.1485714285714286,0.0059963596154267,0.1535340005472123,data326.csv,1.071026943715738,1.064649685469943,1.0707517010805283,1.0670241271077154
328,0.54,1.08,0.1149660645867542,1.9448049098652391,4,7.714285714285714,15.428571428571429,0.0182485816804371,0.3086991920421014,1.0771428571428572,1.1542857142857144,0.0074721331699984,0.1732181776789039,data327.csv,1.0746266095900092,1.067749947335047,1.0738856149500715,1.0693955362034713
329,0.56,1.12,0.1332219029374201,2.127905547192033,4,8.000000000000002,16.000000000000004,0.0211463337995904,0.3377627852685767,1.08,1.16,0.0093000922378317,0.1946518560684493,data328.csv,1.0809100593315972,1.0714179686350074,1.079498616057327,1.0726597793168242
330,0.58,1.16,0.1500581847681601,2.3175056205785007,4,8.285714285714285,16.57142857142857,0.0238187594870095,0.3678580350124604,1.0828571428571427,1.1657142857142857,0.0111187313853961,0.2172395455654758,data329.csv,1.085051372807239,1.0756277485128307,1.0837180971887632,1.076381718161806
331,0.6,1.2,0.1732755701514322,2.513855897388846,4,8.571428571428571,17.142857142857142,0.0275040587541955,0.3990247456172771,1.0857142857142856,1.1714285714285717,0.0136286858415445,0.2407138040407979,data330.csv,1.0886146961593417,1.0771359981124984,1.0884053015602888,1.0786644734187902
332,0.62,1.24,0.1917060755336617,2.719453738460712,4,8.857142857142858,17.714285714285715,0.0304295357989939,0.4316593235651923,1.0885714285714283,1.177142857142857,0.0157543034668102,0.2657926533406485,data331.csv,1.0930730026349889,1.0811694398914984,1.0921210837831934,1.0816182982563756
333,0.64,1.28,0.217952262360883,2.927499506865202,4,9.142857142857142,18.285714285714285,0.0345955972001401,0.4646824614071749,1.0914285714285714,1.1828571428571428,0.0186634419625661,0.2925144714874572,data332.csv,1.0990717885778374,1.0844882955121435,1.0975001499448536,1.0850144703466595
334,0.66,1.32,0.2424679802955665,3.151301367021309,4,9.428571428571429,18.857142857142858,0.0384869809992962,0.5002065661938586,1.0942857142857143,1.1885714285714286,0.0215975889291433,0.321087650771314,data333.csv,1.1025442830366543,1.0894397420361015,1.1013916992778081,1.0892295590506758
335,0.68,1.36,0.2746715732269919,3.376955078088494,4,9.714285714285714,19.428571428571427,0.0435986624169828,0.5360246155696022,1.0971428571428572,1.1942857142857144,0.0253090096648036,0.3505836612612417,data334.csv,1.1064354446697136,1.0910319349107953,1.1046680090847554,1.091104891254746
336,0.7,1.4,0.301923544973545,3.613079114076052,4,10.0,20.0,0.047924372218023,0.573504621281913,1.1,1.2,0.0287426086654329,0.3826399705923314,data335.csv,1.110423506206996,1.095157600884313,1.1086772748600728,1.094888037550915
337,0.72,1.44,0.3382474001094691,3.865291620838189,4,10.285714285714286,20.571428571428573,0.0536900635094395,0.6135383525139982,1.1028571428571428,1.2057142857142855,0.0331194993961824,0.4174604199252924,data336.csv,1.115627301512414,1.0994549539077618,1.1136872780921854,1.099078590661236
338,0.74,1.48,0.3706455026455026,4.119982644382183,4,10.571428571428571,21.142857142857142,0.0588326194675401,0.653965499108283,1.1057142857142856,1.2114285714285713,0.0375505374989501,0.4532643907965343,data337.csv,1.117100721256804,1.101097348550287,1.1165363573886404,1.1015279667217879
339,0.76,1.52,0.4122695675971538,4.37949934409517,4,10.857142857142858,21.714285714285715,0.0654396139043101,0.6951586260468524,1.1085714285714283,1.217142857142857,0.0429749719811295,0.4914407844822825,data338.csv,1.121571133016763,1.1056003737506177,1.1201545845242293,1.105284089351981
340,0.78,1.56,0.4482609742747673,4.655550949732826,4,11.142857142857142,22.285714285714285,0.0711525355991694,0.7389763412274326,1.1114285714285714,1.2228571428571429,0.0481389596342094,0.532439641677444,data339.csv,1.1247064251849177,1.1090714401299144,1.1239984242708003,1.1085495468638356
341,0.8,1.6,0.4928978231292517,4.9518701822285545,4,11.428571428571429,22.857142857142858,0.0782377497030558,0.7860111400362785,1.1142857142857143,1.2285714285714286,0.054390920706907,0.5769205079786813,data340.csv,1.1293845044541169,1.113160352205258,1.1284507754452933,1.1126661194411396
342,0.82,1.64,0.5358584564860427,5.262991980723252,4,11.714285714285714,23.428571428571427,0.0850568978549274,0.8353955524957544,1.1171428571428572,1.2342857142857142,0.0609146054334888,0.6247801831876928,data341.csv,1.1308765041679218,1.1141949989973732,1.1310088780576104,1.1146642435203709
343,0.84,1.68,0.5900585659551176,5.60121292729424,4,12.0,24.0,0.0936600898341456,0.8890814170308318,1.12,1.24,0.0691388338647506,0.6776747536409952,data342.csv,1.1349792098291756,1.117354550982054,1.1343748073819682,1.117356262561294
344,0.86,1.72,0.6357801587301586,5.955726396744859,4,12.285714285714286,24.571428571428573,0.1009174855127235,0.9453533963087076,1.1228571428571428,1.2457142857142858,0.0769243771308924,0.7350316785998849,data343.csv,1.1372164566075869,1.1203109940695888,1.1369790596066989,1.1204130275956463
345,0.88,1.76,0.693515873015873,6.353637340973648,4,12.571428571428571,25.142857142857142,0.1100818846056941,1.0085138636466109,1.1257142857142857,1.2514285714285711,0.0864484887186036,0.8010571075478881,data344.csv,1.1409956528912288,1.1228299391894272,1.14074456103571,1.122907242904688
346,0.9,1.8,0.743289947089947,6.776810349054641,4,12.857142857142858,25.714285714285715,0.1179825312841185,1.0756841823896257,1.1285714285714286,1.2571428571428571,0.0961307424204249,0.8762211623315963,data345.csv,1.1420468418845189,1.124858506650959,1.1423459753145568,1.1251050074268214
347,0.92,1.84,0.8025908593322386,7.204634349274823,4,13.142857142857142,26.285714285714285,0.1273953744971807,1.1435927538531463,1.1314285714285717,1.262857142857143,0.1076903545581706,0.9610529016679844,data346.csv,1.145226566448378,1.1267967649347497,1.1454076682943488,1.1265060772926954
348,0.94,1.88,0.8580793650793651,7.703987125200377,4,13.428571428571429,26.857142857142858,0.1362030738221214,1.2228550992381553,1.1342857142857143,1.268571428571429,0.1194307608100711,1.06034329584271,data347.csv,1.146507537529769,1.1281709501036672,1.1473738702094787,1.127992050119023
349,0.96,1.92,0.9342350848385332,8.285073164652799,4,13.714285714285714,27.428571428571427,0.1482912833077037,1.3150909785163172,1.137142857142857,1.2742857142857142,0.1343462379417497,1.1833877391954282,data348.csv,1.1508639963694638,1.1296918963825706,1.1509369755190975,1.1296370567170988
350,0.98,1.96,1.0014997263273129,8.881355842288349,4,14.0,28.0,0.1589682105281449,1.409739022585452,1.14,1.28,0.1500009991225098,1.3229484407639382,data349.csv,1.1516771439920517,1.130716805841962,1.1519524238677405,1.1307045452171882
351,1.0,2.0,1.0315441798941798,9.025084782060944,4,14.285714285714286,28.571428571428573,0.1637371714117745,1.4325531400096736,1.1428571428571428,1.2857142857142858,0.1637371714117745,1.4325531400096736,data350.csv,1.15449252885031,1.1320043430209654,1.15449252885031,1.1320043430209654
352,0.98,1.96,0.8885128626163109,7.787794511337273,4,14.0,28.0,0.1410337877168747,1.2361578589424245,1.14,1.28,0.1500009991225098,1.3229484407639382,data351.csv,1.1522277037434296,1.1306922845924143,1.1519524238677405,1.1307045452171882
353,0.96,1.92,0.7585275132275133,6.625612349209595,4,13.714285714285714,27.428571428571427,0.1204011925757957,1.051684499874539,1.137142857142857,1.2742857142857142,0.1343462379417497,1.1833877391954282,data352.csv,1.1510099546687311,1.1295822170516268,1.1509369755190975,1.1296370567170988
354,0.94,1.88,0.6467482211275314,5.656338402417767,4,13.428571428571429,26.857142857142858,0.1026584477980208,0.8978314924472647,1.1342857142857143,1.268571428571429,0.1194307608100711,1.06034329584271,data353.csv,1.1482402028891885,1.1278131501343789,1.1473738702094787,1.127992050119023
355,0.92,1.84,0.5543076081007116,4.904632211741781,4,13.142857142857142,26.285714285714285,0.0879853346191605,0.7785130494828224,1.1314285714285717,1.262857142857143,0.1076903545581706,0.9610529016679844,data354.csv,1.1455887701403196,1.1262153896506413,1.1454076682943488,1.1265060772926954
356,0.9,1.8,0.4679574074074074,4.263576296323472,4,12.857142857142858,25.714285714285715,0.0742789535567313,0.676758142273567,1.1285714285714286,1.2571428571428571,0.0961307424204249,0.8762211623315963,data355.csv,1.1426451087445948,1.1253515082026837,1.1423459753145568,1.1251050074268214
357,0.88,1.76,0.3957350848385331,3.739682214129742,4,12.571428571428571,25.142857142857142,0.0628150928315132,0.5936003514491653,1.1257142857142857,1.2514285714285711,0.0864484887186036,0.8010571075478881,data356.csv,1.1404934691801916,1.1229845466199486,1.14074456103571,1.122907242904688
358,0.86,1.72,0.3334669931190867,3.305672753613692,4,12.285714285714286,24.571428571428573,0.0529312687490613,0.5247099608910621,1.1228571428571428,1.2457142857142858,0.0769243771308924,0.7350316785998849,data357.csv,1.136741662605811,1.1205150611217038,1.1369790596066989,1.1204130275956463
359,0.84,1.68,0.2810907407407407,2.9374889685822985,4,12.0,24.0,0.0446175778953556,0.4662680902511585,1.12,1.24,0.0691388338647506,0.6776747536409952,data358.csv,1.1337704049347606,1.1173579741405344,1.1343748073819682,1.117356262561294
360,0.82,1.64,0.2316655719759167,2.609238327441677,4,11.714285714285714,23.428571428571427,0.0367723130120502,0.4141648138796312,1.1171428571428572,1.2342857142857142,0.0609146054334888,0.6247801831876928,data359.csv,1.131141251947299,1.1151334880433683,1.1310088780576104,1.1146642435203709
361,0.8,1.6,0.1924277777777777,2.3173282183028308,4,11.428571428571429,22.857142857142858,0.0305440917107583,0.3678298759210842,1.1142857142857143,1.2285714285714286,0.054390920706907,0.5769205079786813,data360.csv,1.1275170464364697,1.112171886677021,1.1284507754452933,1.1126661194411396
362,0.78,1.56,0.1582899171162718,2.053188535402968,4,11.142857142857142,22.285714285714285,0.0251253836692494,0.3259029421274552,1.1114285714285714,1.2228571428571429,0.0481389596342094,0.532439641677444,data361.csv,1.123290423356683,1.108027653597757,1.1239984242708003,1.1085495468638356
363,0.76,1.52,0.1292150793650793,1.8126545403815904,4,10.857142857142858,21.714285714285715,0.020510330057949,0.2877229429177128,1.1085714285714283,1.217142857142857,0.0429749719811295,0.4914407844822825,data362.csv,1.1187380360316954,1.1049678049533442,1.1201545845242293,1.105284089351981
364,0.74,1.48,0.1024912698412698,1.5911486796541492,4,10.571428571428571,21.142857142857142,0.0162684555303602,0.2525632824847856,1.1057142857142856,1.2114285714285713,0.0375505374989501,0.4532643907965343,data363.csv,1.1159719935204766,1.1019585848932885,1.1165363573886404,1.1015279667217879
365,0.72,1.44,0.0790582922824302,1.394709670220496,4,10.285714285714286,20.571428571428573,0.0125489352829254,0.2213824873365866,1.1028571428571428,1.2057142857142855,0.0331194993961824,0.4174604199252924,data364.csv,1.111747254671957,1.0987022274147102,1.1136872780921854,1.099078590661236
366,0.7,1.4,0.0602333242109104,1.2081845153873236,4,10.0,20.0,0.0095608451128429,0.1917753199027498,1.1,1.2,0.0287426086654329,0.3826399705923314,data365.csv,1.1069310435131496,1.0946184742175171,1.1086772748600728,1.094888037550915
367,0.68,1.36,0.0442219485495347,1.0403990538031525,4,9.714285714285714,19.428571428571427,0.0070193569126245,0.1651427069528813,1.0971428571428572,1.1942857142857144,0.0253090096648036,0.3505836612612417,data366.csv,1.1029005734997974,1.0911778475986968,1.1046680090847554,1.091104891254746
368,0.66,1.32,0.0296616402116402,0.8944030326972471,4,9.428571428571429,18.857142857142858,0.0047081968589905,0.1419687353487694,1.0942857142857143,1.1885714285714286,0.0215975889291433,0.321087650771314,data367.csv,1.100239115518962,1.08901937606525,1.1013916992778081,1.0892295590506758
369,0.64,1.28,0.0172071063674511,0.7581828338767589,4,9.142857142857142,18.285714285714285,0.0027312867249922,0.1203464815677395,1.0914285714285714,1.1828571428571428,0.0186634419625661,0.2925144714874572,data368.csv,1.0959285113118695,1.0855406451811755,1.0975001499448536,1.0850144703466595
370,0.62,1.24,0.0067981481481481,0.6295336936314596,4,8.857142857142858,17.714285714285715,0.0010790711346266,0.0999259831161047,1.0885714285714283,1.177142857142857,0.0157543034668102,0.2657926533406485,data369.csv,1.0911691649313977,1.0820671566212527,1.0921210837831934,1.0816182982563756
371,0.6,1.2,-0.0015541285479709,0.5191380335252084,4,8.571428571428571,17.142857142857142,-0.0002466870711064,0.0824028624643188,1.0857142857142856,1.1714285714285717,0.0136286858415445,0.2407138040407979,data370.csv,1.088195906961236,1.0801929487250823,1.0884053015602888,1.0786644734187902
372,0.58,1.16,-0.0099621693121693,0.4197126535464954,4,8.285714285714285,16.57142857142857,-0.0015812967162173,0.0666210561184913,1.0828571428571427,1.1657142857142857,0.0111187313853961,0.2172395455654758,data371.csv,1.0823848215702874,1.0771356878107814,1.0837180971887632,1.076381718161806
373,0.56,1.12,-0.0160407407407407,0.3247078392704291,4,8.000000000000002,16.000000000000004,-0.002546149323927,0.051540926868322,1.08,1.16,0.0093000922378317,0.1946518560684493,data372.csv,1.0780871727830568,1.073901589998641,1.079498616057327,1.0726597793168242
374,0.54,1.08,-0.0208171866447728,0.2377441288889512,4,7.714285714285714,15.428571428571429,-0.0033043153404401,0.0377371633157065,1.0771428571428572,1.1542857142857144,0.0074721331699984,0.1732181776789039,data373.csv,1.073144620310134,1.0710411250718956,1.0738856149500715,1.0693955362034713
375,0.52,1.04,-0.0251592970521541,0.1671195005307858,4,7.428571428571429,14.857142857142858,-0.0039935392146276,0.0265269048461564,1.0742857142857145,1.1485714285714286,0.0059963596154267,0.1535340005472123,data374.csv,1.0704764584453186,1.069398568745488,1.0707517010805283,1.0670241271077154
376,0.5,1.0,-0.0303434592227695,0.1090696887539391,4,7.142857142857143,14.285714285714286,-0.0048164220988523,0.0173126490085617,1.0714285714285714,1.1428571428571428,0.0042835640003127,0.1356189593643796,data375.csv,1.0648283039378983,1.0676856399890724,1.0657291749941926,1.0653241730189476
377,0.48,0.96,-0.0329744268077601,0.0591834580510268,4,6.857142857142857,13.714285714285714,-0.0052340360012317,0.0093941996906391,1.0685714285714285,1.137142857142857,0.0031470493547213,0.1183586192425338,data376.csv,1.0597429956248348,1.06586269305512,1.061197134122183,1.062617787496439
378,0.46,0.92,-0.0330442802408319,0.0251504872061014,4,6.571428571428571,13.142857142857142,-0.005245123847751,0.0039921408263653,1.0657142857142856,1.1314285714285717,0.0021508486749319,0.1030324587138716,data377.csv,1.0547235134270023,1.0642070912040715,1.0560228720276967,1.060227926342112
379,0.44,0.88,-0.0336425925925926,0.0139426360633661,4,6.285714285714286,12.571428571428571,-0.0053400940623162,0.0022131168354549,1.062857142857143,1.1257142857142857,0.0014423354271466,0.0907657110174876,data378.csv,1.0523006885372437,1.0630246919337938,1.0539058417228717,1.0587636784841346
380,0.42,0.84,-0.0367769274376417,-0.0044619638524924,4,6.0,12.0,-0.0058376075297843,-0.0007082482305543,1.06,1.12,0.0003944150166435,0.0787707944669643,data379.csv,1.0479903729357372,1.0621836820747352,1.0497939513010848,1.0571658190468192
381,0.4,0.8,-0.0374293377120963,-0.0261417102535829,4,5.714285714285714,11.428571428571429,-0.0059411647162057,-0.004149477818029,1.0571428571428572,1.1142857142857143,-0.000280783833329,0.0667081790469757,data380.csv,1.0447572544075403,1.0607708713820616,1.046836193426338,1.0555151714555306
382,0.38,0.76,-0.0392727513227513,-0.0535143910031883,4,5.428571428571429,10.857142857142858,-0.0062337700512303,-0.0084943477782838,1.0542857142857145,1.1085714285714283,-0.0011228868972633,0.0544663879611855,data381.csv,1.0416332399332473,1.0602514805600896,1.0436392497372469,1.053879703450432
383,0.36,0.72,-0.0407593852355757,-0.0803716243808571,4,5.142857142857143,10.285714285714286,-0.0064697436881866,-0.0127574006953741,1.0514285714285714,1.1028571428571428,-0.0016309458821741,0.0442679137193278,data382.csv,1.0381227761714225,1.0599914092449203,1.0417147576354275,1.0536002203826569
384,0.34,0.68,-0.0443049508692365,-0.1031705534168182,4,4.857142857142857,9.714285714285714,-0.0070325318840057,-0.0163762783201298,1.0485714285714285,1.0971428571428572,-0.0025775744160097,0.0347828826028863,data383.csv,1.0339648231108258,1.0592742049874373,1.0379784933259946,1.0522305448133373
385,0.32,0.64,-0.0449220032840722,-0.1331795377740674,4,4.571428571428571,9.142857142857142,-0.0071304767117574,-0.0211396091704868,1.0457142857142858,1.0914285714285714,-0.002970365881559,0.0246148537933732,data384.csv,1.0301330646727416,1.0573598151522985,1.035822271171353,1.051044831828145
386,0.3,0.6,-0.0455113756613756,-0.1582538681796652,4,4.285714285714286,8.571428571428571,-0.007224027882758,-0.0251196616158198,1.042857142857143,1.0857142857142856,-0.0034547115142353,0.0162317184542275,data385.csv,1.0283356366951153,1.0578264082400397,1.033864572463623,1.051064682942621
387,0.28,0.56,-0.0456978835978835,-0.1850039787938135,4,4.000000000000001,8.000000000000002,-0.0072536323171243,-0.0293657109196529,1.04,1.08,-0.0036103515814888,0.008657369647076,data386.csv,1.0262186901403227,1.0564895014987623,1.0332817764353948,1.050362695957953
388,0.26,0.52,-0.0469685178669168,-0.2161874362449371,4,3.7142857142857135,7.428571428571429,-0.007455320296336,-0.0343154660706249,1.0371428571428571,1.0742857142857145,-0.0040586737796742,0.0014845868686772,data387.csv,1.0234794258773106,1.0555947406364332,1.0306086780821793,1.0501057327329422
389,0.24,0.48,-0.0479129629629629,-0.2379342316174242,4,3.4285714285714284,6.857142857142857,-0.0076052322163433,-0.037767338351972,1.0342857142857145,1.0685714285714285,-0.0043458679768203,-0.0045665947448716,data388.csv,1.022748078082388,1.0552010923203048,1.0301369992078513,1.0499663541396094
390,0.22,0.44,-0.0488107553366174,-0.2615810972474413,4,3.142857142857143,6.285714285714286,-0.0077477389423202,-0.0415208090868954,1.0314285714285714,1.062857142857143,-0.0047074851652027,-0.0096089167709496,data389.csv,1.021505735279082,1.0552705104900717,1.028766351230598,1.049999011606968
391,0.2,0.4,-0.0501386243386243,-0.2732609681111326,4,2.857142857142857,5.714285714285714,-0.0079585117997816,-0.0433747568430369,1.0285714285714285,1.0571428571428572,-0.0048546175387992,-0.0132589795909067,data390.csv,1.0217646673303364,1.0553979456746618,1.0287141149511463,1.0504315385942786
392,0.18,0.36,-0.0532078189300411,-0.2933156259157285,4,2.571428571428572,5.142857142857143,-0.0084456855444509,-0.0465580358596394,1.0257142857142858,1.0514285714285714,-0.0055965755104706,-0.0169564258617294,data391.csv,1.020831052206297,1.055287846913971,1.0271402672711352,1.0512217484926745
393,0.16,0.32,-0.0541454459561602,-0.3133231552143334,4,2.2857142857142856,4.571428571428571,-0.0085945152311365,-0.0497338341610053,1.022857142857143,1.0457142857142858,-0.0057119700342489,-0.0206268514742625,data392.csv,1.021182432440244,1.0560416962771828,1.0269969911606749,1.0522944826710061
394,0.14,0.28,-0.0556187921912059,-0.3380075918204636,4,2.0000000000000004,4.000000000000001,-0.0088283797128898,-0.0536519987016608,1.02,1.04,-0.0060827244478037,-0.0247534223610227,data393.csv,1.0202944407728824,1.0571223513803227,1.025441212709631,1.0534811977920122
395,0.12,0.24,-0.0568125244350613,-0.3501713196311871,4,1.7142857142857142,3.4285714285714284,-0.0090178610214383,-0.0555827491478074,1.0171428571428571,1.0342857142857145,-0.0063155658632728,-0.0272989548900214,data394.csv,1.0210374481916151,1.0584933525549731,1.0251119723771414,1.054613687613026
396,0.1,0.2,-0.0605735267286991,-0.3690472597065357,4,1.4285714285714286,2.857142857142857,-0.0096148455124919,-0.0585789301121485,1.0142857142857142,1.0285714285714285,-0.0069224565092107,-0.0301118481274378,data395.csv,1.0205306659332558,1.0596589283260065,1.0241057187520988,1.0557709572182001
397,0.08,0.16,-0.0624823207443897,-0.3917943584058223,4,1.1428571428571428,2.2857142857142856,-0.0099178286895856,-0.0621895806993368,1.0114285714285711,1.022857142857143,-0.007451326081731,-0.0347864395034808,data396.csv,1.021654190644342,1.0598584446585817,1.024473229021764,1.0566668032623472
398,0.06,0.12,-0.0668827019313472,-0.4180382967437182,4,0.8571428571428571,1.7142857142857142,-0.0106163018938646,-0.0663552851974155,1.008571428571429,1.0171428571428571,-0.0083770476840009,-0.0406300136211039,data397.csv,1.0212926948335077,1.0617467448384037,1.0237225983148783,1.0580933121115064
399,0.04,0.08,-0.0687234993614304,-0.4375883985263591,4,0.5714285714285714,1.1428571428571428,-0.0109084919621318,-0.0694584759565649,1.0057142857142858,1.0114285714285711,-0.0092051068192283,-0.0479255716808947,data398.csv,1.0217612394733706,1.0631884003940804,1.0239106964671327,1.0593802741085887
400,0.02,0.04,-0.0746838624338624,-0.4597019898238917,4,0.2857142857142857,0.5714285714285714,-0.0118545813387083,-0.0729685698133161,1.002857142857143,1.0057142857142858,-0.0111849556766086,-0.0578479219658291,data399.csv,1.0214474774487106,1.0640868563646348,1.0228460037167497,1.0607182637644517
401,0.0,0.0,-0.0686896551724138,-0.4296194016132678,5,0.0,0.0,-0.0109031198686371,-0.0681935558116298,1.0,1.0,-0.0109031198686371,-0.0681935558116298,data400.csv,1.0223779856850854,1.0638854387898202,1.0223779856850854,1.0638854387898202
402,0.04,0.02,-0.0390216931216931,-0.3548980645073045,5,0.5714285714285714,0.2857142857142857,-0.0061939195431258,-0.0563330261122705,1.0057142857142858,1.002857142857143,-0.0111462165112958,-0.0595675652286418,data401.csv,1.027998678963631,1.0639382530067716,1.0283832741674455,1.0594068800982828
403,0.08,0.04,-0.0192622605363984,-0.2785216921840289,5,1.1428571428571428,0.5714285714285714,-0.0030575016724441,-0.0442097924101633,1.0114285714285711,1.0057142857142858,-0.0090670215723581,-0.053690808191688,data402.csv,1.0331789037851125,1.0626378377994188,1.0322826188803307,1.058770657428664
404,0.12,0.06,-0.007743295019157,-0.2285047009984961,5,1.7142857142857142,0.8571428571428571,-0.0012290944474852,-0.0362705874600787,1.0171428571428571,1.008571428571429,-0.007776279094013,-0.0479889082401129,data403.csv,1.0378170606727646,1.0626926735821742,1.036341464111704,1.0577990593332607
405,0.16,0.08,0.0007017879948914,-0.1805895475108865,5,2.2857142857142856,1.1428571428571428,0.000111394919824,-0.0286650075414105,1.022857142857143,1.0114285714285711,-0.0068150718354604,-0.0435819662413857,data404.csv,1.0421134848566211,1.0609616285727077,1.041045593255919,1.0571463529499705
406,0.2,0.1,0.0069038800705467,-0.1498148384101743,5,2.857142857142857,1.4285714285714286,0.0010958539794518,-0.02378013308098,1.0285714285714285,1.0142857142857142,-0.0059054347782617,-0.0391829304907309,data405.csv,1.0468150930690892,1.0606405770081724,1.0456110182632545,1.056068315713448
407,0.24,0.12,0.0115049319727891,-0.1173352958803992,5,3.4285714285714284,1.7142857142857142,0.0018261796782204,-0.0186246501397459,1.0342857142857145,1.0171428571428571,-0.0051631693241671,-0.0357275024020349,data406.csv,1.0502511500222622,1.0598827546788367,1.0484269297691333,1.0557204492893366
408,0.28,0.14,0.0148704837490551,-0.094328108804908,5,4.000000000000001,2.0000000000000004,0.0023603942458817,-0.0149727156833187,1.04,1.02,-0.0046638651933436,-0.0319404368464763,data407.csv,1.0544863279075023,1.0585383440134,1.0528287866406383,1.0542556376194028
409,0.32,0.16,0.0182769567597153,-0.0684274132901673,5,4.571428571428571,2.2857142857142856,0.0029011042475738,-0.0108614941730424,1.0457142857142858,1.022857142857143,-0.0042628647883163,-0.0298301085322744,data408.csv,1.0589088125611616,1.0574892903691355,1.0569083745985173,1.0534301685274916
410,0.36,0.18,0.0235008601141606,-0.0538586715350685,5,5.142857142857143,2.571428571428572,0.0037302952562159,-0.0085489954817569,1.0514285714285714,1.0257142857142858,-0.0035509521451346,-0.0271265755677098,data409.csv,1.0643259359013022,1.0565145071622948,1.0621487821997946,1.052509569934077
411,0.4,0.2,0.0270816619751348,-0.0339699920269036,5,5.714285714285714,2.857142857142857,0.0042986765039896,-0.0053920622264926,1.0571428571428572,1.0285714285714285,-0.0029546269611658,-0.0249369802757889,data410.csv,1.067647286121579,1.0557192102412718,1.0651738161744277,1.0518971306701597
412,0.44,0.22,0.0306838624338624,-0.0256168959533316,5,6.285714285714286,3.142857142857143,0.0048704543545813,-0.0040661739608462,1.062857142857143,1.0314285714285714,-0.0024251345919381,-0.0223635194864139,data411.csv,1.0728404992732377,1.0539879669528005,1.070143859244297,1.0505626826748626
413,0.48,0.24,0.0336188130424583,-0.0138297186608588,5,6.857142857142857,3.4285714285714284,0.0053363195305489,-0.0021951934382315,1.0685714285714285,1.0342857142857145,-0.0019858180455178,-0.021783543948789,data412.csv,1.0786970836996006,1.053166231291638,1.0755809274723456,1.0496603466957164
414,0.52,0.26,0.0384772864701436,-0.0058418776919815,5,7.428571428571429,3.7142857142857135,0.0061075057889116,-0.0009272821733303,1.0742857142857145,1.0371428571428571,-0.0013289848749814,-0.0190785613405566,data413.csv,1.082544556717834,1.0526562661088468,1.0790204079714538,1.0492627898118274
415,0.56,0.28,0.0426376964578935,0.0052594475993318,5,8.000000000000002,4.000000000000001,0.0067678883266497,0.0008348329522748,1.08,1.04,-0.0008424557562488,-0.0180198644864378,data414.csv,1.0893538745075693,1.0516975549498062,1.0850235030858402,1.0483560774467513
416,0.6,0.3,0.044703886152162,0.0101734090355339,5,8.571428571428571,4.285714285714286,0.0070958549447876,0.0016148268310371,1.0857142857142856,1.042857142857143,-0.0005840957072483,-0.0159013007451097,data415.csv,1.0947691472981576,1.0508467624647215,1.0902399727365801,1.0476773394263872
417,0.64,0.32,0.0477613665389527,0.0231390128166258,5,9.142857142857142,4.571428571428571,0.0075811692918972,0.0036728591772421,1.0914285714285714,1.0457142857142858,-0.00023716163775,-0.0144573757409832,data416.csv,1.1016175506101542,1.0494459688038262,1.0967031675453276,1.0466230221208135
418,0.68,0.34,0.0527580498866213,0.0318530937775725,5,9.714285714285714,4.857142857142857,0.008374293632797,0.0050560466313607,1.0971428571428572,1.0485714285714285,0.0003464771956205,-0.0117973118353778,data417.csv,1.106247002758548,1.0490279827830091,1.1004923898029955,1.046411271848224
419,0.72,0.36,0.0570129629629629,0.0528613422736036,5,10.285714285714286,5.142857142857143,0.0090496766607877,0.0083906892497783,1.1028571428571428,1.0514285714285714,0.0008636726295456,-0.0097921541565172,data418.csv,1.1130456412030665,1.047946677353214,1.106779629198321,1.0454393584676742
420,0.76,0.38,0.0624224958949096,0.0613283101530931,5,10.857142857142858,5.428571428571429,0.0099083326817316,0.0097346524052528,1.1085714285714283,1.0542857142857145,0.0015032355641277,-0.0072505812069097,data419.csv,1.119796609063095,1.04681185358502,1.113092413311695,1.045061313363838
421,0.8,0.4,0.067757080013785,0.0822138257231904,5,11.428571428571429,5.714285714285714,0.0107550920656801,0.0130498136068556,1.1142857142857143,1.0571428571428572,0.0021158917755645,-0.0049834986912748,data420.csv,1.126095836818931,1.0459046834698174,1.119707231787996,1.0444516624353333
422,0.84,0.42,0.0736476920270023,0.0996030118359591,5,12.0,6.0,0.0116901098455559,0.0158100018787236,1.12,1.06,0.0027418455675161,-0.001865131658646,data421.csv,1.1306555376123837,1.044994470275751,1.1240069428609858,1.0440268930197258
423,0.88,0.44,0.0802370559334845,0.1204956515774609,5,12.571428571428571,6.285714285714286,0.0127360406243626,0.0191262939011842,1.1257142857142857,1.062857142857143,0.0035066156700471,0.0001231671549886,data422.csv,1.137554689867912,1.044237657394924,1.1310086618461186,1.0433090056791525
424,0.92,0.46,0.0859750762373915,0.1398036484367456,5,13.142857142857142,6.571428571428571,0.0136468374979986,0.0221910553074199,1.1314285714285717,1.0657142857142856,0.0040239046266198,0.003772886256215,data423.csv,1.143773118326663,1.0435358133457402,1.137458744356362,1.0434217471507758
425,0.96,0.48,0.0931531746031746,0.1699951750731852,5,13.714285714285714,6.857142857142857,0.01478621819098,0.0269833611227278,1.137142857142857,1.0685714285714285,0.004766157703731,0.0065720022043225,data424.csv,1.1500331804549326,1.0430010496793976,1.1444520214520058,1.0429452115923687
426,1.0,0.5,0.1016131162341479,0.1957324636051499,5,14.285714285714286,7.142857142857143,0.0161290660689123,0.0310686450166904,1.1428571428571428,1.0714285714285714,0.0055801063135762,0.0104610711065366,data425.csv,1.155172444625575,1.0426027984062265,1.1493801294471375,1.0429250132910441
427,1.04,0.52,0.1122753968253968,0.2352008241862514,5,14.857142857142858,7.428571428571429,0.0178214915595867,0.0373334641565478,1.1485714285714286,1.0742857142857145,0.0066484420928865,0.0143921497930689,data426.csv,1.1619303965319636,1.0423253451705734,1.1565504901633008,1.0428780236233217
428,1.08,0.54,0.1224105090311986,0.2698689186872282,5,15.428571428571429,7.714285714285714,0.0194302395287616,0.04283633629956,1.1542857142857144,1.0771428571428572,0.0078162067600256,0.018850711699516,data427.csv,1.168461577387952,1.042171707354108,1.163684023200866,1.0429615703325223
429,1.12,0.56,0.1343968253968254,0.3108666690805424,5,16.000000000000004,8.000000000000002,0.0213328294280675,0.0493439157270702,1.16,1.08,0.0089435626102293,0.0231123686721213,data428.csv,1.1732540443305013,1.0418304401879686,1.16975233979788,1.042689822869641
430,1.16,0.58,0.1483099147705059,0.3568730813424572,5,16.57142857142857,8.285714285714285,0.0235412563127787,0.056646520848009,1.1657142857142857,1.0828571428571427,0.01044227538671,0.0281651792965013,data429.csv,1.180636843592915,1.0422566447140544,1.1758037033789859,1.0428567156918245
431,1.2,0.6,0.1642922824302135,0.4103208018558762,5,17.142857142857142,8.571428571428571,0.0260781400682878,0.0651302860088692,1.1714285714285717,1.0857142857142856,0.0120333547637871,0.0331459625276639,data430.csv,1.1867186867281097,1.042215071095227,1.1824117858912486,1.0430537909967925
432,1.24,0.62,0.1792868089764641,0.464381282811969,5,17.714285714285715,8.857142857142858,0.0284582236470577,0.0737113147320585,1.177142857142857,1.0885714285714283,0.0134858732765136,0.0383265520103172,data431.csv,1.193326665371828,1.0422987989998769,1.189405766341249,1.0431781353642093
433,1.28,0.64,0.1991835978835978,0.5244190434261901,5,18.285714285714285,9.142857142857142,0.0316164441085075,0.0832411180041571,1.1828571428571428,1.0914285714285714,0.0153396056713751,0.0436483765387018,data432.csv,1.198020911880524,1.042428660102529,1.1941880457818472,1.043271170220829
434,1.32,0.66,0.2217645242004848,0.5908424207699553,5,18.857142857142858,9.428571428571429,0.035200718127061,0.0937845112333262,1.1885714285714286,1.0942857142857143,0.0177185914565302,0.0514111803993404,data433.csv,1.2053361258430038,1.042659210602,1.2017997438893386,1.043145159824192
435,1.36,0.68,0.2485752143769385,0.6593931560996698,5,19.428571428571427,9.714285714285714,0.0394563832344346,0.1046655803332809,1.1942857142857144,1.0971428571428572,0.0204300512882887,0.0583161401074131,data434.csv,1.212130047814462,1.0429304569756286,1.208822502086222,1.0433418373310153
436,1.4,0.7,0.2770332512315271,0.7302595063079325,5,20.0,10.0,0.0439735319415122,0.1159142073504654,1.2,1.1,0.0235576805008933,0.0680103329506108,data435.csv,1.2195025010260332,1.0436338272062715,1.2162971541736285,1.043736087929243
437,1.44,0.72,0.3085413519430761,0.8187920486164384,5,20.571428571428573,10.285714285714286,0.0489748177687422,0.1299669918438791,1.2057142857142855,1.1028571428571428,0.0268149892992531,0.0773329913779103,data436.csv,1.223680683667364,1.0440673126341296,1.2208599197260717,1.0441664013103147
438,1.48,0.74,0.347024083196497,0.8958232407271735,5,21.142857142857142,10.571428571428571,0.0550831878089677,0.1421941651947894,1.2114285714285713,1.1057142857142856,0.0310734919766118,0.0888178941224913,data437.csv,1.231543278603508,1.0451823081421867,1.2284281623183866,1.0446527615339851
439,1.52,0.76,0.3875108465608465,0.9909378245143616,5,21.714285714285715,10.857142857142858,0.0615096581842613,0.1572917181768828,1.217142857142857,1.1085714285714283,0.0355784781771371,0.1000985592226246,data438.csv,1.2382746360441286,1.0451066978692507,1.235715287982916,1.0450042355927254
440,1.56,0.78,0.4320180623973727,1.0891321513476848,5,22.285714285714285,11.142857142857142,0.0685742956186306,0.1728781192615372,1.2228571428571429,1.1114285714285714,0.0409792196997998,0.1155547941129676,data439.csv,1.2441167697110331,1.0465766898787796,1.2425591483197937,1.0462722076354778
441,1.6,0.8,0.4839142857142857,1.1911654127348907,5,22.857142857142858,11.428571428571429,0.0768117913832199,0.1890738750372842,1.2285714285714286,1.1142857142857143,0.0469617207309853,0.1290924467451253,data440.csv,1.2491991757909504,1.046843369065403,1.2472133090084077,1.0465458442217472
442,1.64,0.82,0.543193036984909,1.3094762899420016,5,23.428571428571427,11.714285714285714,0.0862211169817315,0.2078533793558732,1.2342857142857142,1.1171428571428572,0.0546924011044543,0.1477637635470554,data441.csv,1.2566871123574077,1.048036684405675,1.2546615742324385,1.0478828552544175
443,1.68,0.84,0.6108865079365079,1.4266820860706082,5,24.0,12.0,0.0969661123708742,0.2264574739794616,1.24,1.12,0.0631756956933475,0.164967433132691,data442.csv,1.2628666772304002,1.049207377118886,1.2615402061293177,1.0486930659129476
444,1.72,0.86,0.6882223786066152,1.55419848918477,5,24.571428571428573,12.285714285714286,0.1092416473978754,0.2466981728864714,1.2457142857142858,1.1228571428571428,0.0738928275622114,0.1876042118560774,data443.csv,1.267276701581437,1.0491729701362398,1.2658371550600727,1.0492251357948474
445,1.76,0.88,0.7694716931216931,1.6847052749801337,5,25.142857142857142,12.571428571428571,0.1221383639875703,0.2674135357111323,1.2514285714285711,1.1257142857142857,0.0850968620313174,0.2076995980153805,data444.csv,1.274492019598188,1.0504002935894123,1.2728397625313315,1.0502495488324592
446,1.8,0.9,0.8626427203065135,1.8271708916209688,5,25.714285714285715,12.857142857142858,0.1369274159216688,0.290027125654122,1.2571428571428571,1.1285714285714286,0.0996295347853913,0.2348018146134254,data445.csv,1.2802546382934687,1.0512154334762056,1.2791275004512028,1.0514799702116167
447,1.84,0.92,0.9633423645320198,1.9672533045671805,5,26.285714285714285,13.142857142857142,0.1529114864336539,0.3122624292963779,1.262857142857143,1.1314285714285717,0.1154353784936707,0.2592783030787122,data446.csv,1.2861800791482272,1.0532141661480687,1.2851928297421928,1.0525469241806045
448,1.88,0.94,1.0791775132275132,2.130873605360752,5,26.857142857142858,13.428571428571429,0.1712980179726211,0.3382339056128178,1.268571428571429,1.1342857142857143,0.1355925715965398,0.2929460054084635,data447.csv,1.2907893782923454,1.0528684325905588,1.2895223969892946,1.0530177320137983
449,1.92,0.96,1.2057621784345922,2.282784621299072,5,27.428571428571427,13.714285714285714,0.1913908219737448,0.362346765285567,1.2742857142857142,1.137142857142857,0.1588384332021442,0.3240503499958598,data448.csv,1.296375854377433,1.0538901497727622,1.2952063504829279,1.054021858076579
450,1.96,0.98,1.3492486772486771,2.463886668354455,5,28.0,14.0,0.2141664567061392,0.3910931219610246,1.28,1.14,0.1903423616360124,0.3662766209946863,data449.csv,1.3029825569167932,1.0555455789700332,1.3014416259612844,1.0552230950694366
451,2.0,1.0,1.3609882320744389,2.485748877009158,5,28.571428571428573,14.285714285714286,0.2160298781070538,0.3945633138109774,1.2857142857142858,1.1428571428571428,0.2160298781070538,0.3945633138109774,data450.csv,1.30510454381568,1.0561502622073942,1.30510454381568,1.0561502622073942
452,1.96,0.98,1.0490650793650795,2.151198756178593,5,28.0,14.0,0.1665182665658856,0.3414601200283481,1.28,1.14,0.1903423616360124,0.3662766209946863,data451.csv,1.2999006950057757,1.05490061116884,1.3014416259612844,1.0552230950694366
453,1.92,0.96,0.7956020799124247,1.8002497886487618,5,27.428571428571427,13.714285714285714,0.1262860444305436,0.2857539347061527,1.2742857142857142,1.137142857142857,0.1588384332021442,0.3240503499958598,data452.csv,1.2940368465884229,1.0541535663803958,1.2952063504829279,1.054021858076579
454,1.88,0.94,0.6292888888888889,1.5602460627858892,5,26.857142857142858,13.428571428571429,0.0998871252204585,0.2476581052041093,1.268571428571429,1.1342857142857143,0.1355925715965398,0.2929460054084635,data453.csv,1.288255415686244,1.0531670314370378,1.2895223969892946,1.0530177320137983
455,1.84,0.92,0.4911434044882321,1.2996533142245938,5,26.285714285714285,13.142857142857142,0.0779592705536876,0.2062941768610466,1.262857142857143,1.1314285714285717,0.1154353784936707,0.2592783030787122,data454.csv,1.2842055803361585,1.05187968221314,1.2851928297421928,1.0525469241806045
456,1.8,0.9,0.392689417989418,1.1313319725081918,5,25.714285714285715,12.857142857142858,0.0623316536491139,0.1795765035727288,1.2571428571428571,1.1285714285714286,0.0996295347853913,0.2348018146134254,data455.csv,1.278000362608937,1.0517445069470277,1.2791275004512028,1.0514799702116167
457,1.76,0.88,0.3027487684729064,0.932309660013661,5,25.142857142857142,12.571428571428571,0.0480553600750645,0.1479856603196287,1.2514285714285711,1.1257142857142857,0.0850968620313174,0.2076995980153805,data456.csv,1.271187505464475,1.0500988040755062,1.2728397625313315,1.0502495488324592
458,1.72,0.86,0.2428272486772486,0.8096145802018062,5,24.571428571428573,12.285714285714286,0.0385440077265474,0.1285102508256835,1.2457142857142858,1.1228571428571428,0.0738928275622114,0.1876042118560774,data457.csv,1.264397608538708,1.049277301453455,1.2658371550600727,1.0492251357948474
459,1.68,0.84,0.1851272577996716,0.6519075714012998,5,24.0,12.0,0.0293852790158208,0.1034773922859206,1.24,1.12,0.0631756956933475,0.164967433132691,data458.csv,1.260213735028235,1.0481787547070096,1.2615402061293177,1.0486930659129476
460,1.64,0.82,0.1459312169312169,0.5523471307508977,5,23.428571428571427,11.714285714285714,0.0231636852271772,0.0876741477382377,1.2342857142857142,1.1171428571428572,0.0546924011044543,0.1477637635470554,data459.csv,1.2526360361074695,1.04772902610316,1.2546615742324385,1.0478828552544175
461,1.6,0.8,0.1078033954961294,0.4353994162536886,5,22.857142857142858,11.428571428571429,0.0171116500787507,0.0691110184529664,1.2285714285714286,1.1142857142857143,0.0469617207309853,0.1290924467451253,data460.csv,1.2452274422258651,1.0462483193780912,1.2472133090084077,1.0465458442217472
462,1.56,0.78,0.0843201058201058,0.3668582544757076,5,22.285714285714285,11.142857142857142,0.0133841437809691,0.058231468964398,1.2228571428571429,1.1114285714285714,0.0409792196997998,0.1155547941129676,data461.csv,1.2410015269285544,1.0459677253921758,1.2425591483197937,1.0462722076354778
463,1.52,0.76,0.0607779784710819,0.2703040216907086,5,21.714285714285715,10.857142857142858,0.009647298170013,0.0429054002683664,1.217142857142857,1.1085714285714283,0.0355784781771371,0.1000985592226246,data462.csv,1.2331559399217036,1.0449017733161998,1.235715287982916,1.0450042355927254
464,1.48,0.74,0.0445019157088122,0.2232822252162181,5,21.142857142857142,10.571428571428571,0.0070637961442559,0.0354416230501933,1.2114285714285713,1.1057142857142856,0.0310734919766118,0.0888178941224913,data463.csv,1.225313046033265,1.0441232149257835,1.2284281623183866,1.0446527615339851
465,1.44,0.72,0.0293275132275132,0.1556036427452321,5,20.571428571428573,10.285714285714286,0.004655160829764,0.0246989909119416,1.2057142857142855,1.1028571428571428,0.0268149892992531,0.0773329913779103,data464.csv,1.2180391557847792,1.0442654899864998,1.2208599197260717,1.0441664013103147
466,1.4,0.7,0.0197935230797299,0.1266706888697646,5,20.0,10.0,0.0031418290602745,0.0201064585507562,1.2,1.1,0.0235576805008933,0.0680103329506108,data465.csv,1.2130918073212236,1.0438383486522145,1.2162971541736285,1.043736087929243
467,1.36,0.68,0.0088434318555008,0.0753902092537366,5,19.428571428571427,9.714285714285714,0.0014037193421429,0.0119666998815454,1.1942857142857144,1.0971428571428572,0.0204300512882887,0.0583161401074131,data466.csv,1.205514956357982,1.043753217686402,1.208822502086222,1.0433418373310153
468,1.32,0.66,0.0014897281517971,0.0569384522617351,5,18.857142857142858,9.428571428571429,0.0002364647859995,0.0090378495653547,1.1885714285714286,1.0942857142857143,0.0177185914565302,0.0514111803993404,data467.csv,1.1982633619356735,1.043631109046384,1.2017997438893386,1.043145159824192
469,1.28,0.64,-0.0059045664242708,0.025550500961454,5,18.285714285714285,9.142857142857142,-0.0009372327657572,0.0040556350732466,1.1828571428571428,1.0914285714285714,0.0153396056713751,0.0436483765387018,data468.csv,1.1903551796831704,1.044113680339129,1.1941880457818472,1.043271170220829
470,1.24,0.62,-0.0093648056923919,0.0185332725180291,5,17.714285714285715,8.857142857142858,-0.0014864770940304,0.002941789288576,1.177142857142857,1.0885714285714283,0.0134858732765136,0.0383265520103172,data469.csv,1.1854848673106702,1.044057471728542,1.189405766341249,1.0431781353642093
471,1.2,0.6,-0.0126720124064951,0.0073183259926901,5,17.142857142857142,8.571428571428571,-0.0020114305407135,0.0011616390464587,1.1714285714285717,1.0857142857142856,0.0120333547637871,0.0331459625276639,data470.csv,1.1781048850543876,1.0438925108983583,1.1824117858912486,1.0430537909967925
472,1.16,0.58,-0.0167372448979591,-0.0019918222065408,5,16.57142857142857,8.285714285714285,-0.0026567055393585,-0.0003161622550064,1.1657142857142857,1.0828571428571427,0.01044227538671,0.0281651792965013,data471.csv,1.1709705631650569,1.0434567866695943,1.1758037033789859,1.0428567156918245
473,1.12,0.56,-0.0217079365079365,-0.019650823811813,5,16.000000000000004,8.000000000000002,-0.0034457042076089,-0.0031191783828274,1.16,1.08,0.0089435626102293,0.0231123686721213,data472.csv,1.1662506352652589,1.0435492055513134,1.16975233979788,1.042689822869641
474,1.08,0.54,-0.0239263038548752,-0.0323499512733254,5,15.428571428571429,7.714285714285714,-0.0037978260087103,-0.0051349129005278,1.1542857142857144,1.0771428571428572,0.0078162067600256,0.018850711699516,data473.csv,1.1589064690137798,1.0437514333109368,1.163684023200866,1.0429615703325223
475,1.04,0.52,-0.0285050264550264,-0.0538597367935827,5,14.857142857142858,7.428571428571429,-0.0045246073738137,-0.0085491645704099,1.1485714285714286,1.0742857142857145,0.0066484420928865,0.0143921497930689,data474.csv,1.1511705837946378,1.04343070207607,1.1565504901633008,1.0428780236233217
476,1.0,0.5,-0.031303776683087,-0.0639229676627888,5,14.285714285714286,7.142857142857143,-0.0049688534417598,-0.0101465028036172,1.1428571428571428,1.0714285714285714,0.0055801063135762,0.0104610711065366,data475.csv,1.1435878142687002,1.0432472281758618,1.1493801294471375,1.0429250132910441
477,0.96,0.48,-0.0330995875361638,-0.0871879472987211,5,13.714285714285714,6.857142857142857,-0.005253902783518,-0.0138393567140827,1.137142857142857,1.0685714285714285,0.004766157703731,0.0065720022043225,data476.csv,1.138870862449079,1.04288937350534,1.1444520214520058,1.0429452115923687
478,0.92,0.46,-0.0352738779419813,-0.0922652816084366,5,13.142857142857142,6.571428571428571,-0.0055990282447589,-0.0146452827949899,1.1314285714285717,1.0657142857142856,0.0040239046266198,0.003772886256215,data477.csv,1.1311443703860606,1.0433076809558113,1.137458744356362,1.0434217471507758
479,0.88,0.44,-0.0360536984908906,-0.1189437454246032,5,12.571428571428571,6.285714285714286,-0.0057228092842683,-0.0188799595912068,1.1257142857142857,1.062857142857143,0.0035066156700471,0.0001231671549886,data478.csv,1.124462633824325,1.042380353963381,1.1310086618461186,1.0433090056791525
480,0.84,0.42,-0.0391004378762999,-0.1231036707348995,5,12.0,6.0,-0.0062064187105237,-0.0195402651960157,1.12,1.06,0.0027418455675161,-0.001865131658646,data479.csv,1.117358348109588,1.043059315763701,1.1240069428609858,1.0440268930197258
481,0.8,0.4,-0.0410968436416712,-0.1450059092332531,5,11.428571428571429,5.714285714285714,-0.0065233085145509,-0.0230168109894052,1.1142857142857143,1.0571428571428572,0.0021158917755645,-0.0049834986912748,data480.csv,1.113318626757061,1.0429986414008494,1.119707231787996,1.0444516624353333
482,0.76,0.38,-0.0434817277869002,-0.1526856333601554,5,10.857142857142858,5.428571428571429,-0.0069018615534762,-0.0242358148190722,1.1085714285714283,1.0542857142857145,0.0015032355641277,-0.0072505812069097,data481.csv,1.106388217560295,1.0433107731426563,1.113092413311695,1.045061313363838
483,0.72,0.36,-0.0461306878306878,-0.1762424846457209,5,10.285714285714286,5.142857142857143,-0.0073223314016964,-0.0279749975628128,1.1028571428571428,1.0514285714285714,0.0008636726295456,-0.0097921541565172,data482.csv,1.1005136171935752,1.0429320395821344,1.106779629198321,1.0454393584676742
484,0.68,0.34,-0.0483924372218023,-0.1804992229033332,5,9.714285714285714,4.857142857142857,-0.0076813392415559,-0.0286506703021163,1.0971428571428572,1.0485714285714285,0.0003464771956205,-0.0117973118353778,data483.csv,1.094737776847443,1.0437945609134385,1.1004923898029955,1.046411271848224
485,0.64,0.32,-0.0507496031746031,-0.2053019471530151,5,9.142857142857142,4.571428571428571,-0.0080554925673973,-0.0325876106592087,1.0914285714285714,1.0457142857142858,-0.00023716163775,-0.0144573757409832,data484.csv,1.0917887844805012,1.043800075437801,1.0967031675453276,1.0466230221208135
486,0.6,0.3,-0.052063492063492,-0.2105297984239162,5,8.571428571428571,4.285714285714286,-0.0082640463592844,-0.0334174283212565,1.0857142857142856,1.042857142857143,-0.0005840957072483,-0.0159013007451097,data485.csv,1.0857107981750025,1.0445079163880528,1.0902399727365801,1.0476773394263872
487,0.56,0.28,-0.0532526389866291,-0.232309740128448,5,8.000000000000002,4.000000000000001,-0.0084527998391474,-0.0368745619251504,1.08,1.04,-0.0008424557562488,-0.0180198644864378,data486.csv,1.0806931316641113,1.0450145999436964,1.0850235030858402,1.0483560774467513
488,0.52,0.26,-0.0552224958949096,-0.2345479951990327,5,7.428571428571429,3.7142857142857135,-0.0087654755388745,-0.0372298405077829,1.0742857142857145,1.0371428571428571,-0.0013289848749814,-0.0190785613405566,data487.csv,1.0754962592250734,1.045869313514808,1.0790204079714538,1.0492627898118274
489,0.48,0.24,-0.0586401204159824,-0.2606429350938836,5,6.857142857142857,3.4285714285714284,-0.0093079556215845,-0.0413718944593466,1.0685714285714285,1.0342857142857145,-0.0019858180455178,-0.021783543948789,data488.csv,1.0724647712450903,1.0461544620997945,1.0755809274723456,1.0496603466957164
490,0.44,0.22,-0.0612405582922824,-0.2561634495754848,5,6.285714285714286,3.142857142857143,-0.0097207235384575,-0.0406608650119817,1.062857142857143,1.0314285714285714,-0.0024251345919381,-0.0223635194864139,data489.csv,1.067447219215356,1.047137398396925,1.070143859244297,1.0505626826748626
491,0.4,0.2,-0.0643099616858237,-0.2802359594480371,5,5.714285714285714,2.857142857142857,-0.0102079304263212,-0.0444818983250852,1.0571428571428572,1.0285714285714285,-0.0029546269611658,-0.0249369802757889,data490.csv,1.0627003462272766,1.0480750510990475,1.0651738161744277,1.0518971306701597
492,0.36,0.18,-0.0682428571428571,-0.2879361806180751,5,5.142857142857143,2.571428571428572,-0.0108321995464852,-0.0457041556536627,1.0514285714285714,1.0257142857142858,-0.0035509521451346,-0.0271265755677098,data491.csv,1.059971628498287,1.048504632705859,1.0621487821997946,1.052509569934077
493,0.32,0.16,-0.0719890530925013,-0.3074319542164909,5,4.571428571428571,2.2857142857142856,-0.0114268338242065,-0.0487987228915064,1.0457142857142858,1.022857142857143,-0.0042628647883163,-0.0298301085322744,data492.csv,1.054907936635873,1.049371046685848,1.0569083745985173,1.0534301685274916
494,0.28,0.14,-0.0736351851851851,-0.3081213954606946,5,4.000000000000001,2.0000000000000004,-0.011688124632569,-0.048908158009634,1.04,1.02,-0.0046638651933436,-0.0319404368464763,data493.csv,1.051171245373774,1.0499729312254056,1.0528287866406383,1.0542556376194028
495,0.24,0.12,-0.076560865457294,-0.332831234385241,5,3.4285714285714284,1.7142857142857142,-0.0121525183265546,-0.0528303546643239,1.0342857142857145,1.0171428571428571,-0.0051631693241671,-0.0357275024020349,data494.csv,1.0466027095160042,1.0515581438998365,1.0484269297691333,1.0557204492893366
496,0.2,0.1,-0.0813123582766439,-0.3438900857730365,5,2.857142857142857,1.4285714285714286,-0.0129067235359752,-0.0545857279004819,1.0285714285714285,1.0142857142857142,-0.0059054347782617,-0.0391829304907309,data495.csv,1.04440694345742,1.051496054418724,1.0456110182632545,1.056068315713448
497,0.16,0.08,-0.0865716931216931,-0.3685432271305748,5,2.2857142857142856,1.1428571428571428,-0.0137415385907449,-0.058498924941361,1.022857142857143,1.0114285714285711,-0.0068150718354604,-0.0435819662413857,data496.csv,1.039977701655217,1.0533310773272333,1.041045593255919,1.0571463529499705
498,0.12,0.06,-0.0902378215654077,-0.3761555428269267,5,1.7142857142857142,0.8571428571428571,-0.0143234637405409,-0.0597072290201471,1.0171428571428571,1.008571428571429,-0.007776279094013,-0.0479889082401129,data497.csv,1.0348658675506432,1.052905445084347,1.036341464111704,1.0577990593332607
499,0.08,0.04,-0.0949822112753147,-0.3979824910312405,5,1.1428571428571428,0.5714285714285714,-0.0150765414722721,-0.0631718239732127,1.0114285714285711,1.0057142857142858,-0.0090670215723581,-0.053690808191688,data498.csv,1.031386333975549,1.0549034770579089,1.0322826188803307,1.058770657428664
500,0.04,0.02,-0.1014206349206349,-0.3956532573735836,5,0.5714285714285714,0.2857142857142857,-0.0160985134794658,-0.0628021043450132,1.0057142857142858,1.002857142857143,-0.0111462165112958,-0.0595675652286418,data499.csv,1.02876786937126,1.0548755071897942,1.0283832741674455,1.0594068800982828
501,0.0,0.0,-0.0969568783068783,-0.3714982542490206,6,0.0,0.0,-0.0153899806836314,-0.0589679768649239,1.0,1.0,-0.0153899806836314,-0.0589679768649239,data500.csv,1.02533063126642,1.0553144781537682,1.02533063126642,1.0553144781537682
502,0.01,0.04,-0.0745369262647587,-0.2465017385167721,6,0.1428571428571428,0.5714285714285714,-0.0118312581372632,-0.0391272600820273,1.0014285714285711,1.0057142857142858,-0.010939317890995,-0.0557618961809862,data501.csv,1.0252544096710217,1.0541076472463071,1.0260015013883423,1.0595355819952315
503,0.02,0.08,-0.0584357142857142,-0.1494110286874437,6,0.2857142857142857,1.1428571428571428,-0.0092755102040816,-0.0237160362995942,1.002857142857143,1.0114285714285711,-0.0095113226644425,-0.0461697412598379,data502.csv,1.0251085593287788,1.0532921949711709,1.0250470115792614,1.0587054342547881
504,0.03,0.12,-0.0473065134099616,-0.0863368057458595,6,0.4285714285714285,1.7142857142857142,-0.0075089703825335,-0.0137042548802951,1.0042857142857142,1.0171428571428571,-0.0081782485237602,-0.0393533593067113,data503.csv,1.025300139435882,1.0524598397258156,1.0248388956214765,1.0575917813513656
505,0.04,0.16,-0.0439506998201579,-0.0359610152895588,6,0.5714285714285714,2.2857142857142856,-0.0069763015587552,-0.0057080976650093,1.0057142857142858,1.022857142857143,-0.0077426276044011,-0.0333550843769853,data504.csv,1.0238586032950274,1.0509501489838946,1.0235765905339853,1.0563729488944826
506,0.05,0.2,-0.0393820105820105,-0.0033371886104221,6,0.7142857142857143,2.857142857142857,-0.0062511127907953,-0.0005297124778447,1.0071428571428571,1.0285714285714285,-0.0072989771945862,-0.0295723000833304,data505.csv,1.0241169060878186,1.0496930692313795,1.022834971309322,1.0552585028144943
507,0.06,0.24,-0.0330098522167487,0.0134654002489956,6,0.8571428571428571,3.4285714285714284,-0.0052396590820236,0.0021373651188881,1.008571428571429,1.0342857142857145,-0.0064501734708357,-0.0261958270769918,data506.csv,1.0249230239640117,1.0490390224807575,1.0227740246144665,1.054259185827255
508,0.07,0.28,-0.0320169677066228,0.0321122179111565,6,1.0000000000000002,4.000000000000001,-0.0050820583661306,0.0050971774462153,1.01,1.04,-0.0062120630287022,-0.0229917661903329,data507.csv,1.024830082956789,1.047737321294719,1.0217539403195086,1.0530906111548903
509,0.08,0.32,-0.0306456212370005,0.0587929489729347,6,1.1428571428571428,4.571428571428571,-0.0048643843233334,0.009332214122688,1.0114285714285711,1.0457142857142858,-0.0062360749627345,-0.0191359049876833,data508.csv,1.0256176604907978,1.0464685701067922,1.0214610100480424,1.0520637443358964
510,0.09,0.36,-0.0261551724137931,0.0809919211485271,6,1.2857142857142858,5.142857142857143,-0.004151614668856,0.0128558604997662,1.012857142857143,1.0514285714285714,-0.0057136464206797,-0.0165440102958795,data509.csv,1.02665153947516,1.0450302951856896,1.0218482257016266,1.0510813328409512
511,0.1,0.4,-0.0251945174238277,0.1110484064441024,6,1.4285714285714286,5.714285714285714,-0.0039991297498139,0.0176267311816035,1.0142857142857142,1.0571428571428572,-0.0054500185344465,-0.0127318508168338,data510.csv,1.027688755037193,1.043859458353414,1.0221035503626643,1.050233817841056
512,0.11,0.44,-0.0231375965456425,0.1461603923313019,6,1.5714285714285714,6.285714285714286,-0.0036726343723242,0.0232000622748098,1.0157142857142858,1.062857142857143,-0.0053298692259648,-0.0084856987479142,data511.csv,1.0274917181856078,1.0429872204792805,1.021292213874681,1.049746451061941
513,0.12,0.48,-0.0198844290376857,0.1877768467063277,6,1.7142857142857142,6.857142857142857,-0.0031562585774104,0.029805848683544,1.0171428571428571,1.0685714285714285,-0.0050177726357559,-0.0036707718069735,data512.csv,1.0285937640643137,1.042551285612395,1.0220496036962219,1.0495933233237351
514,0.13,0.52,-0.0178463132379388,0.2429511413681416,6,1.8571428571428568,7.428571428571429,-0.0028327481330061,0.0385636732330383,1.0185714285714285,1.0742857142857145,-0.0047617171420048,0.0029313537907747,data513.csv,1.028657457111709,1.042234402637598,1.0222262809457696,1.049651978669503
515,0.14,0.56,-0.0142259259259259,0.3050186661521042,6,2.0000000000000004,8.000000000000002,-0.0022580834803056,0.0484156612939848,1.02,1.08,-0.0044066809750111,0.0095794513725513,data514.csv,1.0283849678812875,1.042513466161315,1.0224972847134493,1.050281449388184
516,0.15,0.6,-0.0097364349571246,0.3776346759201839,6,2.142857142857143,8.571428571428571,-0.0015454658662102,0.0599420120508228,1.0214285714285714,1.0857142857142856,-0.0039176397251109,0.0177339239128425,data515.csv,1.0283119127211735,1.0429648356285726,1.0232575985185401,1.0507952364687505
517,0.16,0.64,-0.0064563492063492,0.4584866308750605,6,2.2857142857142856,9.142857142857142,-0.0010248173343411,0.072775655694454,1.022857142857143,1.0914285714285714,-0.0035857131273113,0.0264966066375531,data516.csv,1.028334044934546,1.0428913071526809,1.0240254386490837,1.0508714751486452
518,0.17,0.68,-0.0026053538486488,0.5541929362492666,6,2.4285714285714284,9.714285714285714,-0.0004135482299442,0.0879671327379788,1.0242857142857142,1.0971428571428572,-0.0033005004944127,0.0357895091060677,data517.csv,1.0284382448296232,1.0442254381441465,1.025061245468927,1.0519475763593
519,0.18,0.72,0.0042060755336617,0.6607625459196993,6,2.571428571428572,10.285714285714286,0.0006676310370891,0.1048829437967776,1.0257142857142858,1.1028571428571428,-0.0025772784026948,0.0462835959868297,data518.csv,1.029324286770897,1.045202625379175,1.0263594256345157,1.0530029742180993
520,0.19,0.76,0.0087230249954387,0.7719483707121361,6,2.7142857142857144,10.857142857142858,0.0013846071421331,0.1225314874146247,1.0271428571428571,1.1085714285714283,-0.0020363217232401,0.0573399913133511,data519.csv,1.0302109226266505,1.0470121897545857,1.0283225345247664,1.054467211485848
521,0.2,0.8,0.0136622781296426,0.8924343706801275,6,2.857142857142857,11.428571428571429,0.0021686155761337,0.1416562493143059,1.0285714285714285,1.1142857142857143,-0.0017446858783652,0.0687091902014472,data520.csv,1.0302801615958568,1.0485565147915323,1.0291413869625554,1.055334860921167
522,0.21,0.84,0.0220002645502645,1.024881221811462,6,3.0,12.0,0.0034921054841689,0.1626795590176924,1.03,1.12,-0.0009731960046683,0.0811065639841259,data521.csv,1.0325702290310323,1.0511987324192813,1.0315615722858744,1.0569147353094028
523,0.22,0.88,0.0298468253968253,1.1621934299914454,6,3.142857142857143,12.571428571428571,0.0047375913328294,0.1844751476176897,1.0314285714285714,1.1257142857142857,-0.0001192785756277,0.0934983199420729,data522.csv,1.0347490478461097,1.0545514530876738,1.0336777602707037,1.0592031199639662
524,0.23,0.92,0.0371410052910052,1.3152643012366998,6,3.2857142857142856,13.142857142857142,0.0058953976652389,0.2087721113074127,1.032857142857143,1.1314285714285717,0.0003729500405647,0.1065502516746833,data523.csv,1.0364688862609497,1.057277180280498,1.0356143880440718,1.0608775396919286
525,0.24,0.96,0.047871373836891,1.4719097484423134,6,3.4285714285714284,13.714285714285714,0.0075986307677604,0.2336364680067164,1.0342857142857145,1.137142857142857,0.0012299234295676,0.1216810698818835,data524.csv,1.0393843099156046,1.0589052106886148,1.0390872593850902,1.0624773669722556
526,0.25,1.0,0.058729365079365,1.6368974095547797,6,3.571428571428572,14.285714285714286,0.009322121441169,0.2598249856436158,1.0357142857142858,1.1428571428571428,0.0023634768904825,0.1382943864421873,data525.csv,1.0434919580651332,1.0621508418344805,1.043547730364145,1.0653127032036729
527,0.26,1.04,0.0691267104542966,1.802489311009648,6,3.7142857142857135,14.857142857142858,0.0109724937229042,0.2861094144459759,1.0371428571428571,1.1485714285714286,0.0033981857962427,0.156413704209835,data526.csv,1.0461958846447483,1.0657339760732232,1.0459764650946597,1.0676531580823592
528,0.27,1.08,0.0839981481481481,1.9775106604340773,6,3.857142857142857,15.428571428571429,0.0133330393885949,0.3138905810212821,1.0385714285714285,1.1542857142857144,0.0048640775534199,0.1757998742518111,data527.csv,1.0489009226649244,1.0677991886355105,1.0492139358221184,1.0698268191667777
529,0.28,1.12,0.0963908045977011,2.1538670359081893,6,4.000000000000001,16.000000000000004,0.0153001277139208,0.3418836564933634,1.04,1.16,0.0062250327972824,0.1964780557935609,data528.csv,1.053278370561994,1.0710290847546888,1.0536194132197023,1.072840835454417
530,0.29,1.16,0.1108579365079365,2.339104232850512,6,4.142857142857142,16.57142857142857,0.0175964978584026,0.371286386166748,1.0414285714285714,1.1657142857142857,0.0077522979817725,0.2184446480484878,data529.csv,1.056939363783357,1.0747399203349477,1.0561182712284385,1.0758523295141933
531,0.3,1.2,0.1285788763781374,2.5263343999072583,6,4.285714285714286,17.142857142857142,0.0204093454568472,0.4010054603027394,1.042857142857143,1.1714285714285717,0.0097081848612461,0.2413971379329217,data530.csv,1.061216691999358,1.0789766641907816,1.0601793905286647,1.0795528990391148
532,0.31,1.24,0.1475545703338806,2.7166667375063573,6,4.428571428571429,17.714285714285715,0.0234213603704572,0.4312169424613266,1.0442857142857145,1.177142857142857,0.0119054656345296,0.2654954763887597,data531.csv,1.0642794055860063,1.08057629568253,1.0638843344536593,1.0819889945393737
533,0.32,1.28,0.1627883597883598,2.926599097106058,6,4.571428571428571,18.285714285714285,0.0258394221886285,0.4645395392231838,1.0457142857142858,1.1828571428571428,0.0136441277660489,0.2915282196463754,data532.csv,1.0672173513031344,1.0848481239229553,1.0670536889587874,1.0855263604261611
534,0.33,1.32,0.1845632183908046,3.137535012875521,6,4.714285714285714,18.857142857142858,0.0292957489509213,0.4980214306151621,1.0471428571428572,1.1885714285714286,0.0160246001337954,0.3185040592393641,data533.csv,1.0709341570215414,1.0884426637121585,1.069937000746247,1.088274046516947
535,0.34,1.36,0.2079171957671957,3.340003822360601,6,4.857142857142857,19.428571428571427,0.0330027294868564,0.5301593368826351,1.0485714285714285,1.1942857142857144,0.0190657647052008,0.346422470409837,data534.csv,1.074754500311288,1.0920869242800442,1.0739810119994422,1.0921102368722888
536,0.35,1.4,0.2271899288451012,3.556553531117582,6,5.0,20.0,0.0360618934674763,0.5645323065266004,1.05,1.2,0.0215352929166557,0.3759194094296957,data535.csv,1.0763131333037057,1.095283422328009,1.0760665407917105,1.0951813139150217
537,0.36,1.44,0.2517999361430396,3.786730366569196,6,5.142857142857143,20.571428571428573,0.0399682438322285,0.6010683121538407,1.0514285714285714,1.2057142857142855,0.0244863851457994,0.408099141816226,data536.csv,1.079574217406826,1.0986180416429714,1.079103283258613,1.0990739678532826
538,0.37,1.48,0.279879452249184,4.02969388566404,6,5.285714285714286,21.142857142857142,0.0444253098808228,0.6396339501054032,1.052857142857143,1.2114285714285713,0.0282018948253819,0.4427619190517168,data537.csv,1.0832115461243506,1.1032926950127449,1.0821125859061658,1.1024684632439294
539,0.38,1.52,0.3037099069512863,4.262128701835278,6,5.428571428571429,21.714285714285715,0.0482079217382994,0.676528365370679,1.0542857142857145,1.217142857142857,0.0316735837800424,0.4779893441050231,data538.csv,1.084451780400092,1.104695382707233,1.084203616427191,1.1050866116573357
540,0.39,1.56,0.3335595238095238,4.513752791017255,6,5.571428571428571,22.285714285714285,0.0529459561602418,0.7164686969868659,1.0557142857142856,1.2228571428571429,0.035698706643151,0.5161439749149953,data539.csv,1.0875442596157017,1.1091947298396896,1.0868417463731896,1.1089684462426006
541,0.4,1.6,0.3662917350848385,4.787276446368036,6,5.714285714285714,22.857142857142858,0.0581415452515616,0.7598851502171486,1.0571428571428572,1.2285714285714286,0.0405666979435451,0.5584472538737034,data540.csv,1.09054490015086,1.1130575557790914,1.0899983402188556,1.112174568402672
542,0.41,1.64,0.3955477741288086,5.07806150476692,6,5.857142857142857,23.428571428571427,0.0627853609728267,0.8060415086931619,1.0585714285714285,1.2342857142857142,0.0452540500661737,0.603467051159995,data541.csv,1.0921470416822647,1.1153383972638282,1.0917874929905775,1.1151867855567206
543,0.42,1.68,0.430123426382047,5.388725260467029,6,6.0,24.0,0.068273559743182,0.8553532159471475,1.06,1.24,0.0504985208642843,0.6531683955193808,data542.csv,1.0935032500447772,1.117557253697184,1.0934295478442233,1.1176805718289633
544,0.43,1.72,0.4682111111111111,5.728971419589022,6,6.142857142857143,24.571428571428573,0.0743192239858906,0.9093605427919084,1.0614285714285714,1.2457142857142858,0.0567358537284645,0.7075616664858996,data543.csv,1.096205038008386,1.120660941648737,1.0962747967524225,1.1209469110299497
545,0.44,1.76,0.500451833607006,6.101973598461806,6,6.285714285714286,25.142857142857142,0.079436798985239,0.9685672378510805,1.062857142857143,1.2514285714285711,0.0628166820155052,0.7707347615393317,data544.csv,1.0978519253129126,1.1232325958003306,1.0977729079080656,1.1235289448919459
546,0.45,1.8,0.5392444444444444,6.534914108791891,6,6.428571428571429,25.714285714285715,0.0855943562610229,1.0372879537764907,1.0642857142857145,1.2571428571428571,0.0697630168286982,0.8444286735714293,data545.csv,1.098746767536498,1.1253763890079838,1.0990898956766868,1.1251945981207316
547,0.46,1.84,0.5845270935960591,6.9806346488351725,6,6.571428571428571,26.285714285714285,0.0927820783485808,1.1080372458468528,1.0657142857142856,1.262857142857143,0.0783959732466847,0.928599384453644,data546.csv,1.101113839992083,1.1264359118604266,1.101486266705721,1.1266628370955152
548,0.47,1.88,0.617904761904762,7.420854186039655,6,6.714285714285714,26.857142857142858,0.0980801209372638,1.1779133628634373,1.0671428571428572,1.268571428571429,0.0863855440004865,1.021137177040116,data547.csv,1.1014093780997076,1.1283895597042473,1.1023162602894714,1.1285933210156665
549,0.48,1.92,0.6608351851851852,7.960970621800023,6,6.857142857142857,27.428571428571427,0.1048944738389182,1.263646130444448,1.0685714285714285,1.2742857142857142,0.0954758545393465,1.136825953503375,data548.csv,1.1032249867891766,1.1297318353448231,1.1037859401019618,1.1298205015974156
550,0.49,1.96,0.7198426382047072,8.585086236146163,6,7.0,28.0,0.1142607362229694,1.3627121009755814,1.07,1.28,0.1076332742547848,1.2774704076575325,data549.csv,1.1055365967045483,1.1316635287619818,1.105496150205696,1.1314418162803115
551,0.5,2.0,0.7390068783068783,8.771568701925084,6,7.142857142857143,28.571428571428573,0.1173026790963298,1.3923124923690609,1.0714285714285714,1.2857142857142858,0.1173026790963298,1.3923124923690609,data550.csv,1.1072370767416162,1.1324923084891505,1.1072370767416162,1.1324923084891505
552,0.49,1.96,0.6363366174055829,7.511040900338746,6,7.0,28.0,0.1010058122866004,1.1922287143394836,1.07,1.28,0.1076332742547848,1.2774704076575325,data551.csv,1.1054557037068438,1.131220103798641,1.105496150205696,1.1314418162803115
553,0.48,1.92,0.542160582010582,6.363036392342502,6,6.857142857142857,27.428571428571427,0.0860572352397749,1.0100057765623018,1.0685714285714285,1.2742857142857142,0.0954758545393465,1.136825953503375,data552.csv,1.104346893414747,1.1299091678500082,1.1037859401019618,1.1298205015974156
554,0.47,1.88,0.4705530925013683,5.445474244665805,6,6.714285714285714,26.857142857142858,0.0746909670637092,0.8643609912167944,1.0671428571428572,1.268571428571429,0.0863855440004865,1.021137177040116,data553.csv,1.103223142479235,1.1287970823270856,1.1023162602894714,1.1285933210156665
555,0.46,1.84,0.4032621693121693,4.719717595280742,6,6.571428571428571,26.285714285714285,0.0640098681447887,0.7491615230604353,1.0657142857142856,1.262857142857143,0.0783959732466847,0.928599384453644,data554.csv,1.1018586934193593,1.1268897623306038,1.101486266705721,1.1266628370955152
556,0.45,1.8,0.3397695675971537,4.104887178208117,6,6.428571428571429,25.714285714285715,0.0539316773963736,0.6515693933663679,1.0642857142857145,1.2571428571428571,0.0697630168286982,0.8444286735714293,data555.csv,1.0994330238168757,1.1250128072334795,1.0990898956766868,1.1251945981207316
557,0.44,1.76,0.2910383597883598,3.6092843969337727,6,6.285714285714286,25.142857142857142,0.0461965650457714,0.572902285227583,1.062857142857143,1.2514285714285711,0.0628166820155052,0.7707347615393317,data556.csv,1.0976938905032183,1.123825293983561,1.0977729079080656,1.1235289448919459
558,0.43,1.72,0.2466606458675424,3.186305578133312,6,6.142857142857143,24.571428571428573,0.0391524834710384,0.5057627901798908,1.0614285714285714,1.2457142857142858,0.0567358537284645,0.7075616664858996,data557.csv,1.0963445554964586,1.1212328804111622,1.0962747967524225,1.1209469110299497
559,0.42,1.68,0.2061579365079365,2.841196523077169,6,6.0,24.0,0.0327234819853867,0.4509835750916141,1.06,1.24,0.0504985208642843,0.6531683955193808,data558.csv,1.0933558456436692,1.1178038899607423,1.0934295478442233,1.1176805718289633
560,0.41,1.64,0.1746532567049808,2.5256233398490164,6,5.857142857142857,23.428571428571427,0.0277227391595207,0.400892593626828,1.0585714285714285,1.2342857142857142,0.0452540500661737,0.603467051159995,data559.csv,1.0914279442988903,1.115035173849613,1.0917874929905775,1.1151867855567206
561,0.4,1.6,0.1448486590038314,2.249158952440627,6,5.714285714285714,22.857142857142858,0.0229918506355287,0.3570093575302582,1.0571428571428572,1.2285714285714286,0.0405666979435451,0.5584472538737034,data560.csv,1.089451780286851,1.1112915810262525,1.0899983402188556,1.112174568402672
562,0.39,1.56,0.1162441798941798,1.989661292911686,6,5.571428571428571,22.285714285714285,0.0184514571260602,0.3158192528431247,1.0557142857142856,1.2228571428571429,0.035698706643151,0.5161439749149953,data561.csv,1.0861392331306778,1.1087421626455118,1.0868417463731896,1.1089684462426006
563,0.38,1.52,0.0953772486772486,1.7605370338880144,6,5.428571428571429,21.714285714285715,0.0151392458217854,0.2794503228393674,1.0542857142857145,1.217142857142857,0.0316735837800424,0.4779893441050231,data562.csv,1.0839554524542905,1.1054778406074384,1.084203616427191,1.1050866116573357
564,0.37,1.48,0.0754644225506294,1.5491062943875915,6,5.285714285714286,21.142857142857142,0.0119784797699411,0.2458898879980304,1.052857142857143,1.2114285714285713,0.0282018948253819,0.4427619190517168,data563.csv,1.0810136256879812,1.101644231475114,1.0821125859061658,1.1024684632439294
565,0.36,1.44,0.0567285166940339,1.355318820315251,6,5.142857142857143,20.571428571428573,0.0090045264593704,0.2151299714786113,1.0514285714285714,1.2057142857142855,0.0244863851457994,0.408099141816226,data564.csv,1.0786323491104,1.099529894063594,1.079103283258613,1.0990739678532826
566,0.35,1.4,0.0441547619047619,1.1800310276965842,6,5.0,20.0,0.0070086923658352,0.1873065123327911,1.05,1.2,0.0215352929166557,0.3759194094296957,data565.csv,1.075819948279715,1.0950792055020344,1.0760665407917105,1.0951813139150217
567,0.34,1.36,0.032311439518336,1.0249193048033454,6,4.857142857142857,19.428571428571427,0.0051287999235453,0.1626856039370389,1.0485714285714285,1.1942857142857144,0.0190657647052008,0.346422470409837,data566.csv,1.0732075236875962,1.0921335494645334,1.0739810119994422,1.0921102368722888
568,0.33,1.32,0.0173467432950191,0.8756161335404664,6,4.714285714285714,18.857142857142858,0.0027534513166696,0.1389866878635661,1.0471428571428572,1.1885714285714286,0.0160246001337954,0.3185040592393641,data567.csv,1.0689398444709526,1.0881054293217352,1.069937000746247,1.088274046516947
569,0.32,1.28,0.0091276500638569,0.746656470438272,6,4.571428571428571,18.285714285714285,0.0014488333434693,0.1185169000695669,1.0457142857142858,1.1828571428571428,0.0136441277660489,0.2915282196463754,data568.csv,1.06689002661444,1.086204596929367,1.0670536889587874,1.0855263604261611
570,0.31,1.24,0.0024542966611932,0.6285762649920154,6,4.428571428571429,17.714285714285715,0.000389570898602,0.0997740103161929,1.0442857142857145,1.177142857142857,0.0119054656345296,0.2654954763887597,data569.csv,1.0634892633213122,1.0834016933962174,1.0638843344536593,1.0819889945393737
571,0.3,1.2,-0.0062557471264367,0.515269538047556,6,4.285714285714286,17.142857142857142,-0.000992975734355,0.0817888155631041,1.042857142857143,1.1714285714285717,0.0097081848612461,0.2413971379329217,data570.csv,1.0591420890579712,1.080129133887448,1.0601793905286647,1.0795528990391148
572,0.29,1.16,-0.0131789819376026,0.4132983325604349,6,4.142857142857142,16.57142857142857,-0.0020919018948575,0.0656029099302277,1.0414285714285714,1.1657142857142857,0.0077522979817725,0.2184446480484878,data571.csv,1.0552971786735197,1.076964738693439,1.0561182712284385,1.0758523295141933
573,0.28,1.12,-0.017955391351943,0.3217564670906787,6,4.000000000000001,16.000000000000004,-0.002850062119356,0.0510724550937585,1.04,1.16,0.0062250327972824,0.1964780557935609,data572.csv,1.0539604558774107,1.074652586154145,1.0536194132197023,1.072840835454417
574,0.27,1.08,-0.0227107709750566,0.2375677551387434,6,3.857142857142857,15.428571428571429,-0.003604884281755,0.0377091674823402,1.0385714285714285,1.1542857142857144,0.0048640775534199,0.1757998742518111,data573.csv,1.0495269489793124,1.0718544496980449,1.0492139358221184,1.0698268191667777
575,0.26,1.04,-0.0263095694216383,0.1683233620342738,6,3.7142857142857135,14.857142857142858,-0.0041761221304187,0.0267179939736942,1.0371428571428571,1.1485714285714286,0.0033981857962427,0.156413704209835,data574.csv,1.0457570455445713,1.0695723400914952,1.0459764650946597,1.0676531580823592
576,0.25,1.0,-0.0289495562592853,0.1056118596167815,6,3.571428571428572,14.285714285714286,-0.004595167660204,0.0167637872407589,1.0357142857142858,1.1428571428571428,0.0023634768904825,0.1382943864421873,data575.csv,1.043603502663157,1.0684745645728653,1.043547730364145,1.0653127032036729
577,0.24,0.96,-0.0323743386243386,0.0612717320694198,6,3.4285714285714284,13.714285714285714,-0.0051387839086251,0.0097256717570507,1.0342857142857145,1.137142857142857,0.0012299234295676,0.1216810698818835,data576.csv,1.0387902088545755,1.0660495232558964,1.0390872593850902,1.0624773669722556
578,0.23,0.92,-0.0324418347798889,0.0272688698643104,6,3.2857142857142856,13.142857142857142,-0.0051494975841093,0.004328392041954,1.032857142857143,1.1314285714285717,0.0003729500405647,0.1065502516746833,data577.csv,1.034759889827194,1.0644778991033592,1.0356143880440718,1.0608775396919286
579,0.22,0.88,-0.0313497354497354,0.0158854012786745,6,3.142857142857143,12.571428571428571,-0.0049761484840849,0.0025214922664562,1.0314285714285714,1.1257142857142857,-0.0001192785756277,0.0934983199420729,data578.csv,1.032606472695298,1.0638547868402586,1.0336777602707037,1.0592031199639662
580,0.21,0.84,-0.0342625342090859,-0.0029385156114753,6,3.0,12.0,-0.0054384974935056,-0.0004664310494405,1.03,1.12,-0.0009731960046683,0.0811065639841259,data579.csv,1.0305529155407165,1.0626307381995244,1.0315615722858744,1.0569147353094028
581,0.2,0.8,-0.0356453201970443,-0.0266985741418913,6,2.857142857142857,11.428571428571429,-0.0056579873328641,-0.0042378689114113,1.0285714285714285,1.1142857142857143,-0.0017446858783652,0.0687091902014472,data580.csv,1.0280026123292538,1.062113207050802,1.0291413869625554,1.055334860921167
582,0.19,0.76,-0.0343806787082649,-0.0494644801639117,6,2.7142857142857144,10.857142857142858,-0.0054572505886134,-0.0078515047879224,1.0271428571428571,1.1085714285714283,-0.0020363217232401,0.0573399913133511,data581.csv,1.0264341464228823,1.0619222332171103,1.0283225345247664,1.054467211485848
583,0.18,0.72,-0.0366797834076159,-0.0775892364856439,6,2.571428571428572,10.285714285714286,-0.0058221878424787,-0.012315751823118,1.0257142857142858,1.1028571428571428,-0.0025772784026948,0.0462835959868297,data582.csv,1.0233945644981344,1.0608033230570235,1.0263594256345157,1.0530029742180993
584,0.17,0.68,-0.0389809523809523,-0.1032451215128136,6,2.4285714285714284,9.714285714285714,-0.0061874527588813,-0.0163881145258434,1.0242857142857142,1.0971428571428572,-0.0033005004944127,0.0357895091060677,data583.csv,1.0216842461082305,1.0596697145744538,1.025061245468927,1.0519475763593
585,0.16,0.64,-0.0387236361977741,-0.1246293872418909,6,2.2857142857142856,9.142857142857142,-0.0061466089202816,-0.0197824424193477,1.022857142857143,1.0914285714285714,-0.0035857131273113,0.0264966066375531,data584.csv,1.0197168323636212,1.0588516431446098,1.0240254386490837,1.0508714751486452
586,0.15,0.6,-0.0396258255792738,-0.1541872346183679,6,2.142857142857143,8.571428571428571,-0.0062898135840117,-0.0244741642251377,1.0214285714285714,1.0857142857142856,-0.0039176397251109,0.0177339239128425,data585.csv,1.0182032843159068,1.0586256373089284,1.0232575985185401,1.0507952364687505
587,0.14,0.56,-0.0412982543592149,-0.1843175788579584,6,2.0000000000000004,8.000000000000002,-0.0065552784697166,-0.0292567585488822,1.02,1.08,-0.0044066809750111,0.0095794513725513,data586.csv,1.0166096015456108,1.0580494326150534,1.0224972847134493,1.050281449388184
588,0.13,0.52,-0.0421513227513227,-0.2060160836043798,6,1.8571428571428568,7.428571428571429,-0.0066906861510036,-0.0327009656514888,1.0185714285714285,1.0742857142857145,-0.0047617171420048,0.0029313537907747,data587.csv,1.0157951047798304,1.0570695547014084,1.0222262809457696,1.049651978669503
589,0.12,0.48,-0.0433395061728395,-0.2340285714741938,6,1.7142857142857142,6.857142857142857,-0.0068792866941015,-0.037147392297491,1.0171428571428571,1.0685714285714285,-0.0050177726357559,-0.0036707718069735,data588.csv,1.01550544332813,1.0566353610350754,1.0220496036962219,1.0495933233237351
590,0.11,0.44,-0.0440187557015143,-0.2530801965550213,6,1.5714285714285714,6.285714285714286,-0.0069871040796054,-0.0401714597706382,1.0157142857142858,1.062857142857143,-0.0053298692259648,-0.0084856987479142,data589.csv,1.015092709563754,1.0565056816446017,1.021292213874681,1.049746451061941
591,0.1,0.4,-0.0434757161101988,-0.271469726736209,6,1.4285714285714286,5.714285714285714,-0.0069009073190791,-0.0430904328152712,1.0142857142857142,1.0571428571428572,-0.0054500185344465,-0.0127318508168338,data590.csv,1.0165183456881357,1.056608177328698,1.0221035503626643,1.050233817841056
592,0.09,0.36,-0.0458367724867724,-0.2894464508766102,6,1.2857142857142858,5.142857142857143,-0.0072756781725035,-0.0459438810915254,1.012857142857143,1.0514285714285714,-0.0057136464206797,-0.0165440102958795,data591.csv,1.017044911928093,1.0571323704962128,1.0218482257016266,1.0510813328409512
593,0.08,0.32,-0.0479289232934553,-0.2999053518177446,6,1.1428571428571428,4.571428571428571,-0.0076077656021357,-0.0476040240980547,1.0114285714285711,1.0457142857142858,-0.0062360749627345,-0.0191359049876833,data592.csv,1.017304359605287,1.0576589185650005,1.0214610100480424,1.0520637443358964
594,0.07,0.28,-0.0462550264550264,-0.3218084719093513,6,1.0000000000000002,4.000000000000001,-0.007342067691274,-0.0510807098268811,1.01,1.04,-0.0062120630287022,-0.0229917661903329,data593.csv,1.0186777976822283,1.0584439010150617,1.0217539403195086,1.0530906111548903
595,0.06,0.24,-0.0482623335157818,-0.3435328214190933,6,0.8571428571428571,3.4285714285714284,-0.0076606878596479,-0.0545290192728719,1.008571428571429,1.0342857142857145,-0.0064501734708357,-0.0261958270769918,data594.csv,1.0206250252649216,1.0594793491737522,1.0227740246144665,1.054259185827255
596,0.05,0.2,-0.0525851020697763,-0.3692737924395424,6,0.7142857142857143,2.857142857142857,-0.0083468415983771,-0.0586148876888162,1.0071428571428571,1.0285714285714285,-0.0072989771945862,-0.0295723000833304,data595.csv,1.0215530365308256,1.0608239363976093,1.022834971309322,1.0552585028144943
597,0.04,0.16,-0.0536064079952968,-0.3843130478604564,6,0.5714285714285714,2.2857142857142856,-0.0085089536500471,-0.0610020710889613,1.0057142857142858,1.022857142857143,-0.0077426276044011,-0.0333550843769853,data596.csv,1.0232945777729432,1.0617957488050709,1.0235765905339853,1.0563729488944826
598,0.03,0.12,-0.0557394179894179,-0.4095155215187044,6,0.4285714285714285,1.7142857142857142,-0.0088475266649869,-0.0650024637331276,1.0042857142857142,1.0171428571428571,-0.0081782485237602,-0.0393533593067113,data597.csv,1.0243776518070706,1.0627237229769155,1.0248388956214765,1.0575917813513656
599,0.02,0.08,-0.0614069512862616,-0.4323277111865151,6,0.2857142857142857,1.1428571428571428,-0.0097471351248034,-0.0686234462200817,1.002857142857143,1.0114285714285711,-0.0095113226644425,-0.0461697412598379,data598.csv,1.024985463829744,1.0641186735384054,1.0250470115792614,1.0587054342547881
600,0.01,0.04,-0.0632984791617796,-0.4560981533636552,6,0.1428571428571428,0.5714285714285714,-0.0100473776447269,-0.0723965322799452,1.0014285714285711,1.0057142857142858,-0.010939317890995,-0.0557618961809862,data599.csv,1.0267485931056628,1.0649635167441558,1.0260015013883423,1.0595355819952315
601,0.0,0.0,-0.0579388888888888,-0.4364156866511489,7,0.0,0.0,-0.0091966490299823,-0.069272331214468,1.0,1.0,-0.0091966490299823,-0.069272331214468,data600.csv,1.0273020350579758,1.0649236922911292,1.0273020350579758,1.0649236922911292
602,0.04,0.01,-0.0313984674329501,-0.3603383397394251,7,0.5714285714285714,0.1428571428571428,-0.0049838837195158,-0.0571965618634008,1.0057142857142858,1.0014285714285711,-0.0049838837195158,-0.0571965618634008,data601.csv,1.0337272712054226,1.06456284803734,1.0337272712054226,1.06456284803734
603,0.08,0.02,-0.0156653665264776,-0.3199895712020575,7,1.1428571428571428,0.2857142857142857,-0.0024865661153139,-0.050791995428898,1.0114285714285711,1.002857142857143,-0.011043073029886,-0.0538646996288446,data602.csv,1.0394901950533195,1.0640670164451458,1.0342461768728703,1.055618084089608
604,0.12,0.03,-0.0045670041963145,-0.2714198799843538,7,1.7142857142857142,0.4285714285714285,-0.0007249213010023,-0.0430825206324371,1.0171428571428571,1.0042857142857142,-0.0076723116571325,-0.0489323102157205,data603.csv,1.0434110026707777,1.0635265119462882,1.0405268711267905,1.0572480045717223
605,0.16,0.04,0.003134656084656,-0.224634524983705,7,2.2857142857142856,0.5714285714285714,0.0004975644578819,-0.0356562738069373,1.022857142857143,1.0057142857142858,-0.0067342529604434,-0.0440943048601295,data604.csv,1.0490796369710278,1.0626617518158878,1.0455059945731464,1.0561486259880648
606,0.2,0.05,0.0111139573070607,-0.2098338231871348,7,2.857142857142857,0.7142857142857143,0.0017641202074699,-0.0333069560614499,1.0285714285714285,1.0071428571428571,-0.0057622201681256,-0.0415080472665724,data605.csv,1.0542362819155506,1.061940944405491,1.0508799242832492,1.0554296252225868
607,0.24,0.06,0.0172937622899308,-0.1759578034910588,7,3.4285714285714284,0.8571428571428571,0.0027450416333223,-0.0279298100779458,1.0342857142857145,1.008571428571429,-0.0048758819836123,-0.0381744790482846,data606.csv,1.058818037291315,1.0613496624682883,1.0545264853642455,1.0553540342730003
608,0.28,0.07,0.020837627889352,-0.1486736922525179,7,4.000000000000001,1.0000000000000002,0.0033075599824368,-0.0235989987702409,1.04,1.01,-0.0043200907831449,-0.0354803018366352,data607.csv,1.062501014807063,1.0606779314421055,1.0584646879862691,1.0544750192548873
609,0.32,0.08,0.0251275862068965,-0.1372686795131091,7,4.571428571428571,1.1428571428571428,0.0039885057471264,-0.021788679287795,1.0457142857142858,1.0114285714285711,-0.003756744438942,-0.033083294045627,data608.csv,1.0677295258818276,1.059700386261858,1.0637049835222123,1.0535273007507464
610,0.36,0.09,0.0300736179529283,-0.1172330310630341,7,5.142857142857143,1.2857142857142858,0.0047735901512584,-0.018608417629053,1.0514285714285714,1.012857142857143,-0.003022250023892,-0.031194457542601,data609.csv,1.0730102398079444,1.0591417054342604,1.0691677621088898,1.0528968943271544
611,0.4,0.1,0.0333060846560846,-0.0970916557054228,7,5.714285714285714,1.4285714285714286,0.0052866801041404,-0.0154113739214956,1.0571428571428572,1.0142857142857142,-0.0024788569748887,-0.0282922473889556,data610.csv,1.0778863217101884,1.058119993456296,1.0730631146518217,1.0521118668827034
612,0.44,0.11,0.0368968801313628,-0.0891221904459158,7,6.285714285714286,1.5714285714285714,0.0058566476398988,-0.0141463794358596,1.062857142857143,1.0157142857142858,-0.0019929923863968,-0.0264028127244076,data611.csv,1.081890997271068,1.0579061817921005,1.0777056522265769,1.0515234164996081
613,0.48,0.12,0.0397509700176366,-0.0773103377256178,7,6.857142857142857,1.7142857142857142,0.0063096777805772,-0.0122714821786694,1.0685714285714285,1.0171428571428571,-0.001626141871535,-0.0255887871512531,data612.csv,1.08728521165493,1.057052144115123,1.0832267008977072,1.050678903345247
614,0.52,0.13,0.0439301729205943,-0.0633235544370162,7,7.428571428571429,1.8571428571428568,0.0069730433207292,-0.0100513578471454,1.0742857142857145,1.0185714285714285,-0.0010580739556595,-0.0241398531040173,data613.csv,1.0928329678727595,1.055708160028928,1.0876172796226946,1.0497961610964301
615,0.56,0.14,0.0485309250136836,-0.0565215515059895,7,8.000000000000002,2.0000000000000004,0.0077033214307434,-0.0089716748422205,1.08,1.02,-0.0005126506906356,-0.0217844812246848,data614.csv,1.0982743965423514,1.0550218669390492,1.0929364876529002,1.0489843516293353
616,0.6,0.15,0.0525664021164021,-0.0484614290736171,7,8.571428571428571,2.142857142857143,0.0083438733518098,-0.0076922903291455,1.0857142857142856,1.0214285714285714,3.552604524140017e-05,-0.0206035281725974,data615.csv,1.1030135635471578,1.0543400891479426,1.0985384367728779,1.0483056055158353
617,0.64,0.16,0.0554412287903667,-0.034129505306145,7,9.142857142857142,2.2857142857142856,0.0088001950460899,-0.0054173817946261,1.0914285714285714,1.022857142857143,0.0004518281769923,-0.0188630585810738,data616.csv,1.109058101108639,1.0528715808932343,1.1047727922676538,1.0473387629548672
618,0.68,0.17,0.0601453658091589,-0.0313596403206493,7,9.714285714285714,2.4285714285714284,0.0095468834617712,-0.0049777206858173,1.0971428571428572,1.0242857142857142,0.0010564678495615,-0.0168051301452602,data617.csv,1.1147868793576612,1.052187665620685,1.1090672306991425,1.0466897391499512
619,0.72,0.18,0.0644248866213152,-0.025327852748719,7,10.285714285714286,2.571428571428572,0.0102261724795738,-0.0040202940870982,1.1028571428571428,1.0257142857142858,0.0016468478925961,-0.0164358820703302,data618.csv,1.1192252258971371,1.0515814475691052,1.114527026376242,1.0460372271410816
620,0.76,0.19,0.0691373015873015,-0.0159506483626705,7,10.857142857142858,2.7142857142857144,0.0109741748551272,-0.0025318489464556,1.1085714285714283,1.0271428571428571,0.0022131294833812,-0.0154302360522756,data619.csv,1.1258212782313612,1.0503063344781047,1.120514348712431,1.0449012356133092
621,0.8,0.2,0.0730097001763668,-0.0138615622814446,7,11.428571428571429,2.857142857142857,0.011588841297836,-0.0022002479811816,1.1142857142857143,1.0285714285714285,0.0025868305034516,-0.0135352183906773,data620.csv,1.1319983924391426,1.0493171428057984,1.1268612218710465,1.0440920301800087
622,0.84,0.21,0.0792915343915344,-0.0100688326596688,7,12.0,3.0,0.012585957839926,-0.0015982274062966,1.12,1.03,0.0033281247608208,-0.0126609885631313,data621.csv,1.138556760869596,1.0488542145751647,1.1322514212701702,1.0436906997859499
623,0.88,0.22,0.0834444444444444,0.0018470264182376,7,12.571428571428571,3.142857142857143,0.0132451499118165,0.0002931787965456,1.1257142857142857,1.0314285714285714,0.0038675988914084,-0.0114139172664815,data622.csv,1.1428559745218925,1.048105948470189,1.1376107214307947,1.0430692112705224
624,0.92,0.23,0.0886164021164021,0.0042799423955066,7,13.142857142857142,3.2857142857142856,0.014066095574032,0.0006793559357946,1.1314285714285717,1.032857142857143,0.0043867802853063,-0.0099686987966304,data623.csv,1.1494697578815656,1.0471318440917234,1.1441902245310789,1.0423734060389338
625,0.96,0.24,0.0941537037037037,0.0114231094525015,7,13.714285714285714,3.4285714285714284,0.0149450323339212,0.0018131919765875,1.137142857142857,1.0342857142857145,0.0049331470683511,-0.009003716204906,data624.csv,1.1563935046477436,1.0462627446333024,1.1513720431952634,1.0419319379699759
626,1.0,0.25,0.1009478835978836,0.024163140515991,7,14.285714285714286,3.571428571428572,0.0160234735869656,0.0038354191295223,1.1428571428571428,1.0357142857142858,0.0057432942951552,-0.0075652402202921,data625.csv,1.1619357580847745,1.045881685565247,1.1562991957901412,1.041323104935542
627,1.04,0.26,0.1085962962962963,0.0333215526394245,7,14.857142857142858,3.7142857142857135,0.0172375073486184,0.0052891353395911,1.1485714285714286,1.0371428571428571,0.0065556996319174,-0.0052850495163627,data626.csv,1.1684629356167924,1.0448998077135452,1.1633764974495695,1.0408919510500871
628,1.08,0.27,0.1160437977660199,0.0426250337896786,7,15.428571428571429,3.857142857142857,0.0184196504390507,0.006765878379314,1.1542857142857144,1.0385714285714285,0.0073179128990416,-0.0040649448404342,data627.csv,1.175057714620565,1.043524842279877,1.1705029243560803,1.0398281245034475
629,1.12,0.28,0.1241387520525451,0.0511555780552357,7,16.000000000000004,4.000000000000001,0.0197045638178643,0.0081199330246405,1.16,1.04,0.0081580969157109,-0.0029256199778908,data628.csv,1.1814524830186532,1.0427854940891763,1.1758371618627734,1.0397454769318828
630,1.16,0.29,0.1354001733260354,0.0683125214861035,7,16.57142857142857,4.142857142857142,0.0214920910041326,0.0108432573787465,1.1657142857142857,1.0414285714285714,0.0093754666191721,-0.0005509191999611,data629.csv,1.1873061980708608,1.0420695894314844,1.1825428777855544,1.038954343628939
631,1.2,0.3,0.144906796205072,0.0715043757754391,7,17.142857142857142,4.285714285714286,0.0230010787627098,0.0113499009167363,1.1714285714285717,1.042857142857143,0.0104637797921577,0.0011762321052236,data630.csv,1.1938587296234862,1.040984799192939,1.1895962151563924,1.038432969445632
632,1.24,0.31,0.1563226874657909,0.0931653791366371,7,17.714285714285715,4.428571428571429,0.0248131249945699,0.0147881554185138,1.177142857142857,1.0442857142857145,0.0116666196065484,0.0032305232608614,data631.csv,1.2002998027496643,1.0405746975274537,1.1964488117858063,1.0379654325164198
633,1.28,0.32,0.1679242317616701,0.1164857430320459,7,18.285714285714285,4.571428571428571,0.0266546399621698,0.0184898004812771,1.1828571428571428,1.0457142857142858,0.0128472452351371,0.0061783208190267,data632.csv,1.2044767024602063,1.0401335504172733,1.200339448571872,1.0379402470253496
634,1.32,0.33,0.1818464696223317,0.1272721558667245,7,18.857142857142858,4.714285714285714,0.0288645189876716,0.0202019295026546,1.1885714285714286,1.0471428571428572,0.0143678226079703,0.007662413384514,data633.csv,1.2115530883003462,1.039233190464787,1.2078084619813718,1.0373466831437983
635,1.36,0.34,0.1990748677248677,0.152729575273867,7,19.428571428571427,4.857142857142857,0.0315991853531536,0.0242427897260106,1.1942857142857144,1.0485714285714285,0.0161245316742521,0.0100863611245216,data634.csv,1.2184856123621626,1.0386181121379028,1.2146611853239966,1.0368404121300077
636,1.4,0.35,0.21631833201565,0.1799899355330635,7,20.0,5.0,0.0343362431770873,0.0285698310369942,1.2,1.05,0.0179548161727204,0.0135115499357582,data635.csv,1.224977502600684,1.037891179106955,1.220239443800339,1.0363672280151142
637,1.44,0.36,0.2350659551176792,0.1991858388597264,7,20.571428571428573,5.142857142857143,0.0373120563678855,0.0316167998190041,1.2057142857142855,1.0514285714285714,0.0199495110091715,0.0161325851295636,data636.csv,1.229764290005178,1.0367467914417516,1.2261276359481488,1.035666028346462
638,1.48,0.37,0.2571003694581281,0.2282871954130712,7,21.142857142857142,5.285714285714286,0.0408095824536711,0.0362360627639795,1.2114285714285713,1.052857142857143,0.0224309103164467,0.0189380690771226,data637.csv,1.2374485210933446,1.036423449800059,1.2338368159992035,1.0353076027497683
639,1.52,0.38,0.2813780788177339,0.2626922169773509,7,21.714285714285715,5.428571428571429,0.044663187113926,0.0416971772979922,1.217142857142857,1.0542857142857145,0.0251480547519135,0.0224998450264449,data638.csv,1.2430816311645083,1.0362695104834152,1.240386685583839,1.0351702060985999
640,1.56,0.39,0.3101339432324654,0.2990896229679428,7,22.285714285714285,5.571428571428571,0.0492276100368992,0.0474745433282448,1.2228571428571429,1.0557142857142856,0.0283816449404063,0.0277122252119694,data639.csv,1.2497494893494754,1.0355269798209086,1.2461260194952817,1.0347192085455656
641,1.6,0.4,0.3398161375661376,0.3290530287499318,7,22.857142857142858,5.714285714285714,0.0539390694549424,0.0522306394841161,1.2285714285714286,1.0571428571428572,0.0318849517669988,0.0314429438862998,data640.csv,1.2545176630174937,1.0351283222656422,1.2524092968098033,1.034223796144142
642,1.64,0.41,0.379978995621237,0.3948342113250943,7,23.428571428571427,5.857142857142857,0.0603141262890852,0.0626720970357292,1.2342857142857142,1.0585714285714285,0.0366293903470285,0.0390495135566527,data641.csv,1.2622638861616933,1.0349874543166089,1.2599430197463701,1.034030198343952
643,1.68,0.42,0.4232223773034118,0.4486104998073089,7,24.0,6.0,0.0671781551275256,0.0712080158424299,1.24,1.06,0.042199179468053,0.0473551737035704,data642.csv,1.268009402824201,1.033973103882021,1.2666795685304697,1.0337720061127496
644,1.72,0.43,0.4690588787239034,0.4865992530452112,7,24.571428571428573,6.142857142857143,0.0744537902736354,0.077237976673843,1.2457142857142858,1.0614285714285714,0.0480689599320844,0.053123505557077,data643.csv,1.274929761628327,1.0345537869581156,1.2722825164158766,1.0335667476874022
645,1.76,0.44,0.5248834154351396,0.5573641098302055,7,25.142857142857142,6.285714285714286,0.0833148278468475,0.0884704936238421,1.2514285714285711,1.062857142857143,0.055392821666768,0.0628435164884026,data644.csv,1.2797086305913374,1.0339620593820982,1.278313112739451,1.0337159637775017
646,1.8,0.45,0.5901280788177341,0.6360962554413631,7,25.714285714285715,6.428571428571429,0.0936711236218625,0.1009676595938671,1.2571428571428571,1.0642857142857145,0.0648785414548961,0.0765853309145871,data645.csv,1.2858219167177751,1.0338178925181438,1.284969504218676,1.0332204276576165
647,1.84,0.46,0.6522411056376574,0.6838078159870739,7,26.285714285714285,6.571428571428571,0.1035303342281995,0.1085409231725514,1.262857142857143,1.0657142857142856,0.074770269154916,0.0858748224568246,data646.csv,1.2919826900831866,1.0334001258687964,1.2900029233604808,1.0332991206888882
648,1.88,0.47,0.7323494708994709,0.7717193401315788,7,26.857142857142858,6.714285714285714,0.1162459477618207,0.1224951333542188,1.268571428571429,1.0671428571428572,0.0878446313817139,0.1006869921082236,data647.csv,1.2967384757993294,1.0325983424653082,1.2957248403518236,1.0325553068776943
649,1.92,0.48,0.8223442802408321,0.8632676843934194,7,27.428571428571427,6.857142857142857,0.1305308381334654,0.137026616570384,1.2742857142857142,1.0685714285714285,0.1047649151614668,0.1194613257915915,data648.csv,1.302945361451601,1.0343175372571245,1.3019809791016292,1.0340682449056313
650,1.96,0.49,0.9174224867724868,0.9331273102061662,7,28.0,7.0,0.1456226169480138,0.1481154460644708,1.28,1.07,0.1261133432087181,0.1369758253168003,data649.csv,1.3092886641093382,1.0331444801593288,1.3081448888581273,1.0330937617275022
651,2.0,0.5,0.9143984674329502,0.949735108281322,7,28.571428571428573,7.142857142857143,0.145142613878246,0.1507516044890987,1.2857142857142858,1.0714285714285714,0.145142613878246,0.1507516044890987,data650.csv,1.3106822753798446,1.0338355377812916,1.3106822753798446,1.0338355377812916
652,1.96,0.49,0.6716056376573618,0.7927680887855185,7,28.0,7.0,0.1066040694694225,0.1258362045691299,1.28,1.07,0.1261133432087181,0.1369758253168003,data651.csv,1.3070011136069164,1.0330430432956756,1.3081448888581273,1.0330937617275022
653,1.92,0.48,0.4976936507936508,0.6419450205806346,7,27.428571428571427,6.857142857142857,0.0789989921894683,0.1018960350127991,1.2742857142857142,1.0685714285714285,0.1047649151614668,0.1194613257915915,data652.csv,1.3010165967516576,1.0338189525541384,1.3019809791016292,1.0340682449056313
654,1.88,0.47,0.3744928845101259,0.4969367604320397,7,26.857142857142858,6.714285714285714,0.0594433150016072,0.0788788508622285,1.268571428571429,1.0671428571428572,0.0878446313817139,0.1006869921082236,data653.csv,1.2947112049043177,1.03251227129008,1.2957248403518236,1.0325553068776943
655,1.84,0.46,0.2898642857142857,0.3982149469689168,7,26.285714285714285,6.571428571428571,0.0460102040816326,0.0632087217410979,1.262857142857143,1.0657142857142856,0.074770269154916,0.0858748224568246,data654.csv,1.2880231566377751,1.0331981155089802,1.2900029233604808,1.0332991206888882
656,1.8,0.45,0.2273415435139573,0.3288789140824352,7,25.714285714285715,6.428571428571429,0.0360859592879297,0.0522030022353071,1.2571428571428571,1.0642857142857145,0.0648785414548961,0.0765853309145871,data655.csv,1.284117091719577,1.032622962797089,1.284969504218676,1.0332204276576165
657,1.76,0.44,0.1730661375661376,0.2344641979236684,7,25.142857142857142,6.285714285714286,0.0274708154866885,0.0372165393529632,1.2514285714285711,1.062857142857143,0.055392821666768,0.0628435164884026,data656.csv,1.2769175948875644,1.0334698681729055,1.278313112739451,1.0337159637775017
658,1.72,0.43,0.1366100164203612,0.1827569169739604,7,24.571428571428573,6.142857142857143,0.0216841295905335,0.0290090344403111,1.2457142857142858,1.0614285714285714,0.0480689599320844,0.053123505557077,data657.csv,1.2696352712034262,1.0325797084166886,1.2722825164158766,1.0335667476874022
659,1.68,0.42,0.1084872839940574,0.1480646888576787,7,24.0,6.0,0.0172202038085805,0.0235023315647109,1.24,1.06,0.042199179468053,0.0473551737035704,data658.csv,1.2653497342367386,1.033570908343478,1.2666795685304697,1.0337720061127496
660,1.64,0.41,0.0815513227513227,0.0971896594887311,7,23.428571428571427,5.857142857142857,0.0129446544049718,0.0154269300775763,1.2342857142857142,1.0585714285714285,0.0366293903470285,0.0390495135566527,data659.csv,1.2576221533310468,1.0330729423712948,1.2599430197463701,1.034030198343952
661,1.6,0.4,0.0619342546980478,0.0671280642174477,7,22.857142857142858,5.714285714285714,0.0098308340790552,0.0106552482884837,1.2285714285714286,1.0571428571428572,0.0318849517669988,0.0314429438862998,data660.csv,1.250300930602113,1.0333192700226417,1.2524092968098033,1.034223796144142
662,1.56,0.39,0.0474747830166549,0.0500844147028724,7,22.285714285714285,5.571428571428571,0.0075356798439134,0.007949907095694,1.2228571428571429,1.0557142857142856,0.0283816449404063,0.0277122252119694,data661.csv,1.2425025496410878,1.0339114372702227,1.2461260194952817,1.0347192085455656
663,1.52,0.38,0.0354874110563765,0.0208058303558558,7,21.714285714285715,5.428571428571429,0.005632922389901,0.0033025127548977,1.217142857142857,1.0542857142857145,0.0251480547519135,0.0224998450264449,data662.csv,1.23769174000317,1.0340709017137848,1.240386685583839,1.0351702060985999
664,1.48,0.37,0.0255291005291005,0.0103324749586751,7,21.142857142857142,5.285714285714286,0.0040522381792223,0.0016400753902658,1.2114285714285713,1.052857142857143,0.0224309103164467,0.0189380690771226,data663.csv,1.2302251109050626,1.0341917556994775,1.2338368159992035,1.0353076027497683
665,1.44,0.36,0.0162978835978835,0.0040847337727759,7,20.571428571428573,5.142857142857143,0.0025869656504576,0.0006483704401231,1.2057142857142855,1.0514285714285714,0.0199495110091715,0.0161325851295636,data664.csv,1.2224909818911196,1.0345852652511722,1.2261276359481488,1.035666028346462
666,1.4,0.35,0.0099123517606276,-0.0097444063425105,7,20.0,5.0,0.0015733891683535,-0.0015467311654778,1.2,1.05,0.0179548161727204,0.0135115499357582,data665.csv,1.2155013849999938,1.0348432769232736,1.220239443800339,1.0363672280151142
667,1.36,0.34,0.0040942313707092,-0.0256414251048952,7,19.428571428571427,4.857142857142857,0.0006498779953506,-0.0040700674769674,1.1942857142857144,1.0485714285714285,0.0161245316742521,0.0100863611245216,data666.csv,1.2108367582858306,1.0350627121221123,1.2146611853239966,1.0368404121300077
668,1.32,0.33,-0.0008119047619047,-0.0307257472218472,7,18.857142857142858,4.714285714285714,-0.0001288737717309,-0.0048771027336265,1.1885714285714286,1.0471428571428572,0.0143678226079703,0.007662413384514,data667.csv,1.2040638356623976,1.0354601758228097,1.2078084619813718,1.0373466831437983
669,1.28,0.32,-0.0060489417989417,-0.0386389007123094,7,18.285714285714285,4.571428571428571,-0.0009601494918955,-0.0061331588432237,1.1828571428571428,1.0457142857142858,0.0128472452351371,0.0061783208190267,data668.csv,1.1962021946835375,1.035746943633426,1.200339448571872,1.0379402470253496
670,1.24,0.31,-0.0093232804232804,-0.0524607860497835,7,17.714285714285715,4.428571428571429,-0.001479885781473,-0.008327108896791,1.177142857142857,1.0442857142857145,0.0116666196065484,0.0032305232608614,data669.csv,1.192597820821948,1.035356167505386,1.1964488117858063,1.0379654325164198
671,1.2,0.3,-0.0130631708238851,-0.0566838512496203,7,17.142857142857142,4.285714285714286,-0.0020735191783944,-0.0089974367062889,1.1714285714285717,1.042857142857143,0.0104637797921577,0.0011762321052236,data670.csv,1.1853337006892986,1.035881139698325,1.1895962151563924,1.038432969445632
672,1.16,0.29,-0.0172692939244663,-0.0752541034056141,7,16.57142857142857,4.142857142857142,-0.0027411577657883,-0.0119450957786689,1.1657142857142857,1.0414285714285714,0.0093754666191721,-0.0005509191999611,data671.csv,1.177779557500248,1.0358390978263938,1.1825428777855544,1.038954343628939
673,1.12,0.28,-0.021346730914588,-0.0880183897766599,7,16.000000000000004,4.000000000000001,-0.0033883699864425,-0.0139711729804222,1.16,1.04,0.0081580969157109,-0.0029256199778908,data672.csv,1.1702218407068938,1.0367054597745895,1.1758371618627734,1.0397454769318828
674,1.08,0.27,-0.0238380952380952,-0.0938433387791494,7,15.428571428571429,3.857142857142857,-0.0037838246409674,-0.0148957680601824,1.1542857142857144,1.0385714285714285,0.0073179128990416,-0.0040649448404342,data673.csv,1.1659481340915956,1.0361314067270178,1.1705029243560803,1.0398281245034475
675,1.04,0.26,-0.0259944809341361,-0.0999131765455951,7,14.857142857142858,3.7142857142857135,-0.0041261080847835,-0.0158592343723166,1.1485714285714286,1.0371428571428571,0.0065556996319174,-0.0052850495163627,data674.csv,1.1582900592823464,1.036884094386629,1.1633764974495695,1.0408919510500871
676,1.0,0.25,-0.0285823754789272,-0.1194851672916717,7,14.285714285714286,3.571428571428572,-0.0045368849966551,-0.0189658995701066,1.1428571428571428,1.0357142857142858,0.0057432942951552,-0.0075652402202921,data675.csv,1.1506626334955077,1.036764524305837,1.1562991957901412,1.041323104935542
677,0.96,0.24,-0.0319960506424792,-0.1248699336343174,7,13.714285714285714,3.4285714285714284,-0.0050787381972189,-0.0198206243863995,1.137142857142857,1.0342857142857145,0.0049331470683511,-0.009003716204906,data676.csv,1.1463505817427833,1.037601131306649,1.1513720431952634,1.0419319379699759
678,0.92,0.23,-0.0333429705215419,-0.1298855472330495,7,13.142857142857142,3.2857142857142856,-0.0052925350034193,-0.0206167535290554,1.1314285714285717,1.032857142857143,0.0043867802853063,-0.0099686987966304,data677.csv,1.1389106911805922,1.0376149679861442,1.1441902245310789,1.0423734060389338
679,0.88,0.22,-0.0347126984126984,-0.1456623839759042,7,12.571428571428571,3.142857142857143,-0.0055099521289997,-0.0231210133295086,1.1257142857142857,1.0314285714285714,0.0038675988914084,-0.0114139172664815,data678.csv,1.1323654683396969,1.038032474070856,1.1376107214307947,1.0430692112705224
680,0.84,0.21,-0.0373571624051919,-0.1494596232357867,7,12.0,3.0,-0.0059297083182844,-0.0237237497199661,1.12,1.03,0.0033281247608208,-0.0126609885631313,data679.csv,1.1259460816707445,1.0385271849967348,1.1322514212701702,1.0436906997859499
681,0.8,0.2,-0.0404156358328772,-0.1566821894410905,7,11.428571428571429,2.857142857142857,-0.0064151802909328,-0.024870188800173,1.1142857142857143,1.0285714285714285,0.0025868305034516,-0.0135352183906773,data680.csv,1.1217240513029505,1.038866917554219,1.1268612218710465,1.0440920301800087
682,0.76,0.19,-0.0412518700966976,-0.1784703258960029,7,10.857142857142858,2.7142857142857144,-0.0065479158883646,-0.0283286231580957,1.1085714285714283,1.0271428571428571,0.0022131294833812,-0.0154302360522756,data681.csv,1.1152074191935004,1.0394961367485138,1.120514348712431,1.0449012356133092
683,0.72,0.18,-0.0436746031746031,-0.1817642613374425,7,10.285714285714286,2.571428571428572,-0.0069324766943814,-0.0288514700535623,1.1028571428571428,1.0257142857142858,0.0016468478925961,-0.0164358820703302,data682.csv,1.109828826855347,1.0404930067130582,1.114527026376242,1.0460372271410816
684,0.68,0.17,-0.0468338709046837,-0.1803849995096303,7,9.714285714285714,2.4285714285714284,-0.0074339477626482,-0.0286325396047032,1.0971428571428572,1.0242857142857142,0.0010564678495615,-0.0168051301452602,data683.csv,1.103347582040624,1.0411918126792172,1.1090672306991425,1.0466897391499512
685,0.64,0.16,-0.0497481937602627,-0.2035450328153858,7,9.142857142857142,2.2857142857142856,-0.0078965386921051,-0.0323087353675215,1.0914285714285714,1.022857142857143,0.0004518281769923,-0.0188630585810738,data684.csv,1.100487483426669,1.0418059450164998,1.1047727922676538,1.0473387629548672
686,0.6,0.15,-0.0521187739463601,-0.2111430259011109,7,8.571428571428571,2.142857142857143,-0.008272821261327,-0.0335147660160493,1.0857142857142856,1.0214285714285714,3.552604524140017e-05,-0.0206035281725974,data685.csv,1.0940633099985977,1.042271121883728,1.0985384367728779,1.0483056055158353
687,0.56,0.14,-0.0549903237156931,-0.2179629119250398,7,8.000000000000002,2.0000000000000004,-0.0087286228120147,-0.0345972876071491,1.08,1.02,-0.0005126506906356,-0.0217844812246848,data686.csv,1.0875985787634488,1.0429468363196213,1.0929364876529002,1.0489843516293353
688,0.52,0.13,-0.0572619047619047,-0.2408385946736031,7,7.428571428571429,1.8571428571428568,-0.0090891912320483,-0.0382283483608893,1.0742857142857145,1.0185714285714285,-0.0010580739556595,-0.0241398531040173,data687.csv,1.08240159137263,1.043884162163932,1.0876172796226946,1.0497961610964301
689,0.48,0.12,-0.0602403575989782,-0.2451083803801725,7,6.857142857142857,1.7142857142857142,-0.0095619615236473,-0.0389060921238369,1.0685714285714285,1.0171428571428571,-0.001626141871535,-0.0255887871512531,data688.csv,1.0791681901404844,1.044305662575371,1.0832267008977072,1.050678903345247
690,0.44,0.11,-0.0620085841999635,-0.2435532498816205,7,6.285714285714286,1.5714285714285714,-0.0098426324126926,-0.0386592460129556,1.062857142857143,1.0157142857142858,-0.0019929923863968,-0.0264028127244076,data689.csv,1.0735203071820858,1.0451406512071155,1.0777056522265769,1.0515234164996081
691,0.4,0.1,-0.0645396825396825,-0.2593906613954189,7,5.714285714285714,1.4285714285714286,-0.0102443940539178,-0.0411731208564156,1.0571428571428572,1.0142857142857142,-0.0024788569748887,-0.0282922473889556,data690.csv,1.0682399075934548,1.046103740309111,1.0730631146518217,1.0521118668827034
692,0.36,0.09,-0.0681539682539682,-0.275817133973739,7,5.142857142857143,1.2857142857142858,-0.0108180901990425,-0.043780497456149,1.0514285714285714,1.012857142857143,-0.003022250023892,-0.031194457542601,data691.csv,1.065325284409835,1.0466520832200483,1.0691677621088898,1.0528968943271544
693,0.32,0.08,-0.0724625661375661,-0.2795808254617919,7,4.571428571428571,1.1428571428571428,-0.0115019946250104,-0.044377908803459,1.0457142857142858,1.0114285714285711,-0.003756744438942,-0.033083294045627,data692.csv,1.059680441162597,1.047354215239635,1.0637049835222123,1.0535273007507464
694,0.28,0.07,-0.0752707717569786,-0.2983781108890864,7,4.000000000000001,1.0000000000000002,-0.0119477415487267,-0.0473616049030295,1.04,1.01,-0.0043200907831449,-0.0354803018366352,data693.csv,1.054428361165475,1.048272107067669,1.0584646879862691,1.0544750192548873
695,0.24,0.06,-0.0787298752834467,-0.3050406325173285,7,3.4285714285714284,0.8571428571428571,-0.012496805600547,-0.0484191480186235,1.0342857142857145,1.008571428571429,-0.0048758819836123,-0.0381744790482846,data694.csv,1.050234933437176,1.0493584060777124,1.0545264853642455,1.0553540342730003
696,0.2,0.05,-0.0837179314254437,-0.3131675723716789,7,2.857142857142857,0.7142857142857143,-0.0132885605437212,-0.049709138471695,1.0285714285714285,1.0071428571428571,-0.0057622201681256,-0.0415080472665724,data695.csv,1.047523566650948,1.0489183060396827,1.0508799242832492,1.0554296252225868
697,0.16,0.04,-0.0879862433862433,-0.3309537162539285,7,2.2857142857142856,0.5714285714285714,-0.0139660703787687,-0.0525323359133219,1.022857142857143,1.0057142857142858,-0.0067342529604434,-0.0440943048601295,data696.csv,1.0419323521752648,1.049635500160242,1.0455059945731464,1.0561486259880648
698,0.12,0.03,-0.0921041226835562,-0.3451272287337256,7,1.7142857142857142,0.4285714285714285,-0.0146197020132628,-0.054782099799004,1.0171428571428571,1.0042857142857142,-0.0076723116571325,-0.0489323102157205,data697.csv,1.0376427395828032,1.0509694971971564,1.0405268711267905,1.0572480045717223
699,0.08,0.02,-0.0965243568691844,-0.3490266258915535,7,1.1428571428571428,0.2857142857142857,-0.0153213264871721,-0.055401051728818,1.0114285714285711,1.002857142857143,-0.011043073029886,-0.0538646996288446,data698.csv,1.0340503911142942,1.0511386811634544,1.0342461768728703,1.055618084089608
700,0.04,0.01,-0.0965243568691844,-0.3490266258915535,7,1.1428571428571428,0.2857142857142857,-0.0153213264871721,-0.055401051728818,1.0114285714285711,1.002857142857143,-0.011043073029886,-0.0538646996288446,data699.csv,1.029197944450997,1.051648554660224,1.0342461768728703,1.055618084089608
